{"plays": [{"playDate": "2018-01-16T23:16:21.000+0000", "artistId": 1915, "songId": 24633204, "state": "OH", "style": "ROCK - HARD ROCK", "latitude": 40.19036, "longitude": -82.66925}, {"playDate": "2018-01-16T23:17:18.000+0000", "artistId": 1915, "songId": 92573207, "state": "NY", "style": "ROCK - HARD ROCK", "latitude": 40.705627, "longitude": -73.97968}, {"playDate": "2018-01-16T23:26:42.000+0000", "artistId": 1915, "songId": 24633207, "state": "MI", "style": "ROCK - HARD ROCK", "latitude": 44.94356, "longitude": -86.4158}, {"playDate": "2018-01-16T23:32:46.000+0000", "artistId": 1915, "songId": 26352513, "state": "OK", "style": "ROCK", "latitude": 35.309765, "longitude": -98.71656}, {"playDate": "2018-01-16T23:33:43.000+0000", "artistId": 1915, "songId": 92573207, "state": "CO", "style": "ROCK - HARD ROCK", "latitude": 38.997932, "longitude": -105.55057}, {"playDate": "2018-01-16T23:36:54.000+0000", "artistId": 1915, "songId": 92732008, "state": "WV", "style": "ROCK - HARD ROCK", "latitude": 38.92017, "longitude": -80.181694}, {"playDate": "2018-01-16T23:41:54.000+0000", "artistId": 1915, "songId": 92539408, "state": "WA", "style": "ROCK - HARD ROCK", "latitude": 38.89935, "longitude": -77.014565}, {"playDate": "2018-01-16T23:47:18.000+0000", "artistId": 1915, "songId": 24633202, "state": "IL", "style": "ROCK - HARD ROCK", "latitude": 39.73932, "longitude": -89.50414}, {"playDate": "2018-01-16T23:50:19.000+0000", "artistId": 1915, "songId": 24633204, "state": "IN", "style": "ROCK - HARD ROCK", "latitude": 39.76622, "longitude": -86.44128}], "totalRecordsCount": 9}