{"plays": [{"playDate": "2018-01-15T00:01:16.000+0000", "artistId": 1915, "songId": 24633207, "state": "GA", "style": "ROCK - HARD ROCK", "latitude": 32.678123, "longitude": -83.22298}, {"playDate": "2018-01-15T00:08:47.000+0000", "artistId": 1915, "songId": 24633208, "state": "MN", "style": "ROCK - HARD ROCK", "latitude": 46.44186, "longitude": -93.36552}, {"playDate": "2018-01-15T00:09:54.000+0000", "artistId": 1915, "songId": 24633207, "state": "MD", "style": "ROCK - HARD ROCK", "latitude": 38.80635, "longitude": -77.26842}, {"playDate": "2018-01-15T00:11:29.000+0000", "artistId": 1915, "songId": 24633212, "state": "IL", "style": "ROCK - HARD ROCK", "latitude": 39.73932, "longitude": -89.50414}, {"playDate": "2018-01-15T00:11:38.000+0000", "artistId": 1915, "songId": 92398506, "state": "IL", "style": "ROCK - HARD ROCK", "latitude": 39.73932, "longitude": -89.50414}, {"playDate": "2018-01-15T00:19:29.000+0000", "artistId": 1915, "songId": 92398502, "state": "MN", "style": "ROCK - HARD ROCK", "latitude": 46.44186, "longitude": -93.36552}, {"playDate": "2018-01-15T00:30:37.000+0000", "artistId": 1915, "songId": 92398506, "state": "TX", "style": "ROCK - HARD ROCK", "latitude": 31.169336, "longitude": -100.07684}, {"playDate": "2018-01-15T00:31:30.000+0000", "artistId": 1915, "songId": 24633203, "state": "MO", "style": "ROCK - HARD ROCK", "latitude": 38.30466, "longitude": -92.437096}, {"playDate": "2018-01-15T00:36:04.000+0000", "artistId": 1915, "songId": 92659409, "state": "NC", "style": "ROCK - HARD ROCK", "latitude": 35.21456, "longitude": -79.891266}], "totalRecordsCount": 9}