{"plays": [{"playDate": "2018-11-08T23:20:03.000+0000", "artistId": 1915, "songId": 92732010, "state": "CA", "style": "ROCK - HARD ROCK", "latitude": 37.271873, "longitude": -119.27042}, {"playDate": "2018-11-08T23:25:10.000+0000", "artistId": 1915, "songId": 26352502, "state": "NJ", "style": "ROCK", "latitude": 40.143005, "longitude": -74.73112}, {"playDate": "2018-11-08T23:33:01.000+0000", "artistId": 1915, "songId": 24633204, "state": "BC", "style": "ROCK - HARD ROCK", "latitude": 49.09996, "longitude": -116.5167}, {"playDate": "2018-11-08T23:34:23.000+0000", "artistId": 1915, "songId": 92659409, "state": "SC", "style": "ROCK - HARD ROCK", "latitude": 33.62505, "longitude": -80.94704}, {"playDate": "2018-11-08T23:35:57.000+0000", "artistId": 1915, "songId": 24633207, "state": "NE", "style": "ROCK - HARD ROCK", "latitude": 41.50082, "longitude": -99.6809}, {"playDate": "2018-11-08T23:41:15.000+0000", "artistId": 1915, "songId": 24633207, "state": "PA", "style": "ROCK - HARD ROCK", "latitude": 40.994595, "longitude": -77.6047}, {"playDate": "2018-11-08T23:44:21.000+0000", "artistId": 1915, "songId": 92732010, "state": "WI", "style": "ROCK - HARD ROCK", "latitude": 44.786297, "longitude": -89.826706}, {"playDate": "2018-11-08T23:47:32.000+0000", "artistId": 1915, "songId": 92341507, "state": "IL", "style": "ROCK - HARD ROCK", "latitude": 39.73932, "longitude": -89.50414}, {"playDate": "2018-11-08T23:51:46.000+0000", "artistId": 1915, "songId": 92732010, "state": "IL", "style": "ROCK - HARD ROCK", "latitude": 39.73932, "longitude": -89.50414}, {"playDate": "2018-11-08T23:55:01.000+0000", "artistId": 1915, "songId": 92573207, "state": "WI", "style": "ROCK - HARD ROCK", "latitude": 44.786297, "longitude": -89.826706}, {"playDate": "2018-11-08T23:56:38.000+0000", "artistId": 1915, "songId": 92732008, "state": "FL", "style": "ROCK - HARD ROCK", "latitude": 27.975727, "longitude": -83.833015}, {"playDate": "2018-11-08T23:58:47.000+0000", "artistId": 1915, "songId": 24633209, "state": "NC", "style": "ROCK - HARD ROCK", "latitude": 35.21456, "longitude": -79.891266}], "totalRecordsCount": 12}