{"plays": [{"playDate": "2018-11-06T00:03:29.000+0000", "artistId": 1915, "songId": 92398502, "state": "FL", "style": "ROCK - HARD ROCK", "latitude": 27.975727, "longitude": -83.833015}, {"playDate": "2018-11-06T00:06:51.000+0000", "artistId": 1915, "songId": 92573207, "state": "MO", "style": "ROCK - HARD ROCK", "latitude": 38.30466, "longitude": -92.437096}, {"playDate": "2018-11-06T00:10:17.000+0000", "artistId": 1915, "songId": 92398506, "state": "AZ", "style": "ROCK - HARD ROCK", "latitude": 34.168217, "longitude": -111.93091}, {"playDate": "2018-11-06T00:11:50.000+0000", "artistId": 1915, "songId": 92732001, "state": "MN", "style": "ROCK - HARD ROCK", "latitude": 46.44186, "longitude": -93.36552}, {"playDate": "2018-11-06T00:19:04.000+0000", "artistId": 1915, "songId": 92573207, "state": "IA", "style": "ROCK - HARD ROCK", "latitude": 41.938316, "longitude": -93.3898}, {"playDate": "2018-11-06T00:26:08.000+0000", "artistId": 1915, "songId": 92659409, "state": "KY", "style": "ROCK - HARD ROCK", "latitude": 37.822292, "longitude": -85.76824}, {"playDate": "2018-11-06T00:38:36.000+0000", "artistId": 1915, "songId": 92398506, "state": "IL", "style": "ROCK - HARD ROCK", "latitude": 39.73932, "longitude": -89.50414}, {"playDate": "2018-11-06T00:40:56.000+0000", "artistId": 1915, "songId": 92659409, "state": "MI", "style": "ROCK - HARD ROCK", "latitude": 44.94356, "longitude": -86.4158}], "totalRecordsCount": 8}