{"plays": [{"playDate": "2018-04-22T23:09:38.000+0000", "artistId": 1915, "songId": 24633204, "state": "NJ", "style": "ROCK - HARD ROCK", "latitude": 40.143005, "longitude": -74.73112}, {"playDate": "2018-04-22T23:10:34.000+0000", "artistId": 1915, "songId": 92341507, "state": "LA", "style": "ROCK - HARD ROCK", "latitude": 30.973377, "longitude": -91.42991}, {"playDate": "2018-04-22T23:19:14.000+0000", "artistId": 1915, "songId": 26352513, "state": "IN", "style": "ROCK", "latitude": 39.76622, "longitude": -86.44128}, {"playDate": "2018-04-22T23:32:01.000+0000", "artistId": 1915, "songId": 24633204, "state": "CO", "style": "ROCK - HARD ROCK", "latitude": 38.997932, "longitude": -105.55057}, {"playDate": "2018-04-22T23:32:04.000+0000", "artistId": 1915, "songId": 92398506, "state": "MT", "style": "ROCK - HARD ROCK", "latitude": 46.6798, "longitude": -110.044785}, {"playDate": "2018-04-22T23:33:34.000+0000", "artistId": 1915, "songId": 24633204, "state": "WA", "style": "ROCK - HARD ROCK", "latitude": 38.89935, "longitude": -77.014565}, {"playDate": "2018-04-22T23:42:27.000+0000", "artistId": 1915, "songId": 24633204, "state": "VA", "style": "ROCK - HARD ROCK", "latitude": 38.003384, "longitude": -79.458786}, {"playDate": "2018-04-22T23:46:33.000+0000", "artistId": 1915, "songId": 92398502, "state": "WA", "style": "ROCK - HARD ROCK", "latitude": 38.89935, "longitude": -77.014565}, {"playDate": "2018-04-22T23:49:24.000+0000", "artistId": 1915, "songId": 92398506, "state": "WI", "style": "ROCK - HARD ROCK", "latitude": 44.786297, "longitude": -89.826706}, {"playDate": "2018-04-22T23:52:24.000+0000", "artistId": 1915, "songId": 92739110, "state": "QC", "style": "ROCK - HARD ROCK", "latitude": 49.82258, "longitude": -64.34799}, {"playDate": "2018-04-22T23:53:07.000+0000", "artistId": 1915, "songId": 24625401, "state": "FL", "style": "ROCK - HARD ROCK", "latitude": 27.975727, "longitude": -83.833015}, {"playDate": "2018-04-22T23:54:25.000+0000", "artistId": 1915, "songId": 27896108, "state": "NY", "style": "ROCK - HARD ROCK", "latitude": 40.705627, "longitude": -73.97968}, {"playDate": "2018-04-22T23:55:54.000+0000", "artistId": 1915, "songId": 24633204, "state": "PA", "style": "ROCK - HARD ROCK", "latitude": 40.994595, "longitude": -77.6047}, {"playDate": "2018-04-22T23:57:57.000+0000", "artistId": 1915, "songId": 92367701, "state": "NY", "style": "ROCK - HARD ROCK", "latitude": 40.705627, "longitude": -73.97968}, {"playDate": "2018-04-22T23:58:00.000+0000", "artistId": 1915, "songId": 24633207, "state": "NY", "style": "ROCK - HARD ROCK", "latitude": 40.705627, "longitude": -73.97968}], "totalRecordsCount": 15}