{"plays": [{"playDate": "2018-04-21T00:02:16.000+0000", "artistId": 1915, "songId": 92398506, "state": "TN", "style": "ROCK - HARD ROCK", "latitude": 35.83052, "longitude": -85.9786}, {"playDate": "2018-04-21T00:06:36.000+0000", "artistId": 1915, "songId": 24633209, "state": "IA", "style": "ROCK - HARD ROCK", "latitude": 41.938316, "longitude": -93.3898}, {"playDate": "2018-04-21T00:06:49.000+0000", "artistId": 1915, "songId": 24633212, "state": "TX", "style": "ROCK - HARD ROCK", "latitude": 31.169336, "longitude": -100.07684}, {"playDate": "2018-04-21T00:07:36.000+0000", "artistId": 1915, "songId": 92398502, "state": "IN", "style": "ROCK - HARD ROCK", "latitude": 39.76622, "longitude": -86.44128}, {"playDate": "2018-04-21T00:07:38.000+0000", "artistId": 1915, "songId": 92398502, "state": "IA", "style": "ROCK - HARD ROCK", "latitude": 41.938316, "longitude": -93.3898}, {"playDate": "2018-04-21T00:12:35.000+0000", "artistId": 1915, "songId": 92398508, "state": "LA", "style": "ROCK - HARD ROCK", "latitude": 30.973377, "longitude": -91.42991}, {"playDate": "2018-04-21T00:14:08.000+0000", "artistId": 1915, "songId": 92354001, "state": "OH", "style": "ROCK - HARD ROCK", "latitude": 40.19036, "longitude": -82.66925}, {"playDate": "2018-04-21T00:14:25.000+0000", "artistId": 1915, "songId": 24633207, "state": "ND", "style": "ROCK - HARD ROCK", "latitude": 47.46788, "longitude": -100.30227}, {"playDate": "2018-04-21T00:16:56.000+0000", "artistId": 1915, "songId": 92341507, "state": "PA", "style": "ROCK - HARD ROCK", "latitude": 40.994595, "longitude": -77.6047}, {"playDate": "2018-04-21T00:25:44.000+0000", "artistId": 1915, "songId": 92398506, "state": "MN", "style": "ROCK - HARD ROCK", "latitude": 46.44186, "longitude": -93.36552}, {"playDate": "2018-04-21T00:26:22.000+0000", "artistId": 1915, "songId": 24633213, "state": "IN", "style": "ROCK - HARD ROCK", "latitude": 39.76622, "longitude": -86.44128}, {"playDate": "2018-04-21T00:26:32.000+0000", "artistId": 1915, "songId": 24633204, "state": "OH", "style": "ROCK - HARD ROCK", "latitude": 40.19036, "longitude": -82.66925}, {"playDate": "2018-04-21T00:30:24.000+0000", "artistId": 1915, "songId": 92539405, "state": "IL", "style": "ROCK - HARD ROCK", "latitude": 39.73932, "longitude": -89.50414}, {"playDate": "2018-04-21T00:32:58.000+0000", "artistId": 1915, "songId": 92398502, "state": "ON", "style": "ROCK - HARD ROCK", "latitude": 44.566647, "longitude": -80.84998}, {"playDate": "2018-04-21T00:33:42.000+0000", "artistId": 1915, "songId": 92732010, "state": "PA", "style": "ROCK - HARD ROCK", "latitude": 40.994595, "longitude": -77.6047}, {"playDate": "2018-04-21T00:34:43.000+0000", "artistId": 1915, "songId": 92398506, "state": "FL", "style": "ROCK - HARD ROCK", "latitude": 27.975727, "longitude": -83.833015}, {"playDate": "2018-04-21T00:41:30.000+0000", "artistId": 1915, "songId": 92573207, "state": "IA", "style": "ROCK - HARD ROCK", "latitude": 41.938316, "longitude": -93.3898}], "totalRecordsCount": 17}