{"plays": [{"playDate": "2018-02-07T00:00:10.000+0000", "artistId": 552, "songId": 6126503, "state": "CA", "style": "ROCK", "latitude": 37.271873, "longitude": -119.27042}, {"playDate": "2018-02-07T00:00:26.000+0000", "artistId": 552, "songId": 16106511, "state": "IL", "style": "ROCK", "latitude": 39.73932, "longitude": -89.50414}, {"playDate": "2018-02-07T00:00:30.000+0000", "artistId": 552, "songId": 16103701, "state": "NY", "style": "ROCK", "latitude": 40.705627, "longitude": -73.97968}, {"playDate": "2018-02-07T00:02:25.000+0000", "artistId": 552, "songId": 16106511, "state": "MI", "style": "ROCK", "latitude": 44.94356, "longitude": -86.4158}, {"playDate": "2018-02-07T00:03:50.000+0000", "artistId": 552, "songId": 6126505, "state": "FL", "style": "ROCK", "latitude": 27.975727, "longitude": -83.833015}, {"playDate": "2018-02-07T00:04:44.000+0000", "artistId": 552, "songId": 16106511, "state": "PA", "style": "ROCK", "latitude": 40.994595, "longitude": -77.6047}, {"playDate": "2018-02-07T00:04:54.000+0000", "artistId": 552, "songId": 6126506, "state": "NY", "style": "ROCK", "latitude": 40.705627, "longitude": -73.97968}, {"playDate": "2018-02-07T00:04:54.000+0000", "artistId": 552, "songId": 6126506, "state": "NY", "style": "ROCK", "latitude": 40.705627, "longitude": -73.97968}, {"playDate": "2018-02-07T00:05:34.000+0000", "artistId": 552, "songId": 16115209, "state": "MO", "style": "ROCK", "latitude": 38.30466, "longitude": -92.437096}, {"playDate": "2018-02-07T00:06:59.000+0000", "artistId": 552, "songId": 87245518, "state": "IL", "style": "ROCK", "latitude": 39.73932, "longitude": -89.50414}, {"playDate": "2018-02-07T00:07:25.000+0000", "artistId": 552, "songId": 16106302, "state": "OH", "style": "ROCK", "latitude": 40.19036, "longitude": -82.66925}, {"playDate": "2018-02-07T00:07:43.000+0000", "artistId": 552, "songId": 6126517, "state": "PA", "style": "ROCK", "latitude": 40.994595, "longitude": -77.6047}, {"playDate": "2018-02-07T00:07:50.000+0000", "artistId": 552, "songId": 6126509, "state": "NY", "style": "ROCK", "latitude": 40.705627, "longitude": -73.97968}, {"playDate": "2018-02-07T00:08:07.000+0000", "artistId": 552, "songId": 78950404, "state": "OH", "style": "ROCK", "latitude": 40.19036, "longitude": -82.66925}, {"playDate": "2018-02-07T00:08:20.000+0000", "artistId": 552, "songId": 6126506, "state": "NY", "style": "ROCK", "latitude": 40.705627, "longitude": -73.97968}, {"playDate": "2018-02-07T00:08:21.000+0000", "artistId": 552, "songId": 16123301, "state": "TX", "style": "ROCK", "latitude": 31.169336, "longitude": -100.07684}, {"playDate": "2018-02-07T00:08:37.000+0000", "artistId": 552, "songId": 16106212, "state": "FL", "style": "ROCK", "latitude": 27.975727, "longitude": -83.833015}, {"playDate": "2018-02-07T00:09:25.000+0000", "artistId": 552, "songId": 6126517, "state": "FL", "style": "ROCK", "latitude": 27.975727, "longitude": -83.833015}, {"playDate": "2018-02-07T00:09:51.000+0000", "artistId": 552, "songId": 56181309, "state": "OH", "style": "ROCK", "latitude": 40.19036, "longitude": -82.66925}, {"playDate": "2018-02-07T00:10:06.000+0000", "artistId": 552, "songId": 6126506, "state": "WI", "style": "ROCK", "latitude": 44.786297, "longitude": -89.826706}], "totalRecordsCount": 1684}