{"plays": [{"playDate": "2018-02-15T00:00:05.000+0000", "artistId": 552, "songId": 6126506, "state": "GA", "style": "ROCK", "latitude": 32.678123, "longitude": -83.22298}, {"playDate": "2018-02-15T00:00:46.000+0000", "artistId": 552, "songId": 16106511, "state": "NY", "style": "ROCK", "latitude": 40.705627, "longitude": -73.97968}, {"playDate": "2018-02-15T00:00:47.000+0000", "artistId": 552, "songId": 6126503, "state": "IL", "style": "ROCK", "latitude": 39.73932, "longitude": -89.50414}, {"playDate": "2018-02-15T00:01:09.000+0000", "artistId": 552, "songId": 6126515, "state": "MN", "style": "ROCK", "latitude": 46.44186, "longitude": -93.36552}, {"playDate": "2018-02-15T00:01:28.000+0000", "artistId": 552, "songId": 6126506, "state": "IA", "style": "ROCK", "latitude": 41.938316, "longitude": -93.3898}, {"playDate": "2018-02-15T00:04:03.000+0000", "artistId": 552, "songId": 6131102, "state": "CA", "style": "ROCK", "latitude": 37.271873, "longitude": -119.27042}, {"playDate": "2018-02-15T00:05:13.000+0000", "artistId": 552, "songId": 78950405, "state": "IN", "style": "ROCK", "latitude": 39.76622, "longitude": -86.44128}, {"playDate": "2018-02-15T00:05:33.000+0000", "artistId": 552, "songId": 16106511, "state": "FL", "style": "ROCK", "latitude": 27.975727, "longitude": -83.833015}, {"playDate": "2018-02-15T00:05:38.000+0000", "artistId": 552, "songId": 16103702, "state": "OR", "style": "ROCK", "latitude": 44.141907, "longitude": -120.5381}, {"playDate": "2018-02-15T00:07:38.000+0000", "artistId": 552, "songId": 6126506, "state": "WA", "style": "ROCK", "latitude": 38.89935, "longitude": -77.014565}, {"playDate": "2018-02-15T00:08:10.000+0000", "artistId": 552, "songId": 6126503, "state": "SD", "style": "ROCK", "latitude": 44.2127, "longitude": -100.24716}, {"playDate": "2018-02-15T00:11:34.000+0000", "artistId": 552, "songId": 16106511, "state": "MO", "style": "ROCK", "latitude": 38.30466, "longitude": -92.437096}, {"playDate": "2018-02-15T00:12:08.000+0000", "artistId": 552, "songId": 16106212, "state": "IN", "style": "ROCK", "latitude": 39.76622, "longitude": -86.44128}, {"playDate": "2018-02-15T00:12:39.000+0000", "artistId": 552, "songId": 6126506, "state": "OH", "style": "ROCK", "latitude": 40.19036, "longitude": -82.66925}, {"playDate": "2018-02-15T00:13:17.000+0000", "artistId": 552, "songId": 16106511, "state": "GA", "style": "ROCK", "latitude": 32.678123, "longitude": -83.22298}, {"playDate": "2018-02-15T00:13:19.000+0000", "artistId": 552, "songId": 6126504, "state": "MN", "style": "ROCK", "latitude": 46.44186, "longitude": -93.36552}, {"playDate": "2018-02-15T00:13:43.000+0000", "artistId": 552, "songId": 6126517, "state": "IN", "style": "ROCK", "latitude": 39.76622, "longitude": -86.44128}, {"playDate": "2018-02-15T00:15:16.000+0000", "artistId": 552, "songId": 6126517, "state": "AL", "style": "ROCK", "latitude": 32.60101, "longitude": -86.68073}, {"playDate": "2018-02-15T00:15:20.000+0000", "artistId": 552, "songId": 16103701, "state": "GA", "style": "ROCK", "latitude": 32.678123, "longitude": -83.22298}, {"playDate": "2018-02-15T00:17:35.000+0000", "artistId": 552, "songId": 16106511, "state": "CA", "style": "ROCK", "latitude": 37.271873, "longitude": -119.27042}], "totalRecordsCount": 1887}