{"plays": [{"playDate": "2018-02-12T00:00:09.000+0000", "artistId": 552, "songId": 16110407, "state": "IL", "style": "ROCK", "latitude": 39.73932, "longitude": -89.50414}, {"playDate": "2018-02-12T00:00:54.000+0000", "artistId": 552, "songId": 6126503, "state": "QC", "style": "ROCK", "latitude": 49.82258, "longitude": -64.34799}, {"playDate": "2018-02-12T00:01:25.000+0000", "artistId": 552, "songId": 16106511, "state": "CT", "style": "ROCK", "latitude": 41.518784, "longitude": -72.75751}, {"playDate": "2018-02-12T00:01:31.000+0000", "artistId": 552, "songId": 6126506, "state": "ME", "style": "ROCK", "latitude": 45.218513, "longitude": -69.01486}, {"playDate": "2018-02-12T00:01:56.000+0000", "artistId": 552, "songId": 16106511, "state": "CA", "style": "ROCK", "latitude": 37.271873, "longitude": -119.27042}, {"playDate": "2018-02-12T00:01:58.000+0000", "artistId": 552, "songId": 56181304, "state": "ON", "style": "ROCK", "latitude": 44.566647, "longitude": -80.84998}, {"playDate": "2018-02-12T00:02:57.000+0000", "artistId": 552, "songId": 16106651, "state": "MN", "style": "ROCK", "latitude": 46.44186, "longitude": -93.36552}, {"playDate": "2018-02-12T00:03:11.000+0000", "artistId": 552, "songId": 6126506, "state": "FL", "style": "ROCK", "latitude": 27.975727, "longitude": -83.833015}, {"playDate": "2018-02-12T00:03:24.000+0000", "artistId": 552, "songId": 6126517, "state": "HI", "style": "ROCK", "latitude": 20.46, "longitude": -157.505}, {"playDate": "2018-02-12T00:04:26.000+0000", "artistId": 552, "songId": 16103701, "state": "NY", "style": "ROCK", "latitude": 40.705627, "longitude": -73.97968}, {"playDate": "2018-02-12T00:05:06.000+0000", "artistId": 552, "songId": 6126505, "state": "CA", "style": "ROCK", "latitude": 37.271873, "longitude": -119.27042}, {"playDate": "2018-02-12T00:05:10.000+0000", "artistId": 552, "songId": 16103702, "state": "TX", "style": "ROCK", "latitude": 31.169336, "longitude": -100.07684}, {"playDate": "2018-02-12T00:05:15.000+0000", "artistId": 552, "songId": 16106511, "state": "VA", "style": "ROCK", "latitude": 38.003384, "longitude": -79.458786}, {"playDate": "2018-02-12T00:05:51.000+0000", "artistId": 552, "songId": 16103701, "state": "NJ", "style": "ROCK", "latitude": 40.143005, "longitude": -74.73112}, {"playDate": "2018-02-12T00:06:09.000+0000", "artistId": 552, "songId": 6126517, "state": "MB", "style": "ROCK", "latitude": 50.150024, "longitude": -96.88332}, {"playDate": "2018-02-12T00:06:53.000+0000", "artistId": 552, "songId": 6126506, "state": "NY", "style": "ROCK", "latitude": 40.705627, "longitude": -73.97968}, {"playDate": "2018-02-12T00:07:45.000+0000", "artistId": 552, "songId": 6126503, "state": "CA", "style": "ROCK", "latitude": 37.271873, "longitude": -119.27042}, {"playDate": "2018-02-12T00:08:56.000+0000", "artistId": 552, "songId": 6126508, "state": "DE", "style": "ROCK", "latitude": 39.145252, "longitude": -75.41892}, {"playDate": "2018-02-12T00:08:59.000+0000", "artistId": 552, "songId": 6126503, "state": "TX", "style": "ROCK", "latitude": 31.169336, "longitude": -100.07684}, {"playDate": "2018-02-12T00:09:18.000+0000", "artistId": 552, "songId": 6126501, "state": "TX", "style": "ROCK", "latitude": 31.169336, "longitude": -100.07684}], "totalRecordsCount": 1632}