{"plays": [{"playDate": "2018-02-16T00:00:26.000+0000", "artistId": 552, "songId": 6126506, "state": "MN", "style": "ROCK", "latitude": 46.44186, "longitude": -93.36552}, {"playDate": "2018-02-16T00:00:33.000+0000", "artistId": 552, "songId": 6126506, "state": "WI", "style": "ROCK", "latitude": 44.786297, "longitude": -89.826706}, {"playDate": "2018-02-16T00:00:59.000+0000", "artistId": 552, "songId": 6126505, "state": "WA", "style": "ROCK", "latitude": 38.89935, "longitude": -77.014565}, {"playDate": "2018-02-16T00:01:01.000+0000", "artistId": 552, "songId": 92680501, "state": "NH", "style": "ROCK", "latitude": 44.001232, "longitude": -71.579926}, {"playDate": "2018-02-16T00:01:32.000+0000", "artistId": 552, "songId": 6126504, "state": "FL", "style": "ROCK", "latitude": 27.975727, "longitude": -83.833015}, {"playDate": "2018-02-16T00:01:49.000+0000", "artistId": 552, "songId": 56181304, "state": "CA", "style": "ROCK", "latitude": 37.271873, "longitude": -119.27042}, {"playDate": "2018-02-16T00:02:22.000+0000", "artistId": 552, "songId": 6126506, "state": "TX", "style": "ROCK", "latitude": 31.169336, "longitude": -100.07684}, {"playDate": "2018-02-16T00:03:51.000+0000", "artistId": 552, "songId": 6126505, "state": "CO", "style": "ROCK", "latitude": 38.997932, "longitude": -105.55057}, {"playDate": "2018-02-16T00:04:12.000+0000", "artistId": 552, "songId": 6126506, "state": "SK", "style": "ROCK", "latitude": 50.93331, "longitude": -102.79999}, {"playDate": "2018-02-16T00:04:18.000+0000", "artistId": 552, "songId": 6126506, "state": "WI", "style": "ROCK", "latitude": 44.786297, "longitude": -89.826706}, {"playDate": "2018-02-16T00:04:27.000+0000", "artistId": 552, "songId": 6126505, "state": "ON", "style": "ROCK", "latitude": 44.566647, "longitude": -80.84998}, {"playDate": "2018-02-16T00:04:29.000+0000", "artistId": 552, "songId": 6126506, "state": "PA", "style": "ROCK", "latitude": 40.994595, "longitude": -77.6047}, {"playDate": "2018-02-16T00:04:56.000+0000", "artistId": 552, "songId": 56181319, "state": "NE", "style": "ROCK", "latitude": 41.50082, "longitude": -99.6809}, {"playDate": "2018-02-16T00:05:06.000+0000", "artistId": 552, "songId": 6126506, "state": "ME", "style": "ROCK", "latitude": 45.218513, "longitude": -69.01486}, {"playDate": "2018-02-16T00:06:57.000+0000", "artistId": 552, "songId": 6126504, "state": "MN", "style": "ROCK", "latitude": 46.44186, "longitude": -93.36552}, {"playDate": "2018-02-16T00:06:58.000+0000", "artistId": 552, "songId": 6126503, "state": "MN", "style": "ROCK", "latitude": 46.44186, "longitude": -93.36552}, {"playDate": "2018-02-16T00:07:10.000+0000", "artistId": 552, "songId": 6126506, "state": "WI", "style": "ROCK", "latitude": 44.786297, "longitude": -89.826706}, {"playDate": "2018-02-16T00:08:05.000+0000", "artistId": 552, "songId": 16106511, "state": "PA", "style": "ROCK", "latitude": 40.994595, "longitude": -77.6047}, {"playDate": "2018-02-16T00:09:01.000+0000", "artistId": 552, "songId": 6126515, "state": "NY", "style": "ROCK", "latitude": 40.705627, "longitude": -73.97968}, {"playDate": "2018-02-16T00:09:13.000+0000", "artistId": 552, "songId": 6126506, "state": "WI", "style": "ROCK", "latitude": 44.786297, "longitude": -89.826706}], "totalRecordsCount": 2216}