{"plays": [{"playDate": "2018-02-21T00:00:34.000+0000", "artistId": 552, "songId": 16103717, "state": "SC", "style": "ROCK", "latitude": 33.62505, "longitude": -80.94704}, {"playDate": "2018-02-21T00:00:56.000+0000", "artistId": 552, "songId": 6126506, "state": "IL", "style": "ROCK", "latitude": 39.73932, "longitude": -89.50414}, {"playDate": "2018-02-21T00:01:10.000+0000", "artistId": 552, "songId": 6126503, "state": "GA", "style": "ROCK", "latitude": 32.678123, "longitude": -83.22298}, {"playDate": "2018-02-21T00:02:18.000+0000", "artistId": 552, "songId": 6126503, "state": "FL", "style": "ROCK", "latitude": 27.975727, "longitude": -83.833015}, {"playDate": "2018-02-21T00:04:06.000+0000", "artistId": 552, "songId": 16106511, "state": "KY", "style": "ROCK", "latitude": 37.822292, "longitude": -85.76824}, {"playDate": "2018-02-21T00:04:23.000+0000", "artistId": 552, "songId": 6126506, "state": "ND", "style": "ROCK", "latitude": 47.46788, "longitude": -100.30227}, {"playDate": "2018-02-21T00:06:19.000+0000", "artistId": 552, "songId": 6126517, "state": "QC", "style": "ROCK", "latitude": 49.82258, "longitude": -64.34799}, {"playDate": "2018-02-21T00:06:35.000+0000", "artistId": 552, "songId": 6126506, "state": "FL", "style": "ROCK", "latitude": 27.975727, "longitude": -83.833015}, {"playDate": "2018-02-21T00:07:09.000+0000", "artistId": 552, "songId": 16103702, "state": "AR", "style": "ROCK", "latitude": 34.751926, "longitude": -92.13138}, {"playDate": "2018-02-21T00:07:43.000+0000", "artistId": 552, "songId": 78950416, "state": "MO", "style": "ROCK", "latitude": 38.30466, "longitude": -92.437096}, {"playDate": "2018-02-21T00:07:49.000+0000", "artistId": 552, "songId": 16106511, "state": "PA", "style": "ROCK", "latitude": 40.994595, "longitude": -77.6047}, {"playDate": "2018-02-21T00:07:49.000+0000", "artistId": 552, "songId": 16106511, "state": "PA", "style": "ROCK", "latitude": 40.994595, "longitude": -77.6047}, {"playDate": "2018-02-21T00:07:57.000+0000", "artistId": 552, "songId": 6126515, "state": "FL", "style": "ROCK", "latitude": 27.975727, "longitude": -83.833015}, {"playDate": "2018-02-21T00:08:23.000+0000", "artistId": 552, "songId": 6126505, "state": "NJ", "style": "ROCK", "latitude": 40.143005, "longitude": -74.73112}, {"playDate": "2018-02-21T00:08:48.000+0000", "artistId": 552, "songId": 6126505, "state": "HI", "style": "ROCK", "latitude": 20.46, "longitude": -157.505}, {"playDate": "2018-02-21T00:10:10.000+0000", "artistId": 552, "songId": 6126517, "state": "BC", "style": "ROCK", "latitude": 49.09996, "longitude": -116.5167}, {"playDate": "2018-02-21T00:10:37.000+0000", "artistId": 552, "songId": 78950407, "state": "FL", "style": "ROCK", "latitude": 27.975727, "longitude": -83.833015}, {"playDate": "2018-02-21T00:11:50.000+0000", "artistId": 552, "songId": 6126505, "state": "MO", "style": "ROCK", "latitude": 38.30466, "longitude": -92.437096}, {"playDate": "2018-02-21T00:12:49.000+0000", "artistId": 552, "songId": 16103701, "state": "NY", "style": "ROCK", "latitude": 40.705627, "longitude": -73.97968}, {"playDate": "2018-02-21T00:12:56.000+0000", "artistId": 552, "songId": 16123301, "state": "MN", "style": "ROCK", "latitude": 46.44186, "longitude": -93.36552}], "totalRecordsCount": 1785}