{"plays": [{"playDate": "2018-02-23T00:00:43.000+0000", "artistId": 552, "songId": 6126506, "state": "IN", "style": "ROCK", "latitude": 39.76622, "longitude": -86.44128}, {"playDate": "2018-02-23T00:01:10.000+0000", "artistId": 552, "songId": 6126505, "state": "CA", "style": "ROCK", "latitude": 37.271873, "longitude": -119.27042}, {"playDate": "2018-02-23T00:01:17.000+0000", "artistId": 552, "songId": 6126506, "state": "WI", "style": "ROCK", "latitude": 44.786297, "longitude": -89.826706}, {"playDate": "2018-02-23T00:01:17.000+0000", "artistId": 552, "songId": 6126506, "state": "WI", "style": "ROCK", "latitude": 44.786297, "longitude": -89.826706}, {"playDate": "2018-02-23T00:02:53.000+0000", "artistId": 552, "songId": 6126506, "state": "FL", "style": "ROCK", "latitude": 27.975727, "longitude": -83.833015}, {"playDate": "2018-02-23T00:03:00.000+0000", "artistId": 552, "songId": 16106511, "state": "IL", "style": "ROCK", "latitude": 39.73932, "longitude": -89.50414}, {"playDate": "2018-02-23T00:03:03.000+0000", "artistId": 552, "songId": 6126501, "state": "ON", "style": "ROCK", "latitude": 44.566647, "longitude": -80.84998}, {"playDate": "2018-02-23T00:03:22.000+0000", "artistId": 552, "songId": 6126501, "state": "KS", "style": "ROCK", "latitude": 38.49878, "longitude": -98.320076}, {"playDate": "2018-02-23T00:03:39.000+0000", "artistId": 552, "songId": 6126503, "state": "IL", "style": "ROCK", "latitude": 39.73932, "longitude": -89.50414}, {"playDate": "2018-02-23T00:04:34.000+0000", "artistId": 552, "songId": 6126506, "state": "CT", "style": "ROCK", "latitude": 41.518784, "longitude": -72.75751}, {"playDate": "2018-02-23T00:06:25.000+0000", "artistId": 552, "songId": 6126515, "state": "TX", "style": "ROCK", "latitude": 31.169336, "longitude": -100.07684}, {"playDate": "2018-02-23T00:06:52.000+0000", "artistId": 552, "songId": 6126506, "state": "NY", "style": "ROCK", "latitude": 40.705627, "longitude": -73.97968}, {"playDate": "2018-02-23T00:07:04.000+0000", "artistId": 552, "songId": 16106511, "state": "PA", "style": "ROCK", "latitude": 40.994595, "longitude": -77.6047}, {"playDate": "2018-02-23T00:07:07.000+0000", "artistId": 552, "songId": 6126506, "state": "IL", "style": "ROCK", "latitude": 39.73932, "longitude": -89.50414}, {"playDate": "2018-02-23T00:07:12.000+0000", "artistId": 552, "songId": 56181304, "state": "LA", "style": "ROCK", "latitude": 30.973377, "longitude": -91.42991}, {"playDate": "2018-02-23T00:08:32.000+0000", "artistId": 552, "songId": 56181309, "state": "FL", "style": "ROCK", "latitude": 27.975727, "longitude": -83.833015}, {"playDate": "2018-02-23T00:08:58.000+0000", "artistId": 552, "songId": 16110407, "state": "WV", "style": "ROCK", "latitude": 38.92017, "longitude": -80.181694}, {"playDate": "2018-02-23T00:09:02.000+0000", "artistId": 552, "songId": 6126504, "state": "NE", "style": "ROCK", "latitude": 41.50082, "longitude": -99.6809}, {"playDate": "2018-02-23T00:10:05.000+0000", "artistId": 552, "songId": 6126515, "state": "TX", "style": "ROCK", "latitude": 31.169336, "longitude": -100.07684}, {"playDate": "2018-02-23T00:10:32.000+0000", "artistId": 552, "songId": 6126517, "state": "OR", "style": "ROCK", "latitude": 44.141907, "longitude": -120.5381}], "totalRecordsCount": 2171}