{"plays": [{"playDate": "2018-02-11T00:00:24.000+0000", "artistId": 552, "songId": 6126517, "state": "PA", "style": "ROCK", "latitude": 40.994595, "longitude": -77.6047}, {"playDate": "2018-02-11T00:00:27.000+0000", "artistId": 552, "songId": 16106511, "state": "ND", "style": "ROCK", "latitude": 47.46788, "longitude": -100.30227}, {"playDate": "2018-02-11T00:00:51.000+0000", "artistId": 552, "songId": 16106511, "state": "TX", "style": "ROCK", "latitude": 31.169336, "longitude": -100.07684}, {"playDate": "2018-02-11T00:00:59.000+0000", "artistId": 552, "songId": 6126506, "state": "WI", "style": "ROCK", "latitude": 44.786297, "longitude": -89.826706}, {"playDate": "2018-02-11T00:01:19.000+0000", "artistId": 552, "songId": 6126506, "state": "NE", "style": "ROCK", "latitude": 41.50082, "longitude": -99.6809}, {"playDate": "2018-02-11T00:01:21.000+0000", "artistId": 552, "songId": 6126503, "state": "QC", "style": "ROCK", "latitude": 49.82258, "longitude": -64.34799}, {"playDate": "2018-02-11T00:01:34.000+0000", "artistId": 552, "songId": 6126506, "state": "FL", "style": "ROCK", "latitude": 27.975727, "longitude": -83.833015}, {"playDate": "2018-02-11T00:01:59.000+0000", "artistId": 552, "songId": 6126506, "state": "MI", "style": "ROCK", "latitude": 44.94356, "longitude": -86.4158}, {"playDate": "2018-02-11T00:02:16.000+0000", "artistId": 552, "songId": 6126506, "state": "AL", "style": "ROCK", "latitude": 32.60101, "longitude": -86.68073}, {"playDate": "2018-02-11T00:02:18.000+0000", "artistId": 552, "songId": 6126506, "state": "MI", "style": "ROCK", "latitude": 44.94356, "longitude": -86.4158}, {"playDate": "2018-02-11T00:02:19.000+0000", "artistId": 552, "songId": 6126503, "state": "AR", "style": "ROCK", "latitude": 34.751926, "longitude": -92.13138}, {"playDate": "2018-02-11T00:02:21.000+0000", "artistId": 552, "songId": 16103702, "state": "TX", "style": "ROCK", "latitude": 31.169336, "longitude": -100.07684}, {"playDate": "2018-02-11T00:02:39.000+0000", "artistId": 552, "songId": 6126506, "state": "FL", "style": "ROCK", "latitude": 27.975727, "longitude": -83.833015}, {"playDate": "2018-02-11T00:02:39.000+0000", "artistId": 552, "songId": 6126506, "state": "FL", "style": "ROCK", "latitude": 27.975727, "longitude": -83.833015}, {"playDate": "2018-02-11T00:03:07.000+0000", "artistId": 552, "songId": 16103701, "state": "QC", "style": "ROCK", "latitude": 49.82258, "longitude": -64.34799}, {"playDate": "2018-02-11T00:03:42.000+0000", "artistId": 552, "songId": 16106511, "state": "IL", "style": "ROCK", "latitude": 39.73932, "longitude": -89.50414}, {"playDate": "2018-02-11T00:03:56.000+0000", "artistId": 552, "songId": 6126506, "state": "UT", "style": "ROCK", "latitude": 39.49976, "longitude": -111.54703}, {"playDate": "2018-02-11T00:04:17.000+0000", "artistId": 552, "songId": 6126506, "state": "ND", "style": "ROCK", "latitude": 47.46788, "longitude": -100.30227}, {"playDate": "2018-02-11T00:04:41.000+0000", "artistId": 552, "songId": 6126503, "state": "FL", "style": "ROCK", "latitude": 27.975727, "longitude": -83.833015}, {"playDate": "2018-02-11T00:05:11.000+0000", "artistId": 552, "songId": 6126506, "state": "IL", "style": "ROCK", "latitude": 39.73932, "longitude": -89.50414}], "totalRecordsCount": 1765}