{"plays": [{"playDate": "2018-02-26T00:00:15.000+0000", "artistId": 552, "songId": 78950416, "state": "CA", "style": "ROCK", "latitude": 37.271873, "longitude": -119.27042}, {"playDate": "2018-02-26T00:01:20.000+0000", "artistId": 552, "songId": 6126517, "state": "CA", "style": "ROCK", "latitude": 37.271873, "longitude": -119.27042}, {"playDate": "2018-02-26T00:01:53.000+0000", "artistId": 552, "songId": 16103702, "state": "ID", "style": "ROCK", "latitude": 45.494576, "longitude": -114.14243}, {"playDate": "2018-02-26T00:02:57.000+0000", "artistId": 552, "songId": 6126508, "state": "MO", "style": "ROCK", "latitude": 38.30466, "longitude": -92.437096}, {"playDate": "2018-02-26T00:03:48.000+0000", "artistId": 552, "songId": 6126504, "state": "OH", "style": "ROCK", "latitude": 40.19036, "longitude": -82.66925}, {"playDate": "2018-02-26T00:06:17.000+0000", "artistId": 552, "songId": 16106511, "state": "PA", "style": "ROCK", "latitude": 40.994595, "longitude": -77.6047}, {"playDate": "2018-02-26T00:06:22.000+0000", "artistId": 552, "songId": 6126517, "state": "MO", "style": "ROCK", "latitude": 38.30466, "longitude": -92.437096}, {"playDate": "2018-02-26T00:07:39.000+0000", "artistId": 552, "songId": 16106511, "state": "AZ", "style": "ROCK", "latitude": 34.168217, "longitude": -111.93091}, {"playDate": "2018-02-26T00:07:45.000+0000", "artistId": 552, "songId": 6126506, "state": "FL", "style": "ROCK", "latitude": 27.975727, "longitude": -83.833015}, {"playDate": "2018-02-26T00:10:41.000+0000", "artistId": 552, "songId": 78950407, "state": "PA", "style": "ROCK", "latitude": 40.994595, "longitude": -77.6047}, {"playDate": "2018-02-26T00:10:50.000+0000", "artistId": 552, "songId": 16106511, "state": "IL", "style": "ROCK", "latitude": 39.73932, "longitude": -89.50414}, {"playDate": "2018-02-26T00:11:14.000+0000", "artistId": 552, "songId": 6126506, "state": "OK", "style": "ROCK", "latitude": 35.309765, "longitude": -98.71656}, {"playDate": "2018-02-26T00:11:36.000+0000", "artistId": 552, "songId": 6126517, "state": "CA", "style": "ROCK", "latitude": 37.271873, "longitude": -119.27042}, {"playDate": "2018-02-26T00:12:05.000+0000", "artistId": 552, "songId": 16106511, "state": "MO", "style": "ROCK", "latitude": 38.30466, "longitude": -92.437096}, {"playDate": "2018-02-26T00:12:36.000+0000", "artistId": 552, "songId": 6126503, "state": "OH", "style": "ROCK", "latitude": 40.19036, "longitude": -82.66925}, {"playDate": "2018-02-26T00:14:04.000+0000", "artistId": 552, "songId": 6126506, "state": "OR", "style": "ROCK", "latitude": 44.141907, "longitude": -120.5381}, {"playDate": "2018-02-26T00:14:16.000+0000", "artistId": 552, "songId": 6126501, "state": "FL", "style": "ROCK", "latitude": 27.975727, "longitude": -83.833015}, {"playDate": "2018-02-26T00:14:59.000+0000", "artistId": 552, "songId": 6126506, "state": "WI", "style": "ROCK", "latitude": 44.786297, "longitude": -89.826706}, {"playDate": "2018-02-26T00:15:55.000+0000", "artistId": 552, "songId": 6126504, "state": "CO", "style": "ROCK", "latitude": 38.997932, "longitude": -105.55057}, {"playDate": "2018-02-26T00:16:28.000+0000", "artistId": 552, "songId": 6126504, "state": "MI", "style": "ROCK", "latitude": 44.94356, "longitude": -86.4158}], "totalRecordsCount": 1693}