{"plays": [{"playDate": "2018-02-22T00:00:21.000+0000", "artistId": 552, "songId": 16106511, "state": "GA", "style": "ROCK", "latitude": 32.678123, "longitude": -83.22298}, {"playDate": "2018-02-22T00:00:57.000+0000", "artistId": 552, "songId": 6126503, "state": "OH", "style": "ROCK", "latitude": 40.19036, "longitude": -82.66925}, {"playDate": "2018-02-22T00:01:27.000+0000", "artistId": 552, "songId": 6126506, "state": "PA", "style": "ROCK", "latitude": 40.994595, "longitude": -77.6047}, {"playDate": "2018-02-22T00:01:39.000+0000", "artistId": 552, "songId": 16106511, "state": "PA", "style": "ROCK", "latitude": 40.994595, "longitude": -77.6047}, {"playDate": "2018-02-22T00:03:38.000+0000", "artistId": 552, "songId": 16106511, "state": "TX", "style": "ROCK", "latitude": 31.169336, "longitude": -100.07684}, {"playDate": "2018-02-22T00:03:43.000+0000", "artistId": 552, "songId": 6126508, "state": "CA", "style": "ROCK", "latitude": 37.271873, "longitude": -119.27042}, {"playDate": "2018-02-22T00:05:05.000+0000", "artistId": 552, "songId": 16106401, "state": "TX", "style": "ROCK", "latitude": 31.169336, "longitude": -100.07684}, {"playDate": "2018-02-22T00:05:25.000+0000", "artistId": 552, "songId": 6126503, "state": "CO", "style": "ROCK", "latitude": 38.997932, "longitude": -105.55057}, {"playDate": "2018-02-22T00:06:40.000+0000", "artistId": 552, "songId": 6126517, "state": "WI", "style": "ROCK", "latitude": 44.786297, "longitude": -89.826706}, {"playDate": "2018-02-22T00:08:21.000+0000", "artistId": 552, "songId": 16106511, "state": "TX", "style": "ROCK", "latitude": 31.169336, "longitude": -100.07684}, {"playDate": "2018-02-22T00:08:51.000+0000", "artistId": 552, "songId": 6126501, "state": "GA", "style": "ROCK", "latitude": 32.678123, "longitude": -83.22298}, {"playDate": "2018-02-22T00:10:00.000+0000", "artistId": 552, "songId": 6126506, "state": "ID", "style": "ROCK", "latitude": 45.494576, "longitude": -114.14243}, {"playDate": "2018-02-22T00:10:21.000+0000", "artistId": 552, "songId": 6126506, "state": "FL", "style": "ROCK", "latitude": 27.975727, "longitude": -83.833015}, {"playDate": "2018-02-22T00:11:23.000+0000", "artistId": 552, "songId": 56181309, "state": "WI", "style": "ROCK", "latitude": 44.786297, "longitude": -89.826706}, {"playDate": "2018-02-22T00:11:25.000+0000", "artistId": 552, "songId": 6126506, "state": "NE", "style": "ROCK", "latitude": 41.50082, "longitude": -99.6809}, {"playDate": "2018-02-22T00:12:00.000+0000", "artistId": 552, "songId": 6126506, "state": "WI", "style": "ROCK", "latitude": 44.786297, "longitude": -89.826706}, {"playDate": "2018-02-22T00:12:20.000+0000", "artistId": 552, "songId": 6126506, "state": "AK", "style": "ROCK", "latitude": 61.3025, "longitude": -158.77502}, {"playDate": "2018-02-22T00:12:46.000+0000", "artistId": 552, "songId": 6126505, "state": "FL", "style": "ROCK", "latitude": 27.975727, "longitude": -83.833015}, {"playDate": "2018-02-22T00:14:14.000+0000", "artistId": 552, "songId": 6126503, "state": "QC", "style": "ROCK", "latitude": 49.82258, "longitude": -64.34799}, {"playDate": "2018-02-22T00:14:39.000+0000", "artistId": 552, "songId": 16110407, "state": "FL", "style": "ROCK", "latitude": 27.975727, "longitude": -83.833015}], "totalRecordsCount": 1933}