{"plays": [{"playDate": "2018-07-23T00:01:58.000+0000", "artistId": 552, "songId": 6126515, "state": "MN", "style": "ROCK", "latitude": 46.44186, "longitude": -93.36552}, {"playDate": "2018-07-23T00:02:29.000+0000", "artistId": 552, "songId": 6126506, "state": "IL", "style": "ROCK", "latitude": 39.73932, "longitude": -89.50414}, {"playDate": "2018-07-23T00:04:20.000+0000", "artistId": 552, "songId": 6126506, "state": "WI", "style": "ROCK", "latitude": 44.786297, "longitude": -89.826706}, {"playDate": "2018-07-23T00:06:12.000+0000", "artistId": 552, "songId": 6126501, "state": "WA", "style": "ROCK", "latitude": 38.89935, "longitude": -77.014565}, {"playDate": "2018-07-23T00:06:25.000+0000", "artistId": 552, "songId": 16106511, "state": "FL", "style": "ROCK", "latitude": 27.975727, "longitude": -83.833015}, {"playDate": "2018-07-23T00:07:42.000+0000", "artistId": 552, "songId": 6126506, "state": "PA", "style": "ROCK", "latitude": 40.994595, "longitude": -77.6047}, {"playDate": "2018-07-23T00:07:49.000+0000", "artistId": 552, "songId": 16103702, "state": "CA", "style": "ROCK", "latitude": 37.271873, "longitude": -119.27042}, {"playDate": "2018-07-23T00:08:12.000+0000", "artistId": 552, "songId": 6126507, "state": "CO", "style": "ROCK", "latitude": 38.997932, "longitude": -105.55057}, {"playDate": "2018-07-23T00:08:27.000+0000", "artistId": 552, "songId": 6126515, "state": "NY", "style": "ROCK", "latitude": 40.705627, "longitude": -73.97968}, {"playDate": "2018-07-23T00:08:58.000+0000", "artistId": 552, "songId": 16106511, "state": "MT", "style": "ROCK", "latitude": 46.6798, "longitude": -110.044785}, {"playDate": "2018-07-23T00:09:26.000+0000", "artistId": 552, "songId": 6126504, "state": "IL", "style": "ROCK", "latitude": 39.73932, "longitude": -89.50414}, {"playDate": "2018-07-23T00:09:52.000+0000", "artistId": 552, "songId": 78950407, "state": "PA", "style": "ROCK", "latitude": 40.994595, "longitude": -77.6047}, {"playDate": "2018-07-23T00:10:55.000+0000", "artistId": 552, "songId": 33543405, "state": "NV", "style": "ROCK", "latitude": 38.502033, "longitude": -117.02306}, {"playDate": "2018-07-23T00:11:10.000+0000", "artistId": 552, "songId": 6126504, "state": "CA", "style": "ROCK", "latitude": 37.271873, "longitude": -119.27042}, {"playDate": "2018-07-23T00:12:11.000+0000", "artistId": 552, "songId": 6126503, "state": "VA", "style": "ROCK", "latitude": 38.003384, "longitude": -79.458786}, {"playDate": "2018-07-23T00:12:15.000+0000", "artistId": 552, "songId": 6126506, "state": "OH", "style": "ROCK", "latitude": 40.19036, "longitude": -82.66925}, {"playDate": "2018-07-23T00:12:38.000+0000", "artistId": 552, "songId": 16110407, "state": "OH", "style": "ROCK", "latitude": 40.19036, "longitude": -82.66925}, {"playDate": "2018-07-23T00:12:48.000+0000", "artistId": 552, "songId": 6126517, "state": "DE", "style": "ROCK", "latitude": 39.145252, "longitude": -75.41892}, {"playDate": "2018-07-23T00:12:57.000+0000", "artistId": 552, "songId": 6126508, "state": "BC", "style": "ROCK", "latitude": 49.09996, "longitude": -116.5167}, {"playDate": "2018-07-23T00:13:00.000+0000", "artistId": 552, "songId": 6126508, "state": "MO", "style": "ROCK", "latitude": 38.30466, "longitude": -92.437096}], "totalRecordsCount": 1682}