{"plays": [{"playDate": "2018-07-19T00:00:17.000+0000", "artistId": 552, "songId": 6126506, "state": "NV", "style": "ROCK", "latitude": 38.502033, "longitude": -117.02306}, {"playDate": "2018-07-19T00:00:46.000+0000", "artistId": 552, "songId": 6126517, "state": "WA", "style": "ROCK", "latitude": 38.89935, "longitude": -77.014565}, {"playDate": "2018-07-19T00:02:04.000+0000", "artistId": 552, "songId": 6126506, "state": "NY", "style": "ROCK", "latitude": 40.705627, "longitude": -73.97968}, {"playDate": "2018-07-19T00:02:22.000+0000", "artistId": 552, "songId": 6126509, "state": "IL", "style": "ROCK", "latitude": 39.73932, "longitude": -89.50414}, {"playDate": "2018-07-19T00:02:49.000+0000", "artistId": 552, "songId": 6126509, "state": "IN", "style": "ROCK", "latitude": 39.76622, "longitude": -86.44128}, {"playDate": "2018-07-19T00:03:37.000+0000", "artistId": 552, "songId": 6126503, "state": "SD", "style": "ROCK", "latitude": 44.2127, "longitude": -100.24716}, {"playDate": "2018-07-19T00:04:15.000+0000", "artistId": 552, "songId": 6126501, "state": "CA", "style": "ROCK", "latitude": 37.271873, "longitude": -119.27042}, {"playDate": "2018-07-19T00:04:17.000+0000", "artistId": 552, "songId": 6126502, "state": "PA", "style": "ROCK", "latitude": 40.994595, "longitude": -77.6047}, {"playDate": "2018-07-19T00:05:06.000+0000", "artistId": 552, "songId": 16123301, "state": "IN", "style": "ROCK", "latitude": 39.76622, "longitude": -86.44128}, {"playDate": "2018-07-19T00:05:07.000+0000", "artistId": 552, "songId": 16106511, "state": "TN", "style": "ROCK", "latitude": 35.83052, "longitude": -85.9786}, {"playDate": "2018-07-19T00:05:20.000+0000", "artistId": 552, "songId": 16123301, "state": "MI", "style": "ROCK", "latitude": 44.94356, "longitude": -86.4158}, {"playDate": "2018-07-19T00:06:15.000+0000", "artistId": 552, "songId": 6126503, "state": "IN", "style": "ROCK", "latitude": 39.76622, "longitude": -86.44128}, {"playDate": "2018-07-19T00:06:22.000+0000", "artistId": 552, "songId": 16106511, "state": "AZ", "style": "ROCK", "latitude": 34.168217, "longitude": -111.93091}, {"playDate": "2018-07-19T00:07:13.000+0000", "artistId": 552, "songId": 56181304, "state": "WV", "style": "ROCK", "latitude": 38.92017, "longitude": -80.181694}, {"playDate": "2018-07-19T00:08:02.000+0000", "artistId": 552, "songId": 6126508, "state": "NE", "style": "ROCK", "latitude": 41.50082, "longitude": -99.6809}, {"playDate": "2018-07-19T00:08:20.000+0000", "artistId": 552, "songId": 16106511, "state": "LA", "style": "ROCK", "latitude": 30.973377, "longitude": -91.42991}, {"playDate": "2018-07-19T00:08:20.000+0000", "artistId": 552, "songId": 16106511, "state": "LA", "style": "ROCK", "latitude": 30.973377, "longitude": -91.42991}, {"playDate": "2018-07-19T00:08:25.000+0000", "artistId": 552, "songId": 6126504, "state": "MD", "style": "ROCK", "latitude": 38.80635, "longitude": -77.26842}, {"playDate": "2018-07-19T00:09:29.000+0000", "artistId": 552, "songId": 6126501, "state": "SC", "style": "ROCK", "latitude": 33.62505, "longitude": -80.94704}, {"playDate": "2018-07-19T00:09:45.000+0000", "artistId": 552, "songId": 16106511, "state": "IL", "style": "ROCK", "latitude": 39.73932, "longitude": -89.50414}], "totalRecordsCount": 1822}