{"plays": [{"playDate": "2018-07-25T00:00:06.000+0000", "artistId": 552, "songId": 16106212, "state": "ID", "style": "ROCK", "latitude": 45.494576, "longitude": -114.14243}, {"playDate": "2018-07-25T00:01:38.000+0000", "artistId": 552, "songId": 6126501, "state": "TX", "style": "ROCK", "latitude": 31.169336, "longitude": -100.07684}, {"playDate": "2018-07-25T00:01:49.000+0000", "artistId": 552, "songId": 6126506, "state": "WI", "style": "ROCK", "latitude": 44.786297, "longitude": -89.826706}, {"playDate": "2018-07-25T00:02:09.000+0000", "artistId": 552, "songId": 16106511, "state": "PA", "style": "ROCK", "latitude": 40.994595, "longitude": -77.6047}, {"playDate": "2018-07-25T00:02:33.000+0000", "artistId": 552, "songId": 6126506, "state": "IA", "style": "ROCK", "latitude": 41.938316, "longitude": -93.3898}, {"playDate": "2018-07-25T00:02:51.000+0000", "artistId": 552, "songId": 6126503, "state": "WI", "style": "ROCK", "latitude": 44.786297, "longitude": -89.826706}, {"playDate": "2018-07-25T00:03:22.000+0000", "artistId": 552, "songId": 16106511, "state": "CT", "style": "ROCK", "latitude": 41.518784, "longitude": -72.75751}, {"playDate": "2018-07-25T00:03:43.000+0000", "artistId": 552, "songId": 6126506, "state": "QC", "style": "ROCK", "latitude": 49.82258, "longitude": -64.34799}, {"playDate": "2018-07-25T00:04:25.000+0000", "artistId": 552, "songId": 16115209, "state": "OH", "style": "ROCK", "latitude": 40.19036, "longitude": -82.66925}, {"playDate": "2018-07-25T00:04:29.000+0000", "artistId": 552, "songId": 6126517, "state": "TX", "style": "ROCK", "latitude": 31.169336, "longitude": -100.07684}, {"playDate": "2018-07-25T00:05:51.000+0000", "artistId": 552, "songId": 6126506, "state": "WA", "style": "ROCK", "latitude": 38.89935, "longitude": -77.014565}, {"playDate": "2018-07-25T00:06:43.000+0000", "artistId": 552, "songId": 16103711, "state": "CA", "style": "ROCK", "latitude": 37.271873, "longitude": -119.27042}, {"playDate": "2018-07-25T00:06:52.000+0000", "artistId": 552, "songId": 6126517, "state": "IN", "style": "ROCK", "latitude": 39.76622, "longitude": -86.44128}, {"playDate": "2018-07-25T00:06:58.000+0000", "artistId": 552, "songId": 35143421, "state": "TX", "style": "ROCK", "latitude": 31.169336, "longitude": -100.07684}, {"playDate": "2018-07-25T00:07:00.000+0000", "artistId": 552, "songId": 6126505, "state": "TX", "style": "ROCK", "latitude": 31.169336, "longitude": -100.07684}, {"playDate": "2018-07-25T00:07:01.000+0000", "artistId": 552, "songId": 6126506, "state": "VT", "style": "ROCK", "latitude": 43.871754, "longitude": -72.447784}, {"playDate": "2018-07-25T00:08:07.000+0000", "artistId": 552, "songId": 6126506, "state": "PA", "style": "ROCK", "latitude": 40.994595, "longitude": -77.6047}, {"playDate": "2018-07-25T00:09:31.000+0000", "artistId": 552, "songId": 6131112, "state": "PA", "style": "ROCK", "latitude": 40.994595, "longitude": -77.6047}, {"playDate": "2018-07-25T00:10:51.000+0000", "artistId": 552, "songId": 6126508, "state": "IL", "style": "ROCK", "latitude": 39.73932, "longitude": -89.50414}, {"playDate": "2018-07-25T00:11:11.000+0000", "artistId": 552, "songId": 16106511, "state": "TX", "style": "ROCK", "latitude": 31.169336, "longitude": -100.07684}], "totalRecordsCount": 1663}