{"plays": [{"playDate": "2018-07-09T00:01:15.000+0000", "artistId": 552, "songId": 6126517, "state": "AZ", "style": "ROCK", "latitude": 34.168217, "longitude": -111.93091}, {"playDate": "2018-07-09T00:01:26.000+0000", "artistId": 552, "songId": 6126503, "state": "WA", "style": "ROCK", "latitude": 38.89935, "longitude": -77.014565}, {"playDate": "2018-07-09T00:01:27.000+0000", "artistId": 552, "songId": 6131109, "state": "NC", "style": "ROCK", "latitude": 35.21456, "longitude": -79.891266}, {"playDate": "2018-07-09T00:01:50.000+0000", "artistId": 552, "songId": 6126515, "state": "NV", "style": "ROCK", "latitude": 38.502033, "longitude": -117.02306}, {"playDate": "2018-07-09T00:01:55.000+0000", "artistId": 552, "songId": 16103501, "state": "CA", "style": "ROCK", "latitude": 37.271873, "longitude": -119.27042}, {"playDate": "2018-07-09T00:02:23.000+0000", "artistId": 552, "songId": 6126504, "state": "CA", "style": "ROCK", "latitude": 37.271873, "longitude": -119.27042}, {"playDate": "2018-07-09T00:02:49.000+0000", "artistId": 552, "songId": 6126504, "state": "OR", "style": "ROCK", "latitude": 44.141907, "longitude": -120.5381}, {"playDate": "2018-07-09T00:03:20.000+0000", "artistId": 552, "songId": 16103702, "state": "MN", "style": "ROCK", "latitude": 46.44186, "longitude": -93.36552}, {"playDate": "2018-07-09T00:03:58.000+0000", "artistId": 552, "songId": 6126503, "state": "IN", "style": "ROCK", "latitude": 39.76622, "longitude": -86.44128}, {"playDate": "2018-07-09T00:04:43.000+0000", "artistId": 552, "songId": 6126506, "state": "IL", "style": "ROCK", "latitude": 39.73932, "longitude": -89.50414}, {"playDate": "2018-07-09T00:04:59.000+0000", "artistId": 552, "songId": 6126506, "state": "WY", "style": "ROCK", "latitude": 43.000324, "longitude": -107.554565}, {"playDate": "2018-07-09T00:05:30.000+0000", "artistId": 552, "songId": 6126506, "state": "IL", "style": "ROCK", "latitude": 39.73932, "longitude": -89.50414}, {"playDate": "2018-07-09T00:06:58.000+0000", "artistId": 552, "songId": 16103702, "state": "MN", "style": "ROCK", "latitude": 46.44186, "longitude": -93.36552}, {"playDate": "2018-07-09T00:07:25.000+0000", "artistId": 552, "songId": 16106511, "state": "WA", "style": "ROCK", "latitude": 38.89935, "longitude": -77.014565}, {"playDate": "2018-07-09T00:07:43.000+0000", "artistId": 552, "songId": 6126506, "state": "TX", "style": "ROCK", "latitude": 31.169336, "longitude": -100.07684}, {"playDate": "2018-07-09T00:08:12.000+0000", "artistId": 552, "songId": 6126506, "state": "CT", "style": "ROCK", "latitude": 41.518784, "longitude": -72.75751}, {"playDate": "2018-07-09T00:08:31.000+0000", "artistId": 552, "songId": 6126517, "state": "KY", "style": "ROCK", "latitude": 37.822292, "longitude": -85.76824}, {"playDate": "2018-07-09T00:09:55.000+0000", "artistId": 552, "songId": 6126509, "state": "NY", "style": "ROCK", "latitude": 40.705627, "longitude": -73.97968}, {"playDate": "2018-07-09T00:10:14.000+0000", "artistId": 552, "songId": 6126506, "state": "PA", "style": "ROCK", "latitude": 40.994595, "longitude": -77.6047}, {"playDate": "2018-07-09T00:10:41.000+0000", "artistId": 552, "songId": 16106511, "state": "MA", "style": "ROCK", "latitude": 42.06294, "longitude": -71.71806}], "totalRecordsCount": 1574}