{"plays": [{"playDate": "2018-07-24T00:00:07.000+0000", "artistId": 552, "songId": 16106511, "state": "OH", "style": "ROCK", "latitude": 40.19036, "longitude": -82.66925}, {"playDate": "2018-07-24T00:00:19.000+0000", "artistId": 552, "songId": 16260614, "state": "MN", "style": "ROCK", "latitude": 46.44186, "longitude": -93.36552}, {"playDate": "2018-07-24T00:01:48.000+0000", "artistId": 552, "songId": 6126506, "state": "NC", "style": "ROCK", "latitude": 35.21456, "longitude": -79.891266}, {"playDate": "2018-07-24T00:02:27.000+0000", "artistId": 552, "songId": 56181319, "state": "IL", "style": "ROCK", "latitude": 39.73932, "longitude": -89.50414}, {"playDate": "2018-07-24T00:02:27.000+0000", "artistId": 552, "songId": 56181319, "state": "IL", "style": "ROCK", "latitude": 39.73932, "longitude": -89.50414}, {"playDate": "2018-07-24T00:02:58.000+0000", "artistId": 552, "songId": 6126501, "state": "MO", "style": "ROCK", "latitude": 38.30466, "longitude": -92.437096}, {"playDate": "2018-07-24T00:03:02.000+0000", "artistId": 552, "songId": 6126517, "state": "KY", "style": "ROCK", "latitude": 37.822292, "longitude": -85.76824}, {"playDate": "2018-07-24T00:03:50.000+0000", "artistId": 552, "songId": 6126517, "state": "NC", "style": "ROCK", "latitude": 35.21456, "longitude": -79.891266}, {"playDate": "2018-07-24T00:05:21.000+0000", "artistId": 552, "songId": 6126515, "state": "SC", "style": "ROCK", "latitude": 33.62505, "longitude": -80.94704}, {"playDate": "2018-07-24T00:06:08.000+0000", "artistId": 552, "songId": 16106511, "state": "IL", "style": "ROCK", "latitude": 39.73932, "longitude": -89.50414}, {"playDate": "2018-07-24T00:06:46.000+0000", "artistId": 552, "songId": 16106511, "state": "CA", "style": "ROCK", "latitude": 37.271873, "longitude": -119.27042}, {"playDate": "2018-07-24T00:07:07.000+0000", "artistId": 552, "songId": 6126506, "state": "OH", "style": "ROCK", "latitude": 40.19036, "longitude": -82.66925}, {"playDate": "2018-07-24T00:07:10.000+0000", "artistId": 552, "songId": 6126503, "state": "VA", "style": "ROCK", "latitude": 38.003384, "longitude": -79.458786}, {"playDate": "2018-07-24T00:07:14.000+0000", "artistId": 552, "songId": 78950407, "state": "MI", "style": "ROCK", "latitude": 44.94356, "longitude": -86.4158}, {"playDate": "2018-07-24T00:07:23.000+0000", "artistId": 552, "songId": 6126517, "state": "ON", "style": "ROCK", "latitude": 44.566647, "longitude": -80.84998}, {"playDate": "2018-07-24T00:09:11.000+0000", "artistId": 552, "songId": 6126515, "state": "CA", "style": "ROCK", "latitude": 37.271873, "longitude": -119.27042}, {"playDate": "2018-07-24T00:09:15.000+0000", "artistId": 552, "songId": 6126506, "state": "ID", "style": "ROCK", "latitude": 45.494576, "longitude": -114.14243}, {"playDate": "2018-07-24T00:10:11.000+0000", "artistId": 552, "songId": 16106511, "state": "MA", "style": "ROCK", "latitude": 42.06294, "longitude": -71.71806}, {"playDate": "2018-07-24T00:11:04.000+0000", "artistId": 552, "songId": 6126508, "state": "AR", "style": "ROCK", "latitude": 34.751926, "longitude": -92.13138}, {"playDate": "2018-07-24T00:11:13.000+0000", "artistId": 552, "songId": 6126504, "state": "OH", "style": "ROCK", "latitude": 40.19036, "longitude": -82.66925}], "totalRecordsCount": 1590}