{"plays": [{"playDate": "2018-07-21T00:01:11.000+0000", "artistId": 552, "songId": 56181309, "state": "PA", "style": "ROCK", "latitude": 40.994595, "longitude": -77.6047}, {"playDate": "2018-07-21T00:01:28.000+0000", "artistId": 552, "songId": 16106511, "state": "NJ", "style": "ROCK", "latitude": 40.143005, "longitude": -74.73112}, {"playDate": "2018-07-21T00:02:22.000+0000", "artistId": 552, "songId": 78950414, "state": "WI", "style": "ROCK", "latitude": 44.786297, "longitude": -89.826706}, {"playDate": "2018-07-21T00:02:23.000+0000", "artistId": 552, "songId": 6126501, "state": "IA", "style": "ROCK", "latitude": 41.938316, "longitude": -93.3898}, {"playDate": "2018-07-21T00:02:49.000+0000", "artistId": 552, "songId": 6126506, "state": "NE", "style": "ROCK", "latitude": 41.50082, "longitude": -99.6809}, {"playDate": "2018-07-21T00:02:55.000+0000", "artistId": 552, "songId": 6126515, "state": "TX", "style": "ROCK", "latitude": 31.169336, "longitude": -100.07684}, {"playDate": "2018-07-21T00:02:56.000+0000", "artistId": 552, "songId": 6126503, "state": "VA", "style": "ROCK", "latitude": 38.003384, "longitude": -79.458786}, {"playDate": "2018-07-21T00:03:06.000+0000", "artistId": 552, "songId": 6126506, "state": "IL", "style": "ROCK", "latitude": 39.73932, "longitude": -89.50414}, {"playDate": "2018-07-21T00:03:07.000+0000", "artistId": 552, "songId": 16123301, "state": "ID", "style": "ROCK", "latitude": 45.494576, "longitude": -114.14243}, {"playDate": "2018-07-21T00:03:47.000+0000", "artistId": 552, "songId": 78950407, "state": "WI", "style": "ROCK", "latitude": 44.786297, "longitude": -89.826706}, {"playDate": "2018-07-21T00:04:18.000+0000", "artistId": 552, "songId": 6126505, "state": "TX", "style": "ROCK", "latitude": 31.169336, "longitude": -100.07684}, {"playDate": "2018-07-21T00:04:21.000+0000", "artistId": 552, "songId": 6126501, "state": "OH", "style": "ROCK", "latitude": 40.19036, "longitude": -82.66925}, {"playDate": "2018-07-21T00:04:28.000+0000", "artistId": 552, "songId": 6126506, "state": "NY", "style": "ROCK", "latitude": 40.705627, "longitude": -73.97968}, {"playDate": "2018-07-21T00:05:00.000+0000", "artistId": 552, "songId": 6126506, "state": "MN", "style": "ROCK", "latitude": 46.44186, "longitude": -93.36552}, {"playDate": "2018-07-21T00:05:04.000+0000", "artistId": 552, "songId": 6126506, "state": "RI", "style": "ROCK", "latitude": 41.58273, "longitude": -71.506454}, {"playDate": "2018-07-21T00:05:31.000+0000", "artistId": 552, "songId": 16106511, "state": "CA", "style": "ROCK", "latitude": 37.271873, "longitude": -119.27042}, {"playDate": "2018-07-21T00:05:36.000+0000", "artistId": 552, "songId": 6126503, "state": "MO", "style": "ROCK", "latitude": 38.30466, "longitude": -92.437096}, {"playDate": "2018-07-21T00:05:39.000+0000", "artistId": 552, "songId": 6126506, "state": "CA", "style": "ROCK", "latitude": 37.271873, "longitude": -119.27042}, {"playDate": "2018-07-21T00:06:59.000+0000", "artistId": 552, "songId": 16106511, "state": "OH", "style": "ROCK", "latitude": 40.19036, "longitude": -82.66925}, {"playDate": "2018-07-21T00:07:04.000+0000", "artistId": 552, "songId": 6126506, "state": "AZ", "style": "ROCK", "latitude": 34.168217, "longitude": -111.93091}], "totalRecordsCount": 2246}