{"plays": [{"playDate": "2018-07-31T23:20:43.000+0000", "artistId": 552, "songId": 6126506, "state": "GA", "style": "ROCK", "latitude": 32.678123, "longitude": -83.22298}, {"playDate": "2018-07-31T23:29:02.000+0000", "artistId": 552, "songId": 6126508, "state": "IL", "style": "ROCK", "latitude": 39.73932, "longitude": -89.50414}, {"playDate": "2018-07-31T23:30:56.000+0000", "artistId": 552, "songId": 6126515, "state": "FL", "style": "ROCK", "latitude": 27.975727, "longitude": -83.833015}, {"playDate": "2018-07-31T23:32:25.000+0000", "artistId": 552, "songId": 16106511, "state": "ON", "style": "ROCK", "latitude": 44.566647, "longitude": -80.84998}, {"playDate": "2018-07-31T23:33:21.000+0000", "artistId": 552, "songId": 6126515, "state": "OH", "style": "ROCK", "latitude": 40.19036, "longitude": -82.66925}, {"playDate": "2018-07-31T23:37:30.000+0000", "artistId": 552, "songId": 6126506, "state": "IL", "style": "ROCK", "latitude": 39.73932, "longitude": -89.50414}, {"playDate": "2018-07-31T23:40:52.000+0000", "artistId": 552, "songId": 6126506, "state": "OK", "style": "ROCK", "latitude": 35.309765, "longitude": -98.71656}, {"playDate": "2018-07-31T23:42:13.000+0000", "artistId": 552, "songId": 6131109, "state": "WA", "style": "ROCK", "latitude": 38.89935, "longitude": -77.014565}, {"playDate": "2018-07-31T23:42:19.000+0000", "artistId": 552, "songId": 6126517, "state": "AR", "style": "ROCK", "latitude": 34.751926, "longitude": -92.13138}, {"playDate": "2018-07-31T23:43:42.000+0000", "artistId": 552, "songId": 6126504, "state": "TX", "style": "ROCK", "latitude": 31.169336, "longitude": -100.07684}, {"playDate": "2018-07-31T23:44:27.000+0000", "artistId": 552, "songId": 6126504, "state": "CO", "style": "ROCK", "latitude": 38.997932, "longitude": -105.55057}, {"playDate": "2018-07-31T23:47:01.000+0000", "artistId": 552, "songId": 16103701, "state": "NY", "style": "ROCK", "latitude": 40.705627, "longitude": -73.97968}, {"playDate": "2018-07-31T23:47:36.000+0000", "artistId": 552, "songId": 6126517, "state": "NY", "style": "ROCK", "latitude": 40.705627, "longitude": -73.97968}, {"playDate": "2018-07-31T23:48:23.000+0000", "artistId": 552, "songId": 49402101, "state": "NC", "style": "ROCK", "latitude": 35.21456, "longitude": -79.891266}, {"playDate": "2018-07-31T23:50:10.000+0000", "artistId": 552, "songId": 16106401, "state": "WI", "style": "ROCK", "latitude": 44.786297, "longitude": -89.826706}, {"playDate": "2018-07-31T23:50:42.000+0000", "artistId": 552, "songId": 16106511, "state": "MO", "style": "ROCK", "latitude": 38.30466, "longitude": -92.437096}, {"playDate": "2018-07-31T23:50:53.000+0000", "artistId": 552, "songId": 6126502, "state": "IL", "style": "ROCK", "latitude": 39.73932, "longitude": -89.50414}, {"playDate": "2018-07-31T23:53:03.000+0000", "artistId": 552, "songId": 16123301, "state": "CT", "style": "ROCK", "latitude": 41.518784, "longitude": -72.75751}, {"playDate": "2018-07-31T23:53:24.000+0000", "artistId": 552, "songId": 16103701, "state": "CA", "style": "ROCK", "latitude": 37.271873, "longitude": -119.27042}, {"playDate": "2018-07-31T23:54:43.000+0000", "artistId": 552, "songId": 16103702, "state": "MT", "style": "ROCK", "latitude": 46.6798, "longitude": -110.044785}], "totalRecordsCount": 22}