{"plays": [{"playDate": "2018-07-05T00:01:00.000+0000", "artistId": 552, "songId": 6131104, "state": "WI", "style": "ROCK", "latitude": 44.786297, "longitude": -89.826706}, {"playDate": "2018-07-05T00:01:19.000+0000", "artistId": 552, "songId": 6126509, "state": "NV", "style": "ROCK", "latitude": 38.502033, "longitude": -117.02306}, {"playDate": "2018-07-05T00:01:57.000+0000", "artistId": 552, "songId": 16106511, "state": "TN", "style": "ROCK", "latitude": 35.83052, "longitude": -85.9786}, {"playDate": "2018-07-05T00:02:39.000+0000", "artistId": 552, "songId": 56181309, "state": "TX", "style": "ROCK", "latitude": 31.169336, "longitude": -100.07684}, {"playDate": "2018-07-05T00:02:54.000+0000", "artistId": 552, "songId": 16123301, "state": "TX", "style": "ROCK", "latitude": 31.169336, "longitude": -100.07684}, {"playDate": "2018-07-05T00:03:51.000+0000", "artistId": 552, "songId": 16103602, "state": "FL", "style": "ROCK", "latitude": 27.975727, "longitude": -83.833015}, {"playDate": "2018-07-05T00:04:19.000+0000", "artistId": 552, "songId": 6126517, "state": "OR", "style": "ROCK", "latitude": 44.141907, "longitude": -120.5381}, {"playDate": "2018-07-05T00:05:18.000+0000", "artistId": 552, "songId": 6126515, "state": "NC", "style": "ROCK", "latitude": 35.21456, "longitude": -79.891266}, {"playDate": "2018-07-05T00:06:01.000+0000", "artistId": 552, "songId": 6126506, "state": "CA", "style": "ROCK", "latitude": 37.271873, "longitude": -119.27042}, {"playDate": "2018-07-05T00:06:10.000+0000", "artistId": 552, "songId": 16106511, "state": "MO", "style": "ROCK", "latitude": 38.30466, "longitude": -92.437096}, {"playDate": "2018-07-05T00:08:39.000+0000", "artistId": 552, "songId": 6126508, "state": "MO", "style": "ROCK", "latitude": 38.30466, "longitude": -92.437096}, {"playDate": "2018-07-05T00:08:57.000+0000", "artistId": 552, "songId": 56181309, "state": "TX", "style": "ROCK", "latitude": 31.169336, "longitude": -100.07684}, {"playDate": "2018-07-05T00:09:50.000+0000", "artistId": 552, "songId": 16110407, "state": "TX", "style": "ROCK", "latitude": 31.169336, "longitude": -100.07684}, {"playDate": "2018-07-05T00:10:22.000+0000", "artistId": 552, "songId": 6126501, "state": "PA", "style": "ROCK", "latitude": 40.994595, "longitude": -77.6047}, {"playDate": "2018-07-05T00:10:45.000+0000", "artistId": 552, "songId": 16106511, "state": "TX", "style": "ROCK", "latitude": 31.169336, "longitude": -100.07684}, {"playDate": "2018-07-05T00:10:55.000+0000", "artistId": 552, "songId": 6126506, "state": "SD", "style": "ROCK", "latitude": 44.2127, "longitude": -100.24716}, {"playDate": "2018-07-05T00:12:30.000+0000", "artistId": 552, "songId": 16103702, "state": "TN", "style": "ROCK", "latitude": 35.83052, "longitude": -85.9786}, {"playDate": "2018-07-05T00:12:47.000+0000", "artistId": 552, "songId": 6126506, "state": "ND", "style": "ROCK", "latitude": 47.46788, "longitude": -100.30227}, {"playDate": "2018-07-05T00:13:09.000+0000", "artistId": 552, "songId": 6126517, "state": "TX", "style": "ROCK", "latitude": 31.169336, "longitude": -100.07684}, {"playDate": "2018-07-05T00:13:51.000+0000", "artistId": 552, "songId": 6126515, "state": "IN", "style": "ROCK", "latitude": 39.76622, "longitude": -86.44128}], "totalRecordsCount": 1766}