{"plays": [{"playDate": "2018-01-26T00:00:12.000+0000", "artistId": 552, "songId": 6126503, "state": "HI", "style": "ROCK", "latitude": 20.46, "longitude": -157.505}, {"playDate": "2018-01-26T00:00:41.000+0000", "artistId": 552, "songId": 6126506, "state": "WY", "style": "ROCK", "latitude": 43.000324, "longitude": -107.554565}, {"playDate": "2018-01-26T00:01:05.000+0000", "artistId": 552, "songId": 6131117, "state": "KS", "style": "ROCK", "latitude": 38.49878, "longitude": -98.320076}, {"playDate": "2018-01-26T00:01:44.000+0000", "artistId": 552, "songId": 16103717, "state": "NJ", "style": "ROCK", "latitude": 40.143005, "longitude": -74.73112}, {"playDate": "2018-01-26T00:02:12.000+0000", "artistId": 552, "songId": 92680501, "state": "WA", "style": "ROCK", "latitude": 38.89935, "longitude": -77.014565}, {"playDate": "2018-01-26T00:02:24.000+0000", "artistId": 552, "songId": 16110407, "state": "MT", "style": "ROCK", "latitude": 46.6798, "longitude": -110.044785}, {"playDate": "2018-01-26T00:03:01.000+0000", "artistId": 552, "songId": 16110407, "state": "AK", "style": "ROCK", "latitude": 61.3025, "longitude": -158.77502}, {"playDate": "2018-01-26T00:03:18.000+0000", "artistId": 552, "songId": 6126506, "state": "ND", "style": "ROCK", "latitude": 47.46788, "longitude": -100.30227}, {"playDate": "2018-01-26T00:04:01.000+0000", "artistId": 552, "songId": 6126517, "state": "OH", "style": "ROCK", "latitude": 40.19036, "longitude": -82.66925}, {"playDate": "2018-01-26T00:04:06.000+0000", "artistId": 552, "songId": 6126505, "state": "WA", "style": "ROCK", "latitude": 38.89935, "longitude": -77.014565}, {"playDate": "2018-01-26T00:06:30.000+0000", "artistId": 552, "songId": 6126506, "state": "TX", "style": "ROCK", "latitude": 31.169336, "longitude": -100.07684}, {"playDate": "2018-01-26T00:06:30.000+0000", "artistId": 552, "songId": 6126506, "state": "TX", "style": "ROCK", "latitude": 31.169336, "longitude": -100.07684}, {"playDate": "2018-01-26T00:07:15.000+0000", "artistId": 552, "songId": 16106511, "state": "TN", "style": "ROCK", "latitude": 35.83052, "longitude": -85.9786}, {"playDate": "2018-01-26T00:07:26.000+0000", "artistId": 552, "songId": 6126503, "state": "NC", "style": "ROCK", "latitude": 35.21456, "longitude": -79.891266}, {"playDate": "2018-01-26T00:07:55.000+0000", "artistId": 552, "songId": 16106511, "state": "IL", "style": "ROCK", "latitude": 39.73932, "longitude": -89.50414}, {"playDate": "2018-01-26T00:08:17.000+0000", "artistId": 552, "songId": 6126506, "state": "ND", "style": "ROCK", "latitude": 47.46788, "longitude": -100.30227}, {"playDate": "2018-01-26T00:10:38.000+0000", "artistId": 552, "songId": 16103702, "state": "IL", "style": "ROCK", "latitude": 39.73932, "longitude": -89.50414}, {"playDate": "2018-01-26T00:11:16.000+0000", "artistId": 552, "songId": 16103702, "state": "AK", "style": "ROCK", "latitude": 61.3025, "longitude": -158.77502}, {"playDate": "2018-01-26T00:12:16.000+0000", "artistId": 552, "songId": 56181304, "state": "UT", "style": "ROCK", "latitude": 39.49976, "longitude": -111.54703}, {"playDate": "2018-01-26T00:13:03.000+0000", "artistId": 552, "songId": 16106511, "state": "MO", "style": "ROCK", "latitude": 38.30466, "longitude": -92.437096}], "totalRecordsCount": 2134}