{"plays": [{"playDate": "2018-01-17T00:00:11.000+0000", "artistId": 552, "songId": 6126506, "state": "TX", "style": "ROCK", "latitude": 31.169336, "longitude": -100.07684}, {"playDate": "2018-01-17T00:02:14.000+0000", "artistId": 552, "songId": 16106511, "state": "OH", "style": "ROCK", "latitude": 40.19036, "longitude": -82.66925}, {"playDate": "2018-01-17T00:03:18.000+0000", "artistId": 552, "songId": 16106511, "state": "FL", "style": "ROCK", "latitude": 27.975727, "longitude": -83.833015}, {"playDate": "2018-01-17T00:04:17.000+0000", "artistId": 552, "songId": 6126503, "state": "OH", "style": "ROCK", "latitude": 40.19036, "longitude": -82.66925}, {"playDate": "2018-01-17T00:08:32.000+0000", "artistId": 552, "songId": 6126517, "state": "CA", "style": "ROCK", "latitude": 37.271873, "longitude": -119.27042}, {"playDate": "2018-01-17T00:08:57.000+0000", "artistId": 552, "songId": 6126505, "state": "PA", "style": "ROCK", "latitude": 40.994595, "longitude": -77.6047}, {"playDate": "2018-01-17T00:09:23.000+0000", "artistId": 552, "songId": 16106511, "state": "MI", "style": "ROCK", "latitude": 44.94356, "longitude": -86.4158}, {"playDate": "2018-01-17T00:09:28.000+0000", "artistId": 552, "songId": 6126506, "state": "OH", "style": "ROCK", "latitude": 40.19036, "longitude": -82.66925}, {"playDate": "2018-01-17T00:09:39.000+0000", "artistId": 552, "songId": 16106511, "state": "FL", "style": "ROCK", "latitude": 27.975727, "longitude": -83.833015}, {"playDate": "2018-01-17T00:10:20.000+0000", "artistId": 552, "songId": 16106511, "state": "IL", "style": "ROCK", "latitude": 39.73932, "longitude": -89.50414}, {"playDate": "2018-01-17T00:10:50.000+0000", "artistId": 552, "songId": 6126504, "state": "WA", "style": "ROCK", "latitude": 38.89935, "longitude": -77.014565}, {"playDate": "2018-01-17T00:11:04.000+0000", "artistId": 552, "songId": 6126506, "state": "FL", "style": "ROCK", "latitude": 27.975727, "longitude": -83.833015}, {"playDate": "2018-01-17T00:14:48.000+0000", "artistId": 552, "songId": 56181304, "state": "CO", "style": "ROCK", "latitude": 38.997932, "longitude": -105.55057}, {"playDate": "2018-01-17T00:19:56.000+0000", "artistId": 552, "songId": 6126506, "state": "CA", "style": "ROCK", "latitude": 37.271873, "longitude": -119.27042}, {"playDate": "2018-01-17T00:20:45.000+0000", "artistId": 552, "songId": 16106511, "state": "OH", "style": "ROCK", "latitude": 40.19036, "longitude": -82.66925}, {"playDate": "2018-01-17T00:20:51.000+0000", "artistId": 552, "songId": 6126506, "state": "TX", "style": "ROCK", "latitude": 31.169336, "longitude": -100.07684}, {"playDate": "2018-01-17T00:22:09.000+0000", "artistId": 552, "songId": 6126515, "state": "WI", "style": "ROCK", "latitude": 44.786297, "longitude": -89.826706}, {"playDate": "2018-01-17T00:22:11.000+0000", "artistId": 552, "songId": 6126515, "state": "BC", "style": "ROCK", "latitude": 49.09996, "longitude": -116.5167}, {"playDate": "2018-01-17T00:22:34.000+0000", "artistId": 552, "songId": 16123301, "state": "ON", "style": "ROCK", "latitude": 44.566647, "longitude": -80.84998}, {"playDate": "2018-01-17T00:22:50.000+0000", "artistId": 552, "songId": 16103501, "state": "PA", "style": "ROCK", "latitude": 40.994595, "longitude": -77.6047}], "totalRecordsCount": 1682}