{"plays": [{"playDate": "2018-01-16T23:25:34.000+0000", "artistId": 552, "songId": 6126504, "state": "FL", "style": "ROCK", "latitude": 27.975727, "longitude": -83.833015}, {"playDate": "2018-01-16T23:26:11.000+0000", "artistId": 552, "songId": 16106511, "state": "CA", "style": "ROCK", "latitude": 37.271873, "longitude": -119.27042}, {"playDate": "2018-01-16T23:33:24.000+0000", "artistId": 552, "songId": 6126503, "state": "MA", "style": "ROCK", "latitude": 42.06294, "longitude": -71.71806}, {"playDate": "2018-01-16T23:36:36.000+0000", "artistId": 552, "songId": 6126509, "state": "CT", "style": "ROCK", "latitude": 41.518784, "longitude": -72.75751}, {"playDate": "2018-01-16T23:38:14.000+0000", "artistId": 552, "songId": 16106401, "state": "TX", "style": "ROCK", "latitude": 31.169336, "longitude": -100.07684}, {"playDate": "2018-01-16T23:39:26.000+0000", "artistId": 552, "songId": 6126504, "state": "MI", "style": "ROCK", "latitude": 44.94356, "longitude": -86.4158}, {"playDate": "2018-01-16T23:42:48.000+0000", "artistId": 552, "songId": 6126501, "state": "WA", "style": "ROCK", "latitude": 38.89935, "longitude": -77.014565}, {"playDate": "2018-01-16T23:44:49.000+0000", "artistId": 552, "songId": 6126506, "state": "CA", "style": "ROCK", "latitude": 37.271873, "longitude": -119.27042}, {"playDate": "2018-01-16T23:54:45.000+0000", "artistId": 552, "songId": 6126508, "state": "CA", "style": "ROCK", "latitude": 37.271873, "longitude": -119.27042}, {"playDate": "2018-01-16T23:55:19.000+0000", "artistId": 552, "songId": 6126506, "state": "GA", "style": "ROCK", "latitude": 32.678123, "longitude": -83.22298}, {"playDate": "2018-01-16T23:55:26.000+0000", "artistId": 552, "songId": 16123301, "state": "OR", "style": "ROCK", "latitude": 44.141907, "longitude": -120.5381}], "totalRecordsCount": 11}