{"plays": [{"playDate": "2018-01-31T00:01:01.000+0000", "artistId": 552, "songId": 6126502, "state": "TX", "style": "ROCK", "latitude": 31.169336, "longitude": -100.07684}, {"playDate": "2018-01-31T00:01:09.000+0000", "artistId": 552, "songId": 16106511, "state": "WV", "style": "ROCK", "latitude": 38.92017, "longitude": -80.181694}, {"playDate": "2018-01-31T00:01:30.000+0000", "artistId": 552, "songId": 16106511, "state": "AR", "style": "ROCK", "latitude": 34.751926, "longitude": -92.13138}, {"playDate": "2018-01-31T00:02:49.000+0000", "artistId": 552, "songId": 6126501, "state": "IL", "style": "ROCK", "latitude": 39.73932, "longitude": -89.50414}, {"playDate": "2018-01-31T00:03:39.000+0000", "artistId": 552, "songId": 16103702, "state": "MN", "style": "ROCK", "latitude": 46.44186, "longitude": -93.36552}, {"playDate": "2018-01-31T00:04:13.000+0000", "artistId": 552, "songId": 16102012, "state": "LA", "style": "ROCK", "latitude": 30.973377, "longitude": -91.42991}, {"playDate": "2018-01-31T00:06:01.000+0000", "artistId": 552, "songId": 6126515, "state": "BC", "style": "ROCK", "latitude": 49.09996, "longitude": -116.5167}, {"playDate": "2018-01-31T00:06:46.000+0000", "artistId": 552, "songId": 6126503, "state": "FL", "style": "ROCK", "latitude": 27.975727, "longitude": -83.833015}, {"playDate": "2018-01-31T00:07:12.000+0000", "artistId": 552, "songId": 6126515, "state": "NJ", "style": "ROCK", "latitude": 40.143005, "longitude": -74.73112}, {"playDate": "2018-01-31T00:07:19.000+0000", "artistId": 552, "songId": 16103601, "state": "ID", "style": "ROCK", "latitude": 45.494576, "longitude": -114.14243}, {"playDate": "2018-01-31T00:08:00.000+0000", "artistId": 552, "songId": 6126506, "state": "WI", "style": "ROCK", "latitude": 44.786297, "longitude": -89.826706}, {"playDate": "2018-01-31T00:09:32.000+0000", "artistId": 552, "songId": 56181304, "state": "NY", "style": "ROCK", "latitude": 40.705627, "longitude": -73.97968}, {"playDate": "2018-01-31T00:10:15.000+0000", "artistId": 552, "songId": 6131102, "state": "IL", "style": "ROCK", "latitude": 39.73932, "longitude": -89.50414}, {"playDate": "2018-01-31T00:10:31.000+0000", "artistId": 552, "songId": 16115209, "state": "CA", "style": "ROCK", "latitude": 37.271873, "longitude": -119.27042}, {"playDate": "2018-01-31T00:10:37.000+0000", "artistId": 552, "songId": 6126515, "state": "TX", "style": "ROCK", "latitude": 31.169336, "longitude": -100.07684}, {"playDate": "2018-01-31T00:14:09.000+0000", "artistId": 552, "songId": 6126506, "state": "MN", "style": "ROCK", "latitude": 46.44186, "longitude": -93.36552}, {"playDate": "2018-01-31T00:16:13.000+0000", "artistId": 552, "songId": 6126506, "state": "KS", "style": "ROCK", "latitude": 38.49878, "longitude": -98.320076}, {"playDate": "2018-01-31T00:16:41.000+0000", "artistId": 552, "songId": 6126506, "state": "NY", "style": "ROCK", "latitude": 40.705627, "longitude": -73.97968}, {"playDate": "2018-01-31T00:18:47.000+0000", "artistId": 552, "songId": 16110461, "state": "PA", "style": "ROCK", "latitude": 40.994595, "longitude": -77.6047}, {"playDate": "2018-01-31T00:19:12.000+0000", "artistId": 552, "songId": 6126506, "state": "DE", "style": "ROCK", "latitude": 39.145252, "longitude": -75.41892}], "totalRecordsCount": 1642}