{"plays": [{"playDate": "2018-01-08T00:04:05.000+0000", "artistId": 552, "songId": 16106511, "state": "OR", "style": "ROCK", "latitude": 44.141907, "longitude": -120.5381}, {"playDate": "2018-01-08T00:04:55.000+0000", "artistId": 552, "songId": 6126503, "state": "RI", "style": "ROCK", "latitude": 41.58273, "longitude": -71.506454}, {"playDate": "2018-01-08T00:06:00.000+0000", "artistId": 552, "songId": 16103701, "state": "OR", "style": "ROCK", "latitude": 44.141907, "longitude": -120.5381}, {"playDate": "2018-01-08T00:08:20.000+0000", "artistId": 552, "songId": 6126515, "state": "IL", "style": "ROCK", "latitude": 39.73932, "longitude": -89.50414}, {"playDate": "2018-01-08T00:08:30.000+0000", "artistId": 552, "songId": 56181304, "state": "NC", "style": "ROCK", "latitude": 35.21456, "longitude": -79.891266}, {"playDate": "2018-01-08T00:09:47.000+0000", "artistId": 552, "songId": 6126506, "state": "IL", "style": "ROCK", "latitude": 39.73932, "longitude": -89.50414}, {"playDate": "2018-01-08T00:11:12.000+0000", "artistId": 552, "songId": 6126504, "state": "IN", "style": "ROCK", "latitude": 39.76622, "longitude": -86.44128}, {"playDate": "2018-01-08T00:12:51.000+0000", "artistId": 552, "songId": 56181302, "state": "NM", "style": "ROCK", "latitude": 34.166233, "longitude": -106.02607}, {"playDate": "2018-01-08T00:14:43.000+0000", "artistId": 552, "songId": 6126506, "state": "PA", "style": "ROCK", "latitude": 40.994595, "longitude": -77.6047}, {"playDate": "2018-01-08T00:14:47.000+0000", "artistId": 552, "songId": 6126517, "state": "CA", "style": "ROCK", "latitude": 37.271873, "longitude": -119.27042}, {"playDate": "2018-01-08T00:16:31.000+0000", "artistId": 552, "songId": 6126517, "state": "MO", "style": "ROCK", "latitude": 38.30466, "longitude": -92.437096}, {"playDate": "2018-01-08T00:16:39.000+0000", "artistId": 552, "songId": 56181302, "state": "MN", "style": "ROCK", "latitude": 46.44186, "longitude": -93.36552}, {"playDate": "2018-01-08T00:17:04.000+0000", "artistId": 552, "songId": 6126506, "state": "FL", "style": "ROCK", "latitude": 27.975727, "longitude": -83.833015}, {"playDate": "2018-01-08T00:18:02.000+0000", "artistId": 552, "songId": 16103702, "state": "VA", "style": "ROCK", "latitude": 38.003384, "longitude": -79.458786}, {"playDate": "2018-01-08T00:20:57.000+0000", "artistId": 552, "songId": 6126515, "state": "CA", "style": "ROCK", "latitude": 37.271873, "longitude": -119.27042}, {"playDate": "2018-01-08T00:22:12.000+0000", "artistId": 552, "songId": 6126506, "state": "WI", "style": "ROCK", "latitude": 44.786297, "longitude": -89.826706}, {"playDate": "2018-01-08T00:25:15.000+0000", "artistId": 552, "songId": 6126503, "state": "TX", "style": "ROCK", "latitude": 31.169336, "longitude": -100.07684}, {"playDate": "2018-01-08T00:26:19.000+0000", "artistId": 552, "songId": 6126506, "state": "PA", "style": "ROCK", "latitude": 40.994595, "longitude": -77.6047}, {"playDate": "2018-01-08T00:26:23.000+0000", "artistId": 552, "songId": 6126506, "state": "NY", "style": "ROCK", "latitude": 40.705627, "longitude": -73.97968}, {"playDate": "2018-01-08T00:26:32.000+0000", "artistId": 552, "songId": 56181309, "state": "IN", "style": "ROCK", "latitude": 39.76622, "longitude": -86.44128}], "totalRecordsCount": 1542}