{"plays": [{"playDate": "2018-01-13T00:00:02.000+0000", "artistId": 552, "songId": 6126506, "state": "ON", "style": "ROCK", "latitude": 44.566647, "longitude": -80.84998}, {"playDate": "2018-01-13T00:01:04.000+0000", "artistId": 552, "songId": 16123301, "state": "FL", "style": "ROCK", "latitude": 27.975727, "longitude": -83.833015}, {"playDate": "2018-01-13T00:01:11.000+0000", "artistId": 552, "songId": 16123301, "state": "DC", "style": "ROCK", "latitude": 38.89935, "longitude": -77.014565}, {"playDate": "2018-01-13T00:01:41.000+0000", "artistId": 552, "songId": 16106511, "state": "MO", "style": "ROCK", "latitude": 38.30466, "longitude": -92.437096}, {"playDate": "2018-01-13T00:01:50.000+0000", "artistId": 552, "songId": 6126506, "state": "WI", "style": "ROCK", "latitude": 44.786297, "longitude": -89.826706}, {"playDate": "2018-01-13T00:02:35.000+0000", "artistId": 552, "songId": 16123301, "state": "CO", "style": "ROCK", "latitude": 38.997932, "longitude": -105.55057}, {"playDate": "2018-01-13T00:03:03.000+0000", "artistId": 552, "songId": 16106511, "state": "ON", "style": "ROCK", "latitude": 44.566647, "longitude": -80.84998}, {"playDate": "2018-01-13T00:03:04.000+0000", "artistId": 552, "songId": 16106511, "state": "AZ", "style": "ROCK", "latitude": 34.168217, "longitude": -111.93091}, {"playDate": "2018-01-13T00:03:05.000+0000", "artistId": 552, "songId": 16106511, "state": "CO", "style": "ROCK", "latitude": 38.997932, "longitude": -105.55057}, {"playDate": "2018-01-13T00:03:11.000+0000", "artistId": 552, "songId": 6126509, "state": "CA", "style": "ROCK", "latitude": 37.271873, "longitude": -119.27042}, {"playDate": "2018-01-13T00:03:25.000+0000", "artistId": 552, "songId": 6126506, "state": "CO", "style": "ROCK", "latitude": 38.997932, "longitude": -105.55057}, {"playDate": "2018-01-13T00:03:29.000+0000", "artistId": 552, "songId": 6126506, "state": "OH", "style": "ROCK", "latitude": 40.19036, "longitude": -82.66925}, {"playDate": "2018-01-13T00:03:30.000+0000", "artistId": 552, "songId": 6126515, "state": "WA", "style": "ROCK", "latitude": 38.89935, "longitude": -77.014565}, {"playDate": "2018-01-13T00:03:33.000+0000", "artistId": 552, "songId": 78950405, "state": "NJ", "style": "ROCK", "latitude": 40.143005, "longitude": -74.73112}, {"playDate": "2018-01-13T00:04:04.000+0000", "artistId": 552, "songId": 16103701, "state": "CO", "style": "ROCK", "latitude": 38.997932, "longitude": -105.55057}, {"playDate": "2018-01-13T00:04:12.000+0000", "artistId": 552, "songId": 56181309, "state": "MN", "style": "ROCK", "latitude": 46.44186, "longitude": -93.36552}, {"playDate": "2018-01-13T00:04:18.000+0000", "artistId": 552, "songId": 16103702, "state": "NY", "style": "ROCK", "latitude": 40.705627, "longitude": -73.97968}, {"playDate": "2018-01-13T00:04:43.000+0000", "artistId": 552, "songId": 16103702, "state": "NJ", "style": "ROCK", "latitude": 40.143005, "longitude": -74.73112}, {"playDate": "2018-01-13T00:05:29.000+0000", "artistId": 552, "songId": 16106511, "state": "OH", "style": "ROCK", "latitude": 40.19036, "longitude": -82.66925}, {"playDate": "2018-01-13T00:05:52.000+0000", "artistId": 552, "songId": 6126503, "state": "OH", "style": "ROCK", "latitude": 40.19036, "longitude": -82.66925}], "totalRecordsCount": 2070}