{"plays": [{"playDate": "2018-01-05T00:01:05.000+0000", "artistId": 552, "songId": 6126506, "state": "KS", "style": "ROCK", "latitude": 38.49878, "longitude": -98.320076}, {"playDate": "2018-01-05T00:01:49.000+0000", "artistId": 552, "songId": 16123301, "state": "WA", "style": "ROCK", "latitude": 38.89935, "longitude": -77.014565}, {"playDate": "2018-01-05T00:01:56.000+0000", "artistId": 552, "songId": 6126505, "state": "NJ", "style": "ROCK", "latitude": 40.143005, "longitude": -74.73112}, {"playDate": "2018-01-05T00:02:16.000+0000", "artistId": 552, "songId": 6126504, "state": "IL", "style": "ROCK", "latitude": 39.73932, "longitude": -89.50414}, {"playDate": "2018-01-05T00:02:40.000+0000", "artistId": 552, "songId": 6126506, "state": "WY", "style": "ROCK", "latitude": 43.000324, "longitude": -107.554565}, {"playDate": "2018-01-05T00:02:40.000+0000", "artistId": 552, "songId": 6126506, "state": "WY", "style": "ROCK", "latitude": 43.000324, "longitude": -107.554565}, {"playDate": "2018-01-05T00:03:00.000+0000", "artistId": 552, "songId": 6126506, "state": "MN", "style": "ROCK", "latitude": 46.44186, "longitude": -93.36552}, {"playDate": "2018-01-05T00:03:18.000+0000", "artistId": 552, "songId": 16106511, "state": "KY", "style": "ROCK", "latitude": 37.822292, "longitude": -85.76824}, {"playDate": "2018-01-05T00:03:19.000+0000", "artistId": 552, "songId": 56181319, "state": "NY", "style": "ROCK", "latitude": 40.705627, "longitude": -73.97968}, {"playDate": "2018-01-05T00:04:54.000+0000", "artistId": 552, "songId": 56181310, "state": "IN", "style": "ROCK", "latitude": 39.76622, "longitude": -86.44128}, {"playDate": "2018-01-05T00:05:31.000+0000", "artistId": 552, "songId": 6126503, "state": "ON", "style": "ROCK", "latitude": 44.566647, "longitude": -80.84998}, {"playDate": "2018-01-05T00:05:47.000+0000", "artistId": 552, "songId": 16106511, "state": "NC", "style": "ROCK", "latitude": 35.21456, "longitude": -79.891266}, {"playDate": "2018-01-05T00:07:31.000+0000", "artistId": 552, "songId": 16123301, "state": "QC", "style": "ROCK", "latitude": 49.82258, "longitude": -64.34799}, {"playDate": "2018-01-05T00:08:05.000+0000", "artistId": 552, "songId": 6126506, "state": "MN", "style": "ROCK", "latitude": 46.44186, "longitude": -93.36552}, {"playDate": "2018-01-05T00:08:43.000+0000", "artistId": 552, "songId": 16106511, "state": "MO", "style": "ROCK", "latitude": 38.30466, "longitude": -92.437096}, {"playDate": "2018-01-05T00:09:19.000+0000", "artistId": 552, "songId": 6126506, "state": "ND", "style": "ROCK", "latitude": 47.46788, "longitude": -100.30227}, {"playDate": "2018-01-05T00:09:28.000+0000", "artistId": 552, "songId": 6126515, "state": "CA", "style": "ROCK", "latitude": 37.271873, "longitude": -119.27042}, {"playDate": "2018-01-05T00:10:22.000+0000", "artistId": 552, "songId": 16106511, "state": "AZ", "style": "ROCK", "latitude": 34.168217, "longitude": -111.93091}, {"playDate": "2018-01-05T00:10:44.000+0000", "artistId": 552, "songId": 16106302, "state": "AZ", "style": "ROCK", "latitude": 34.168217, "longitude": -111.93091}, {"playDate": "2018-01-05T00:11:20.000+0000", "artistId": 552, "songId": 16103717, "state": "VA", "style": "ROCK", "latitude": 38.003384, "longitude": -79.458786}], "totalRecordsCount": 2072}