{"plays": [{"playDate": "2018-01-23T00:00:45.000+0000", "artistId": 552, "songId": 16103702, "state": "PA", "style": "ROCK", "latitude": 40.994595, "longitude": -77.6047}, {"playDate": "2018-01-23T00:00:45.000+0000", "artistId": 552, "songId": 16103702, "state": "PA", "style": "ROCK", "latitude": 40.994595, "longitude": -77.6047}, {"playDate": "2018-01-23T00:01:20.000+0000", "artistId": 552, "songId": 56181309, "state": "NJ", "style": "ROCK", "latitude": 40.143005, "longitude": -74.73112}, {"playDate": "2018-01-23T00:03:18.000+0000", "artistId": 552, "songId": 6126506, "state": "AR", "style": "ROCK", "latitude": 34.751926, "longitude": -92.13138}, {"playDate": "2018-01-23T00:03:57.000+0000", "artistId": 552, "songId": 6126509, "state": "NC", "style": "ROCK", "latitude": 35.21456, "longitude": -79.891266}, {"playDate": "2018-01-23T00:05:53.000+0000", "artistId": 552, "songId": 78950405, "state": "LA", "style": "ROCK", "latitude": 30.973377, "longitude": -91.42991}, {"playDate": "2018-01-23T00:06:00.000+0000", "artistId": 552, "songId": 6126515, "state": "TX", "style": "ROCK", "latitude": 31.169336, "longitude": -100.07684}, {"playDate": "2018-01-23T00:06:33.000+0000", "artistId": 552, "songId": 6126505, "state": "FL", "style": "ROCK", "latitude": 27.975727, "longitude": -83.833015}, {"playDate": "2018-01-23T00:07:46.000+0000", "artistId": 552, "songId": 6126506, "state": "MT", "style": "ROCK", "latitude": 46.6798, "longitude": -110.044785}, {"playDate": "2018-01-23T00:08:57.000+0000", "artistId": 552, "songId": 56181304, "state": "GA", "style": "ROCK", "latitude": 32.678123, "longitude": -83.22298}, {"playDate": "2018-01-23T00:09:30.000+0000", "artistId": 552, "songId": 56181304, "state": "FL", "style": "ROCK", "latitude": 27.975727, "longitude": -83.833015}, {"playDate": "2018-01-23T00:09:39.000+0000", "artistId": 552, "songId": 6126506, "state": "SC", "style": "ROCK", "latitude": 33.62505, "longitude": -80.94704}, {"playDate": "2018-01-23T00:10:32.000+0000", "artistId": 552, "songId": 16123301, "state": "PA", "style": "ROCK", "latitude": 40.994595, "longitude": -77.6047}, {"playDate": "2018-01-23T00:13:06.000+0000", "artistId": 552, "songId": 6126503, "state": "NM", "style": "ROCK", "latitude": 34.166233, "longitude": -106.02607}, {"playDate": "2018-01-23T00:13:51.000+0000", "artistId": 552, "songId": 56181309, "state": "WI", "style": "ROCK", "latitude": 44.786297, "longitude": -89.826706}, {"playDate": "2018-01-23T00:13:52.000+0000", "artistId": 552, "songId": 16103702, "state": "WI", "style": "ROCK", "latitude": 44.786297, "longitude": -89.826706}, {"playDate": "2018-01-23T00:15:09.000+0000", "artistId": 552, "songId": 6126506, "state": "OH", "style": "ROCK", "latitude": 40.19036, "longitude": -82.66925}, {"playDate": "2018-01-23T00:16:38.000+0000", "artistId": 552, "songId": 6126508, "state": "CO", "style": "ROCK", "latitude": 38.997932, "longitude": -105.55057}, {"playDate": "2018-01-23T00:17:17.000+0000", "artistId": 552, "songId": 56181304, "state": "GA", "style": "ROCK", "latitude": 32.678123, "longitude": -83.22298}, {"playDate": "2018-01-23T00:17:32.000+0000", "artistId": 552, "songId": 6126515, "state": "WI", "style": "ROCK", "latitude": 44.786297, "longitude": -89.826706}], "totalRecordsCount": 1599}