{"plays": [{"playDate": "2018-01-22T00:00:25.000+0000", "artistId": 552, "songId": 6126515, "state": "MN", "style": "ROCK", "latitude": 46.44186, "longitude": -93.36552}, {"playDate": "2018-01-22T00:00:30.000+0000", "artistId": 552, "songId": 16106511, "state": "NY", "style": "ROCK", "latitude": 40.705627, "longitude": -73.97968}, {"playDate": "2018-01-22T00:03:38.000+0000", "artistId": 552, "songId": 16106511, "state": "MN", "style": "ROCK", "latitude": 46.44186, "longitude": -93.36552}, {"playDate": "2018-01-22T00:03:53.000+0000", "artistId": 552, "songId": 6126515, "state": "FL", "style": "ROCK", "latitude": 27.975727, "longitude": -83.833015}, {"playDate": "2018-01-22T00:05:04.000+0000", "artistId": 552, "songId": 16103702, "state": "PA", "style": "ROCK", "latitude": 40.994595, "longitude": -77.6047}, {"playDate": "2018-01-22T00:07:36.000+0000", "artistId": 552, "songId": 6126506, "state": "NE", "style": "ROCK", "latitude": 41.50082, "longitude": -99.6809}, {"playDate": "2018-01-22T00:07:53.000+0000", "artistId": 552, "songId": 6126506, "state": "MN", "style": "ROCK", "latitude": 46.44186, "longitude": -93.36552}, {"playDate": "2018-01-22T00:08:50.000+0000", "artistId": 552, "songId": 6126503, "state": "IL", "style": "ROCK", "latitude": 39.73932, "longitude": -89.50414}, {"playDate": "2018-01-22T00:10:50.000+0000", "artistId": 552, "songId": 6126503, "state": "WA", "style": "ROCK", "latitude": 38.89935, "longitude": -77.014565}, {"playDate": "2018-01-22T00:11:12.000+0000", "artistId": 552, "songId": 6126504, "state": "KS", "style": "ROCK", "latitude": 38.49878, "longitude": -98.320076}, {"playDate": "2018-01-22T00:11:29.000+0000", "artistId": 552, "songId": 6126506, "state": "PA", "style": "ROCK", "latitude": 40.994595, "longitude": -77.6047}, {"playDate": "2018-01-22T00:11:35.000+0000", "artistId": 552, "songId": 6126503, "state": "FL", "style": "ROCK", "latitude": 27.975727, "longitude": -83.833015}, {"playDate": "2018-01-22T00:11:53.000+0000", "artistId": 552, "songId": 6126506, "state": "WI", "style": "ROCK", "latitude": 44.786297, "longitude": -89.826706}, {"playDate": "2018-01-22T00:14:19.000+0000", "artistId": 552, "songId": 6126517, "state": "WA", "style": "ROCK", "latitude": 38.89935, "longitude": -77.014565}, {"playDate": "2018-01-22T00:15:46.000+0000", "artistId": 552, "songId": 6126506, "state": "MI", "style": "ROCK", "latitude": 44.94356, "longitude": -86.4158}, {"playDate": "2018-01-22T00:16:16.000+0000", "artistId": 552, "songId": 56181304, "state": "NM", "style": "ROCK", "latitude": 34.166233, "longitude": -106.02607}, {"playDate": "2018-01-22T00:17:12.000+0000", "artistId": 552, "songId": 6126515, "state": "NE", "style": "ROCK", "latitude": 41.50082, "longitude": -99.6809}, {"playDate": "2018-01-22T00:18:43.000+0000", "artistId": 552, "songId": 6126517, "state": "SD", "style": "ROCK", "latitude": 44.2127, "longitude": -100.24716}, {"playDate": "2018-01-22T00:19:23.000+0000", "artistId": 552, "songId": 16106511, "state": "WI", "style": "ROCK", "latitude": 44.786297, "longitude": -89.826706}, {"playDate": "2018-01-22T00:19:45.000+0000", "artistId": 552, "songId": 6126503, "state": "NJ", "style": "ROCK", "latitude": 40.143005, "longitude": -74.73112}], "totalRecordsCount": 1639}