{"plays": [{"playDate": "2018-05-02T00:01:48.000+0000", "artistId": 552, "songId": 6126506, "state": "IL", "style": "ROCK", "latitude": 39.73932, "longitude": -89.50414}, {"playDate": "2018-05-02T00:02:54.000+0000", "artistId": 552, "songId": 6126517, "state": "PA", "style": "ROCK", "latitude": 40.994595, "longitude": -77.6047}, {"playDate": "2018-05-02T00:03:06.000+0000", "artistId": 552, "songId": 6126508, "state": "WA", "style": "ROCK", "latitude": 38.89935, "longitude": -77.014565}, {"playDate": "2018-05-02T00:03:14.000+0000", "artistId": 552, "songId": 6126515, "state": "IA", "style": "ROCK", "latitude": 41.938316, "longitude": -93.3898}, {"playDate": "2018-05-02T00:03:20.000+0000", "artistId": 552, "songId": 6126506, "state": "NC", "style": "ROCK", "latitude": 35.21456, "longitude": -79.891266}, {"playDate": "2018-05-02T00:03:23.000+0000", "artistId": 552, "songId": 16106511, "state": "MN", "style": "ROCK", "latitude": 46.44186, "longitude": -93.36552}, {"playDate": "2018-05-02T00:05:12.000+0000", "artistId": 552, "songId": 6126506, "state": "VA", "style": "ROCK", "latitude": 38.003384, "longitude": -79.458786}, {"playDate": "2018-05-02T00:05:29.000+0000", "artistId": 552, "songId": 6126505, "state": "IN", "style": "ROCK", "latitude": 39.76622, "longitude": -86.44128}, {"playDate": "2018-05-02T00:06:49.000+0000", "artistId": 552, "songId": 16106511, "state": "TX", "style": "ROCK", "latitude": 31.169336, "longitude": -100.07684}, {"playDate": "2018-05-02T00:06:54.000+0000", "artistId": 552, "songId": 16106302, "state": "LA", "style": "ROCK", "latitude": 30.973377, "longitude": -91.42991}, {"playDate": "2018-05-02T00:07:37.000+0000", "artistId": 552, "songId": 6126506, "state": "NY", "style": "ROCK", "latitude": 40.705627, "longitude": -73.97968}, {"playDate": "2018-05-02T00:08:55.000+0000", "artistId": 552, "songId": 56181316, "state": "NY", "style": "ROCK", "latitude": 40.705627, "longitude": -73.97968}, {"playDate": "2018-05-02T00:12:00.000+0000", "artistId": 552, "songId": 16103701, "state": "AB", "style": "ROCK", "latitude": 53.016697, "longitude": -112.816635}, {"playDate": "2018-05-02T00:12:05.000+0000", "artistId": 552, "songId": 6126506, "state": "WI", "style": "ROCK", "latitude": 44.786297, "longitude": -89.826706}, {"playDate": "2018-05-02T00:12:31.000+0000", "artistId": 552, "songId": 6126517, "state": "FL", "style": "ROCK", "latitude": 27.975727, "longitude": -83.833015}, {"playDate": "2018-05-02T00:13:39.000+0000", "artistId": 552, "songId": 6126506, "state": "PA", "style": "ROCK", "latitude": 40.994595, "longitude": -77.6047}, {"playDate": "2018-05-02T00:13:41.000+0000", "artistId": 552, "songId": 16103702, "state": "ON", "style": "ROCK", "latitude": 44.566647, "longitude": -80.84998}, {"playDate": "2018-05-02T00:13:46.000+0000", "artistId": 552, "songId": 6126506, "state": "AR", "style": "ROCK", "latitude": 34.751926, "longitude": -92.13138}, {"playDate": "2018-05-02T00:16:17.000+0000", "artistId": 552, "songId": 6126504, "state": "TX", "style": "ROCK", "latitude": 31.169336, "longitude": -100.07684}, {"playDate": "2018-05-02T00:17:30.000+0000", "artistId": 552, "songId": 6126515, "state": "IL", "style": "ROCK", "latitude": 39.73932, "longitude": -89.50414}], "totalRecordsCount": 1576}