{"plays": [{"playDate": "2018-05-30T00:01:10.000+0000", "artistId": 552, "songId": 6126503, "state": "IA", "style": "ROCK", "latitude": 41.938316, "longitude": -93.3898}, {"playDate": "2018-05-30T00:01:18.000+0000", "artistId": 552, "songId": 16106511, "state": "NY", "style": "ROCK", "latitude": 40.705627, "longitude": -73.97968}, {"playDate": "2018-05-30T00:01:36.000+0000", "artistId": 552, "songId": 6126515, "state": "FL", "style": "ROCK", "latitude": 27.975727, "longitude": -83.833015}, {"playDate": "2018-05-30T00:02:06.000+0000", "artistId": 552, "songId": 16106511, "state": "ME", "style": "ROCK", "latitude": 45.218513, "longitude": -69.01486}, {"playDate": "2018-05-30T00:04:01.000+0000", "artistId": 552, "songId": 6126506, "state": "PA", "style": "ROCK", "latitude": 40.994595, "longitude": -77.6047}, {"playDate": "2018-05-30T00:04:24.000+0000", "artistId": 552, "songId": 6126517, "state": "FL", "style": "ROCK", "latitude": 27.975727, "longitude": -83.833015}, {"playDate": "2018-05-30T00:04:46.000+0000", "artistId": 552, "songId": 6126501, "state": "OH", "style": "ROCK", "latitude": 40.19036, "longitude": -82.66925}, {"playDate": "2018-05-30T00:05:21.000+0000", "artistId": 552, "songId": 56181309, "state": "AR", "style": "ROCK", "latitude": 34.751926, "longitude": -92.13138}, {"playDate": "2018-05-30T00:09:33.000+0000", "artistId": 552, "songId": 16103702, "state": "MI", "style": "ROCK", "latitude": 44.94356, "longitude": -86.4158}, {"playDate": "2018-05-30T00:09:38.000+0000", "artistId": 552, "songId": 6126506, "state": "NJ", "style": "ROCK", "latitude": 40.143005, "longitude": -74.73112}, {"playDate": "2018-05-30T00:10:49.000+0000", "artistId": 552, "songId": 6131102, "state": "OH", "style": "ROCK", "latitude": 40.19036, "longitude": -82.66925}, {"playDate": "2018-05-30T00:11:21.000+0000", "artistId": 552, "songId": 6126505, "state": "NY", "style": "ROCK", "latitude": 40.705627, "longitude": -73.97968}, {"playDate": "2018-05-30T00:12:11.000+0000", "artistId": 552, "songId": 6126515, "state": "OH", "style": "ROCK", "latitude": 40.19036, "longitude": -82.66925}, {"playDate": "2018-05-30T00:12:24.000+0000", "artistId": 552, "songId": 56181302, "state": "KS", "style": "ROCK", "latitude": 38.49878, "longitude": -98.320076}, {"playDate": "2018-05-30T00:12:34.000+0000", "artistId": 552, "songId": 6126505, "state": "CA", "style": "ROCK", "latitude": 37.271873, "longitude": -119.27042}, {"playDate": "2018-05-30T00:13:51.000+0000", "artistId": 552, "songId": 16106511, "state": "WI", "style": "ROCK", "latitude": 44.786297, "longitude": -89.826706}, {"playDate": "2018-05-30T00:13:58.000+0000", "artistId": 552, "songId": 6126505, "state": "TX", "style": "ROCK", "latitude": 31.169336, "longitude": -100.07684}, {"playDate": "2018-05-30T00:14:35.000+0000", "artistId": 552, "songId": 16123301, "state": "LA", "style": "ROCK", "latitude": 30.973377, "longitude": -91.42991}, {"playDate": "2018-05-30T00:15:23.000+0000", "artistId": 552, "songId": 6126506, "state": "SD", "style": "ROCK", "latitude": 44.2127, "longitude": -100.24716}, {"playDate": "2018-05-30T00:15:34.000+0000", "artistId": 552, "songId": 16106506, "state": "CA", "style": "ROCK", "latitude": 37.271873, "longitude": -119.27042}], "totalRecordsCount": 1608}