{"plays": [{"playDate": "2018-05-29T00:00:48.000+0000", "artistId": 552, "songId": 6126506, "state": "TX", "style": "ROCK", "latitude": 31.169336, "longitude": -100.07684}, {"playDate": "2018-05-29T00:01:19.000+0000", "artistId": 552, "songId": 16106511, "state": "GA", "style": "ROCK", "latitude": 32.678123, "longitude": -83.22298}, {"playDate": "2018-05-29T00:02:24.000+0000", "artistId": 552, "songId": 6126516, "state": "KS", "style": "ROCK", "latitude": 38.49878, "longitude": -98.320076}, {"playDate": "2018-05-29T00:02:30.000+0000", "artistId": 552, "songId": 6126509, "state": "AZ", "style": "ROCK", "latitude": 34.168217, "longitude": -111.93091}, {"playDate": "2018-05-29T00:02:53.000+0000", "artistId": 552, "songId": 6126508, "state": "OH", "style": "ROCK", "latitude": 40.19036, "longitude": -82.66925}, {"playDate": "2018-05-29T00:03:19.000+0000", "artistId": 552, "songId": 6126506, "state": "TX", "style": "ROCK", "latitude": 31.169336, "longitude": -100.07684}, {"playDate": "2018-05-29T00:03:26.000+0000", "artistId": 552, "songId": 16123301, "state": "WA", "style": "ROCK", "latitude": 38.89935, "longitude": -77.014565}, {"playDate": "2018-05-29T00:03:28.000+0000", "artistId": 552, "songId": 6126504, "state": "MN", "style": "ROCK", "latitude": 46.44186, "longitude": -93.36552}, {"playDate": "2018-05-29T00:03:39.000+0000", "artistId": 552, "songId": 16106511, "state": "NJ", "style": "ROCK", "latitude": 40.143005, "longitude": -74.73112}, {"playDate": "2018-05-29T00:03:46.000+0000", "artistId": 552, "songId": 6131102, "state": "CA", "style": "ROCK", "latitude": 37.271873, "longitude": -119.27042}, {"playDate": "2018-05-29T00:04:10.000+0000", "artistId": 552, "songId": 6126503, "state": "IA", "style": "ROCK", "latitude": 41.938316, "longitude": -93.3898}, {"playDate": "2018-05-29T00:04:39.000+0000", "artistId": 552, "songId": 6126515, "state": "SD", "style": "ROCK", "latitude": 44.2127, "longitude": -100.24716}, {"playDate": "2018-05-29T00:05:48.000+0000", "artistId": 552, "songId": 6126506, "state": "PA", "style": "ROCK", "latitude": 40.994595, "longitude": -77.6047}, {"playDate": "2018-05-29T00:06:52.000+0000", "artistId": 552, "songId": 6126506, "state": "MT", "style": "ROCK", "latitude": 46.6798, "longitude": -110.044785}, {"playDate": "2018-05-29T00:07:14.000+0000", "artistId": 552, "songId": 6126517, "state": "WI", "style": "ROCK", "latitude": 44.786297, "longitude": -89.826706}, {"playDate": "2018-05-29T00:09:23.000+0000", "artistId": 552, "songId": 16123301, "state": "MT", "style": "ROCK", "latitude": 46.6798, "longitude": -110.044785}, {"playDate": "2018-05-29T00:10:03.000+0000", "artistId": 552, "songId": 16106511, "state": "CA", "style": "ROCK", "latitude": 37.271873, "longitude": -119.27042}, {"playDate": "2018-05-29T00:10:46.000+0000", "artistId": 552, "songId": 16106511, "state": "OH", "style": "ROCK", "latitude": 40.19036, "longitude": -82.66925}, {"playDate": "2018-05-29T00:10:49.000+0000", "artistId": 552, "songId": 6126515, "state": "IL", "style": "ROCK", "latitude": 39.73932, "longitude": -89.50414}, {"playDate": "2018-05-29T00:10:51.000+0000", "artistId": 552, "songId": 6126505, "state": "MA", "style": "ROCK", "latitude": 42.06294, "longitude": -71.71806}], "totalRecordsCount": 1568}