{"plays": [{"playDate": "2018-05-25T00:00:58.000+0000", "artistId": 552, "songId": 6126505, "state": "IL", "style": "ROCK", "latitude": 39.73932, "longitude": -89.50414}, {"playDate": "2018-05-25T00:03:01.000+0000", "artistId": 552, "songId": 6126503, "state": "IL", "style": "ROCK", "latitude": 39.73932, "longitude": -89.50414}, {"playDate": "2018-05-25T00:03:23.000+0000", "artistId": 552, "songId": 16106511, "state": "MN", "style": "ROCK", "latitude": 46.44186, "longitude": -93.36552}, {"playDate": "2018-05-25T00:03:48.000+0000", "artistId": 552, "songId": 6126503, "state": "KY", "style": "ROCK", "latitude": 37.822292, "longitude": -85.76824}, {"playDate": "2018-05-25T00:05:52.000+0000", "artistId": 552, "songId": 16106511, "state": "OR", "style": "ROCK", "latitude": 44.141907, "longitude": -120.5381}, {"playDate": "2018-05-25T00:06:12.000+0000", "artistId": 552, "songId": 6126506, "state": "MI", "style": "ROCK", "latitude": 44.94356, "longitude": -86.4158}, {"playDate": "2018-05-25T00:06:57.000+0000", "artistId": 552, "songId": 6126506, "state": "WA", "style": "ROCK", "latitude": 38.89935, "longitude": -77.014565}, {"playDate": "2018-05-25T00:07:06.000+0000", "artistId": 552, "songId": 6126506, "state": "FL", "style": "ROCK", "latitude": 27.975727, "longitude": -83.833015}, {"playDate": "2018-05-25T00:07:43.000+0000", "artistId": 552, "songId": 6126503, "state": "FL", "style": "ROCK", "latitude": 27.975727, "longitude": -83.833015}, {"playDate": "2018-05-25T00:07:51.000+0000", "artistId": 552, "songId": 16106511, "state": "IL", "style": "ROCK", "latitude": 39.73932, "longitude": -89.50414}, {"playDate": "2018-05-25T00:08:01.000+0000", "artistId": 552, "songId": 6126506, "state": "OK", "style": "ROCK", "latitude": 35.309765, "longitude": -98.71656}, {"playDate": "2018-05-25T00:08:28.000+0000", "artistId": 552, "songId": 16103702, "state": "NY", "style": "ROCK", "latitude": 40.705627, "longitude": -73.97968}, {"playDate": "2018-05-25T00:09:42.000+0000", "artistId": 552, "songId": 6126509, "state": "NY", "style": "ROCK", "latitude": 40.705627, "longitude": -73.97968}, {"playDate": "2018-05-25T00:11:46.000+0000", "artistId": 552, "songId": 6126515, "state": "OH", "style": "ROCK", "latitude": 40.19036, "longitude": -82.66925}, {"playDate": "2018-05-25T00:12:24.000+0000", "artistId": 552, "songId": 56181304, "state": "FL", "style": "ROCK", "latitude": 27.975727, "longitude": -83.833015}, {"playDate": "2018-05-25T00:13:13.000+0000", "artistId": 552, "songId": 16106511, "state": "WI", "style": "ROCK", "latitude": 44.786297, "longitude": -89.826706}, {"playDate": "2018-05-25T00:13:29.000+0000", "artistId": 552, "songId": 6126508, "state": "NY", "style": "ROCK", "latitude": 40.705627, "longitude": -73.97968}, {"playDate": "2018-05-25T00:13:55.000+0000", "artistId": 552, "songId": 16103701, "state": "FL", "style": "ROCK", "latitude": 27.975727, "longitude": -83.833015}, {"playDate": "2018-05-25T00:14:22.000+0000", "artistId": 552, "songId": 6126515, "state": "OH", "style": "ROCK", "latitude": 40.19036, "longitude": -82.66925}, {"playDate": "2018-05-25T00:14:36.000+0000", "artistId": 552, "songId": 6126506, "state": "LA", "style": "ROCK", "latitude": 30.973377, "longitude": -91.42991}], "totalRecordsCount": 2200}