{"plays": [{"playDate": "2018-08-26T00:00:09.000+0000", "artistId": 552, "songId": 16123301, "state": "MN", "style": "ROCK", "latitude": 46.44186, "longitude": -93.36552}, {"playDate": "2018-08-26T00:00:26.000+0000", "artistId": 552, "songId": 6126515, "state": "OH", "style": "ROCK", "latitude": 40.19036, "longitude": -82.66925}, {"playDate": "2018-08-26T00:01:06.000+0000", "artistId": 552, "songId": 6126517, "state": "VA", "style": "ROCK", "latitude": 38.003384, "longitude": -79.458786}, {"playDate": "2018-08-26T00:01:11.000+0000", "artistId": 552, "songId": 6126517, "state": "BC", "style": "ROCK", "latitude": 49.09996, "longitude": -116.5167}, {"playDate": "2018-08-26T00:01:29.000+0000", "artistId": 552, "songId": 6126506, "state": "MA", "style": "ROCK", "latitude": 42.06294, "longitude": -71.71806}, {"playDate": "2018-08-26T00:01:43.000+0000", "artistId": 552, "songId": 16106511, "state": "FL", "style": "ROCK", "latitude": 27.975727, "longitude": -83.833015}, {"playDate": "2018-08-26T00:01:43.000+0000", "artistId": 552, "songId": 16106511, "state": "FL", "style": "ROCK", "latitude": 27.975727, "longitude": -83.833015}, {"playDate": "2018-08-26T00:01:44.000+0000", "artistId": 552, "songId": 6126506, "state": "NE", "style": "ROCK", "latitude": 41.50082, "longitude": -99.6809}, {"playDate": "2018-08-26T00:02:03.000+0000", "artistId": 552, "songId": 16106511, "state": "NY", "style": "ROCK", "latitude": 40.705627, "longitude": -73.97968}, {"playDate": "2018-08-26T00:02:33.000+0000", "artistId": 552, "songId": 6126506, "state": "WI", "style": "ROCK", "latitude": 44.786297, "longitude": -89.826706}, {"playDate": "2018-08-26T00:02:46.000+0000", "artistId": 552, "songId": 16106511, "state": "CO", "style": "ROCK", "latitude": 38.997932, "longitude": -105.55057}, {"playDate": "2018-08-26T00:03:51.000+0000", "artistId": 552, "songId": 16106511, "state": "OR", "style": "ROCK", "latitude": 44.141907, "longitude": -120.5381}, {"playDate": "2018-08-26T00:04:06.000+0000", "artistId": 552, "songId": 6126505, "state": "GA", "style": "ROCK", "latitude": 32.678123, "longitude": -83.22298}, {"playDate": "2018-08-26T00:04:49.000+0000", "artistId": 552, "songId": 6126505, "state": "NJ", "style": "ROCK", "latitude": 40.143005, "longitude": -74.73112}, {"playDate": "2018-08-26T00:05:01.000+0000", "artistId": 552, "songId": 6126506, "state": "WI", "style": "ROCK", "latitude": 44.786297, "longitude": -89.826706}, {"playDate": "2018-08-26T00:05:07.000+0000", "artistId": 552, "songId": 6126506, "state": "OR", "style": "ROCK", "latitude": 44.141907, "longitude": -120.5381}, {"playDate": "2018-08-26T00:06:23.000+0000", "artistId": 552, "songId": 6126506, "state": "WI", "style": "ROCK", "latitude": 44.786297, "longitude": -89.826706}, {"playDate": "2018-08-26T00:06:28.000+0000", "artistId": 552, "songId": 6126515, "state": "IL", "style": "ROCK", "latitude": 39.73932, "longitude": -89.50414}, {"playDate": "2018-08-26T00:07:10.000+0000", "artistId": 552, "songId": 16123301, "state": "MD", "style": "ROCK", "latitude": 38.80635, "longitude": -77.26842}, {"playDate": "2018-08-26T00:07:14.000+0000", "artistId": 552, "songId": 6126504, "state": "GA", "style": "ROCK", "latitude": 32.678123, "longitude": -83.22298}], "totalRecordsCount": 1860}