{"plays": [{"playDate": "2018-08-20T00:00:25.000+0000", "artistId": 552, "songId": 16106212, "state": "OH", "style": "ROCK", "latitude": 40.19036, "longitude": -82.66925}, {"playDate": "2018-08-20T00:02:28.000+0000", "artistId": 552, "songId": 6126515, "state": "CA", "style": "ROCK", "latitude": 37.271873, "longitude": -119.27042}, {"playDate": "2018-08-20T00:03:31.000+0000", "artistId": 552, "songId": 16103702, "state": "NY", "style": "ROCK", "latitude": 40.705627, "longitude": -73.97968}, {"playDate": "2018-08-20T00:03:58.000+0000", "artistId": 552, "songId": 6126515, "state": "NC", "style": "ROCK", "latitude": 35.21456, "longitude": -79.891266}, {"playDate": "2018-08-20T00:04:53.000+0000", "artistId": 552, "songId": 6126506, "state": "IL", "style": "ROCK", "latitude": 39.73932, "longitude": -89.50414}, {"playDate": "2018-08-20T00:07:24.000+0000", "artistId": 552, "songId": 6126506, "state": "WI", "style": "ROCK", "latitude": 44.786297, "longitude": -89.826706}, {"playDate": "2018-08-20T00:10:43.000+0000", "artistId": 552, "songId": 6126508, "state": "TX", "style": "ROCK", "latitude": 31.169336, "longitude": -100.07684}, {"playDate": "2018-08-20T00:13:45.000+0000", "artistId": 552, "songId": 56181302, "state": "CO", "style": "ROCK", "latitude": 38.997932, "longitude": -105.55057}, {"playDate": "2018-08-20T00:14:31.000+0000", "artistId": 552, "songId": 16103702, "state": "WA", "style": "ROCK", "latitude": 38.89935, "longitude": -77.014565}, {"playDate": "2018-08-20T00:14:40.000+0000", "artistId": 552, "songId": 6126504, "state": "PA", "style": "ROCK", "latitude": 40.994595, "longitude": -77.6047}, {"playDate": "2018-08-20T00:17:03.000+0000", "artistId": 552, "songId": 16106511, "state": "OH", "style": "ROCK", "latitude": 40.19036, "longitude": -82.66925}, {"playDate": "2018-08-20T00:18:11.000+0000", "artistId": 552, "songId": 16106212, "state": "PA", "style": "ROCK", "latitude": 40.994595, "longitude": -77.6047}, {"playDate": "2018-08-20T00:19:24.000+0000", "artistId": 552, "songId": 6126506, "state": "FL", "style": "ROCK", "latitude": 27.975727, "longitude": -83.833015}, {"playDate": "2018-08-20T00:21:07.000+0000", "artistId": 552, "songId": 6126505, "state": "CT", "style": "ROCK", "latitude": 41.518784, "longitude": -72.75751}, {"playDate": "2018-08-20T00:21:47.000+0000", "artistId": 552, "songId": 6126515, "state": "MN", "style": "ROCK", "latitude": 46.44186, "longitude": -93.36552}, {"playDate": "2018-08-20T00:21:55.000+0000", "artistId": 552, "songId": 16106511, "state": "SC", "style": "ROCK", "latitude": 33.62505, "longitude": -80.94704}, {"playDate": "2018-08-20T00:22:44.000+0000", "artistId": 552, "songId": 6126506, "state": "IA", "style": "ROCK", "latitude": 41.938316, "longitude": -93.3898}, {"playDate": "2018-08-20T00:24:18.000+0000", "artistId": 552, "songId": 16106511, "state": "AZ", "style": "ROCK", "latitude": 34.168217, "longitude": -111.93091}, {"playDate": "2018-08-20T00:24:30.000+0000", "artistId": 552, "songId": 16106511, "state": "TX", "style": "ROCK", "latitude": 31.169336, "longitude": -100.07684}, {"playDate": "2018-08-20T00:24:39.000+0000", "artistId": 552, "songId": 6126506, "state": "WA", "style": "ROCK", "latitude": 38.89935, "longitude": -77.014565}], "totalRecordsCount": 1577}