{"plays": [{"playDate": "2018-08-05T00:00:28.000+0000", "artistId": 552, "songId": 6126503, "state": "OH", "style": "ROCK", "latitude": 40.19036, "longitude": -82.66925}, {"playDate": "2018-08-05T00:00:34.000+0000", "artistId": 552, "songId": 6126508, "state": "NY", "style": "ROCK", "latitude": 40.705627, "longitude": -73.97968}, {"playDate": "2018-08-05T00:00:49.000+0000", "artistId": 552, "songId": 16106511, "state": "PA", "style": "ROCK", "latitude": 40.994595, "longitude": -77.6047}, {"playDate": "2018-08-05T00:00:51.000+0000", "artistId": 552, "songId": 16123301, "state": "OH", "style": "ROCK", "latitude": 40.19036, "longitude": -82.66925}, {"playDate": "2018-08-05T00:01:20.000+0000", "artistId": 552, "songId": 16103717, "state": "OH", "style": "ROCK", "latitude": 40.19036, "longitude": -82.66925}, {"playDate": "2018-08-05T00:01:41.000+0000", "artistId": 552, "songId": 16106511, "state": "MA", "style": "ROCK", "latitude": 42.06294, "longitude": -71.71806}, {"playDate": "2018-08-05T00:02:07.000+0000", "artistId": 552, "songId": 6126503, "state": "OH", "style": "ROCK", "latitude": 40.19036, "longitude": -82.66925}, {"playDate": "2018-08-05T00:02:29.000+0000", "artistId": 552, "songId": 6126517, "state": "FL", "style": "ROCK", "latitude": 27.975727, "longitude": -83.833015}, {"playDate": "2018-08-05T00:02:42.000+0000", "artistId": 552, "songId": 16106511, "state": "AB", "style": "ROCK", "latitude": 53.016697, "longitude": -112.816635}, {"playDate": "2018-08-05T00:02:58.000+0000", "artistId": 552, "songId": 6126517, "state": "TX", "style": "ROCK", "latitude": 31.169336, "longitude": -100.07684}, {"playDate": "2018-08-05T00:03:12.000+0000", "artistId": 552, "songId": 6126505, "state": "NS", "style": "ROCK", "latitude": 45.583275, "longitude": -62.63332}, {"playDate": "2018-08-05T00:03:22.000+0000", "artistId": 552, "songId": 16103702, "state": "CO", "style": "ROCK", "latitude": 38.997932, "longitude": -105.55057}, {"playDate": "2018-08-05T00:03:28.000+0000", "artistId": 552, "songId": 16106511, "state": "IN", "style": "ROCK", "latitude": 39.76622, "longitude": -86.44128}, {"playDate": "2018-08-05T00:03:32.000+0000", "artistId": 552, "songId": 6126506, "state": "GA", "style": "ROCK", "latitude": 32.678123, "longitude": -83.22298}, {"playDate": "2018-08-05T00:04:56.000+0000", "artistId": 552, "songId": 6126506, "state": "MA", "style": "ROCK", "latitude": 42.06294, "longitude": -71.71806}, {"playDate": "2018-08-05T00:05:26.000+0000", "artistId": 552, "songId": 6126501, "state": "PA", "style": "ROCK", "latitude": 40.994595, "longitude": -77.6047}, {"playDate": "2018-08-05T00:05:30.000+0000", "artistId": 552, "songId": 6126506, "state": "OH", "style": "ROCK", "latitude": 40.19036, "longitude": -82.66925}, {"playDate": "2018-08-05T00:06:35.000+0000", "artistId": 552, "songId": 6126506, "state": "WI", "style": "ROCK", "latitude": 44.786297, "longitude": -89.826706}, {"playDate": "2018-08-05T00:06:43.000+0000", "artistId": 552, "songId": 6126501, "state": "WI", "style": "ROCK", "latitude": 44.786297, "longitude": -89.826706}, {"playDate": "2018-08-05T00:07:17.000+0000", "artistId": 552, "songId": 6126515, "state": "NC", "style": "ROCK", "latitude": 35.21456, "longitude": -79.891266}], "totalRecordsCount": 1845}