{"plays": [{"playDate": "2018-08-30T00:00:38.000+0000", "artistId": 552, "songId": 6126506, "state": "PA", "style": "ROCK", "latitude": 40.994595, "longitude": -77.6047}, {"playDate": "2018-08-30T00:01:30.000+0000", "artistId": 552, "songId": 16103701, "state": "OH", "style": "ROCK", "latitude": 40.19036, "longitude": -82.66925}, {"playDate": "2018-08-30T00:01:44.000+0000", "artistId": 552, "songId": 6126506, "state": "SC", "style": "ROCK", "latitude": 33.62505, "longitude": -80.94704}, {"playDate": "2018-08-30T00:01:58.000+0000", "artistId": 552, "songId": 6126508, "state": "PA", "style": "ROCK", "latitude": 40.994595, "longitude": -77.6047}, {"playDate": "2018-08-30T00:02:10.000+0000", "artistId": 552, "songId": 6126504, "state": "IL", "style": "ROCK", "latitude": 39.73932, "longitude": -89.50414}, {"playDate": "2018-08-30T00:04:33.000+0000", "artistId": 552, "songId": 6126506, "state": "IN", "style": "ROCK", "latitude": 39.76622, "longitude": -86.44128}, {"playDate": "2018-08-30T00:04:34.000+0000", "artistId": 552, "songId": 16106401, "state": "CA", "style": "ROCK", "latitude": 37.271873, "longitude": -119.27042}, {"playDate": "2018-08-30T00:04:58.000+0000", "artistId": 552, "songId": 16106511, "state": "KS", "style": "ROCK", "latitude": 38.49878, "longitude": -98.320076}, {"playDate": "2018-08-30T00:05:30.000+0000", "artistId": 552, "songId": 16103702, "state": "CO", "style": "ROCK", "latitude": 38.997932, "longitude": -105.55057}, {"playDate": "2018-08-30T00:05:32.000+0000", "artistId": 552, "songId": 16106511, "state": "MN", "style": "ROCK", "latitude": 46.44186, "longitude": -93.36552}, {"playDate": "2018-08-30T00:05:41.000+0000", "artistId": 552, "songId": 6126504, "state": "LA", "style": "ROCK", "latitude": 30.973377, "longitude": -91.42991}, {"playDate": "2018-08-30T00:07:48.000+0000", "artistId": 552, "songId": 6126504, "state": "MO", "style": "ROCK", "latitude": 38.30466, "longitude": -92.437096}, {"playDate": "2018-08-30T00:08:22.000+0000", "artistId": 552, "songId": 16106511, "state": "CO", "style": "ROCK", "latitude": 38.997932, "longitude": -105.55057}, {"playDate": "2018-08-30T00:08:31.000+0000", "artistId": 552, "songId": 6126505, "state": "WA", "style": "ROCK", "latitude": 38.89935, "longitude": -77.014565}, {"playDate": "2018-08-30T00:08:48.000+0000", "artistId": 552, "songId": 16123306, "state": "IL", "style": "ROCK", "latitude": 39.73932, "longitude": -89.50414}, {"playDate": "2018-08-30T00:09:02.000+0000", "artistId": 552, "songId": 6126503, "state": "FL", "style": "ROCK", "latitude": 27.975727, "longitude": -83.833015}, {"playDate": "2018-08-30T00:09:07.000+0000", "artistId": 552, "songId": 16106511, "state": "MS", "style": "ROCK", "latitude": 32.585106, "longitude": -89.87722}, {"playDate": "2018-08-30T00:09:24.000+0000", "artistId": 552, "songId": 6126506, "state": "NH", "style": "ROCK", "latitude": 44.001232, "longitude": -71.579926}, {"playDate": "2018-08-30T00:10:27.000+0000", "artistId": 552, "songId": 6126506, "state": "IL", "style": "ROCK", "latitude": 39.73932, "longitude": -89.50414}, {"playDate": "2018-08-30T00:10:28.000+0000", "artistId": 552, "songId": 6126503, "state": "MN", "style": "ROCK", "latitude": 46.44186, "longitude": -93.36552}], "totalRecordsCount": 1793}