{"plays": [{"playDate": "2018-08-29T00:00:31.000+0000", "artistId": 552, "songId": 6126504, "state": "IL", "style": "ROCK", "latitude": 39.73932, "longitude": -89.50414}, {"playDate": "2018-08-29T00:00:53.000+0000", "artistId": 552, "songId": 16110407, "state": "MO", "style": "ROCK", "latitude": 38.30466, "longitude": -92.437096}, {"playDate": "2018-08-29T00:02:03.000+0000", "artistId": 552, "songId": 6126506, "state": "MO", "style": "ROCK", "latitude": 38.30466, "longitude": -92.437096}, {"playDate": "2018-08-29T00:02:18.000+0000", "artistId": 552, "songId": 6126506, "state": "NJ", "style": "ROCK", "latitude": 40.143005, "longitude": -74.73112}, {"playDate": "2018-08-29T00:03:33.000+0000", "artistId": 552, "songId": 16110407, "state": "MI", "style": "ROCK", "latitude": 44.94356, "longitude": -86.4158}, {"playDate": "2018-08-29T00:04:24.000+0000", "artistId": 552, "songId": 6131109, "state": "VA", "style": "ROCK", "latitude": 38.003384, "longitude": -79.458786}, {"playDate": "2018-08-29T00:04:41.000+0000", "artistId": 552, "songId": 6126506, "state": "ON", "style": "ROCK", "latitude": 44.566647, "longitude": -80.84998}, {"playDate": "2018-08-29T00:04:59.000+0000", "artistId": 552, "songId": 6126504, "state": "OR", "style": "ROCK", "latitude": 44.141907, "longitude": -120.5381}, {"playDate": "2018-08-29T00:06:36.000+0000", "artistId": 552, "songId": 16106511, "state": "NY", "style": "ROCK", "latitude": 40.705627, "longitude": -73.97968}, {"playDate": "2018-08-29T00:07:36.000+0000", "artistId": 552, "songId": 6126506, "state": "CO", "style": "ROCK", "latitude": 38.997932, "longitude": -105.55057}, {"playDate": "2018-08-29T00:07:38.000+0000", "artistId": 552, "songId": 16106511, "state": "MO", "style": "ROCK", "latitude": 38.30466, "longitude": -92.437096}, {"playDate": "2018-08-29T00:10:03.000+0000", "artistId": 552, "songId": 16106511, "state": "PA", "style": "ROCK", "latitude": 40.994595, "longitude": -77.6047}, {"playDate": "2018-08-29T00:10:16.000+0000", "artistId": 552, "songId": 6126517, "state": "ON", "style": "ROCK", "latitude": 44.566647, "longitude": -80.84998}, {"playDate": "2018-08-29T00:10:33.000+0000", "artistId": 552, "songId": 6126504, "state": "HI", "style": "ROCK", "latitude": 20.46, "longitude": -157.505}, {"playDate": "2018-08-29T00:10:44.000+0000", "artistId": 552, "songId": 6126501, "state": "FL", "style": "ROCK", "latitude": 27.975727, "longitude": -83.833015}, {"playDate": "2018-08-29T00:11:09.000+0000", "artistId": 552, "songId": 6126506, "state": "OH", "style": "ROCK", "latitude": 40.19036, "longitude": -82.66925}, {"playDate": "2018-08-29T00:12:11.000+0000", "artistId": 552, "songId": 6126506, "state": "CA", "style": "ROCK", "latitude": 37.271873, "longitude": -119.27042}, {"playDate": "2018-08-29T00:12:22.000+0000", "artistId": 552, "songId": 16106511, "state": "IN", "style": "ROCK", "latitude": 39.76622, "longitude": -86.44128}, {"playDate": "2018-08-29T00:12:54.000+0000", "artistId": 552, "songId": 6126506, "state": "TX", "style": "ROCK", "latitude": 31.169336, "longitude": -100.07684}, {"playDate": "2018-08-29T00:13:31.000+0000", "artistId": 552, "songId": 16123301, "state": "FL", "style": "ROCK", "latitude": 27.975727, "longitude": -83.833015}], "totalRecordsCount": 1806}