{"plays": [{"playDate": "2018-12-10T00:00:14.000+0000", "artistId": 552, "songId": 16103701, "state": "NV", "style": "ROCK", "latitude": 38.502033, "longitude": -117.02306}, {"playDate": "2018-12-10T00:01:08.000+0000", "artistId": 552, "songId": 16106511, "state": "WI", "style": "ROCK", "latitude": 44.786297, "longitude": -89.826706}, {"playDate": "2018-12-10T00:01:10.000+0000", "artistId": 552, "songId": 6126504, "state": "MT", "style": "ROCK", "latitude": 46.6798, "longitude": -110.044785}, {"playDate": "2018-12-10T00:01:22.000+0000", "artistId": 552, "songId": 6126517, "state": "ON", "style": "ROCK", "latitude": 44.566647, "longitude": -80.84998}, {"playDate": "2018-12-10T00:02:16.000+0000", "artistId": 552, "songId": 6126506, "state": "MO", "style": "ROCK", "latitude": 38.30466, "longitude": -92.437096}, {"playDate": "2018-12-10T00:02:21.000+0000", "artistId": 552, "songId": 16103701, "state": "FL", "style": "ROCK", "latitude": 27.975727, "longitude": -83.833015}, {"playDate": "2018-12-10T00:02:40.000+0000", "artistId": 552, "songId": 16106511, "state": "IL", "style": "ROCK", "latitude": 39.73932, "longitude": -89.50414}, {"playDate": "2018-12-10T00:02:57.000+0000", "artistId": 552, "songId": 6126506, "state": "IN", "style": "ROCK", "latitude": 39.76622, "longitude": -86.44128}, {"playDate": "2018-12-10T00:02:59.000+0000", "artistId": 552, "songId": 16106401, "state": "GA", "style": "ROCK", "latitude": 32.678123, "longitude": -83.22298}, {"playDate": "2018-12-10T00:03:16.000+0000", "artistId": 552, "songId": 6126508, "state": "AZ", "style": "ROCK", "latitude": 34.168217, "longitude": -111.93091}, {"playDate": "2018-12-10T00:04:31.000+0000", "artistId": 552, "songId": 16106511, "state": "NV", "style": "ROCK", "latitude": 38.502033, "longitude": -117.02306}, {"playDate": "2018-12-10T00:04:52.000+0000", "artistId": 552, "songId": 6126517, "state": "OK", "style": "ROCK", "latitude": 35.309765, "longitude": -98.71656}, {"playDate": "2018-12-10T00:05:10.000+0000", "artistId": 552, "songId": 16106511, "state": "OH", "style": "ROCK", "latitude": 40.19036, "longitude": -82.66925}, {"playDate": "2018-12-10T00:05:20.000+0000", "artistId": 552, "songId": 56181309, "state": "TN", "style": "ROCK", "latitude": 35.83052, "longitude": -85.9786}, {"playDate": "2018-12-10T00:06:22.000+0000", "artistId": 552, "songId": 6126517, "state": "CT", "style": "ROCK", "latitude": 41.518784, "longitude": -72.75751}, {"playDate": "2018-12-10T00:07:03.000+0000", "artistId": 552, "songId": 56181310, "state": "WI", "style": "ROCK", "latitude": 44.786297, "longitude": -89.826706}, {"playDate": "2018-12-10T00:08:03.000+0000", "artistId": 552, "songId": 16123301, "state": "TX", "style": "ROCK", "latitude": 31.169336, "longitude": -100.07684}, {"playDate": "2018-12-10T00:08:10.000+0000", "artistId": 552, "songId": 6126501, "state": "CA", "style": "ROCK", "latitude": 37.271873, "longitude": -119.27042}, {"playDate": "2018-12-10T00:08:17.000+0000", "artistId": 552, "songId": 6126503, "state": "FL", "style": "ROCK", "latitude": 27.975727, "longitude": -83.833015}, {"playDate": "2018-12-10T00:08:38.000+0000", "artistId": 552, "songId": 6126517, "state": "MN", "style": "ROCK", "latitude": 46.44186, "longitude": -93.36552}], "totalRecordsCount": 2086}