{"plays": [{"playDate": "2018-12-16T00:00:24.000+0000", "artistId": 552, "songId": 6126515, "state": "CO", "style": "ROCK", "latitude": 38.997932, "longitude": -105.55057}, {"playDate": "2018-12-16T00:00:29.000+0000", "artistId": 552, "songId": 16123301, "state": "AZ", "style": "ROCK", "latitude": 34.168217, "longitude": -111.93091}, {"playDate": "2018-12-16T00:00:34.000+0000", "artistId": 552, "songId": 16106511, "state": "PA", "style": "ROCK", "latitude": 40.994595, "longitude": -77.6047}, {"playDate": "2018-12-16T00:00:43.000+0000", "artistId": 552, "songId": 56181302, "state": "TX", "style": "ROCK", "latitude": 31.169336, "longitude": -100.07684}, {"playDate": "2018-12-16T00:01:03.000+0000", "artistId": 552, "songId": 16106511, "state": "ND", "style": "ROCK", "latitude": 47.46788, "longitude": -100.30227}, {"playDate": "2018-12-16T00:01:10.000+0000", "artistId": 552, "songId": 56181316, "state": "SC", "style": "ROCK", "latitude": 33.62505, "longitude": -80.94704}, {"playDate": "2018-12-16T00:01:24.000+0000", "artistId": 552, "songId": 6126504, "state": "IA", "style": "ROCK", "latitude": 41.938316, "longitude": -93.3898}, {"playDate": "2018-12-16T00:01:27.000+0000", "artistId": 552, "songId": 6126506, "state": "TX", "style": "ROCK", "latitude": 31.169336, "longitude": -100.07684}, {"playDate": "2018-12-16T00:01:42.000+0000", "artistId": 552, "songId": 6126509, "state": "MN", "style": "ROCK", "latitude": 46.44186, "longitude": -93.36552}, {"playDate": "2018-12-16T00:01:43.000+0000", "artistId": 552, "songId": 39829307, "state": "TX", "style": "ROCK", "latitude": 31.169336, "longitude": -100.07684}, {"playDate": "2018-12-16T00:01:55.000+0000", "artistId": 552, "songId": 6126509, "state": "DE", "style": "ROCK", "latitude": 39.145252, "longitude": -75.41892}, {"playDate": "2018-12-16T00:02:06.000+0000", "artistId": 552, "songId": 39829306, "state": "TX", "style": "ROCK", "latitude": 31.169336, "longitude": -100.07684}, {"playDate": "2018-12-16T00:02:14.000+0000", "artistId": 552, "songId": 6126503, "state": "NY", "style": "ROCK", "latitude": 40.705627, "longitude": -73.97968}, {"playDate": "2018-12-16T00:02:26.000+0000", "artistId": 552, "songId": 6126506, "state": "OK", "style": "ROCK", "latitude": 35.309765, "longitude": -98.71656}, {"playDate": "2018-12-16T00:02:38.000+0000", "artistId": 552, "songId": 6126506, "state": "OH", "style": "ROCK", "latitude": 40.19036, "longitude": -82.66925}, {"playDate": "2018-12-16T00:02:58.000+0000", "artistId": 552, "songId": 39829305, "state": "IA", "style": "ROCK", "latitude": 41.938316, "longitude": -93.3898}, {"playDate": "2018-12-16T00:02:59.000+0000", "artistId": 552, "songId": 56181310, "state": "ON", "style": "ROCK", "latitude": 44.566647, "longitude": -80.84998}, {"playDate": "2018-12-16T00:03:13.000+0000", "artistId": 552, "songId": 16106511, "state": "SK", "style": "ROCK", "latitude": 50.93331, "longitude": -102.79999}, {"playDate": "2018-12-16T00:03:20.000+0000", "artistId": 552, "songId": 6126506, "state": "IL", "style": "ROCK", "latitude": 39.73932, "longitude": -89.50414}, {"playDate": "2018-12-16T00:03:40.000+0000", "artistId": 552, "songId": 6126503, "state": "TX", "style": "ROCK", "latitude": 31.169336, "longitude": -100.07684}], "totalRecordsCount": 2495}