{"plays": [{"playDate": "2018-12-15T00:00:06.000+0000", "artistId": 552, "songId": 6126503, "state": "IA", "style": "ROCK", "latitude": 41.938316, "longitude": -93.3898}, {"playDate": "2018-12-15T00:00:06.000+0000", "artistId": 552, "songId": 6126503, "state": "IA", "style": "ROCK", "latitude": 41.938316, "longitude": -93.3898}, {"playDate": "2018-12-15T00:00:08.000+0000", "artistId": 552, "songId": 16106511, "state": "QC", "style": "ROCK", "latitude": 49.82258, "longitude": -64.34799}, {"playDate": "2018-12-15T00:00:15.000+0000", "artistId": 552, "songId": 16106511, "state": "FL", "style": "ROCK", "latitude": 27.975727, "longitude": -83.833015}, {"playDate": "2018-12-15T00:00:32.000+0000", "artistId": 552, "songId": 6126505, "state": "OH", "style": "ROCK", "latitude": 40.19036, "longitude": -82.66925}, {"playDate": "2018-12-15T00:00:54.000+0000", "artistId": 552, "songId": 6126506, "state": "KS", "style": "ROCK", "latitude": 38.49878, "longitude": -98.320076}, {"playDate": "2018-12-15T00:01:03.000+0000", "artistId": 552, "songId": 6126506, "state": "NY", "style": "ROCK", "latitude": 40.705627, "longitude": -73.97968}, {"playDate": "2018-12-15T00:01:24.000+0000", "artistId": 552, "songId": 16106511, "state": "CA", "style": "ROCK", "latitude": 37.271873, "longitude": -119.27042}, {"playDate": "2018-12-15T00:01:37.000+0000", "artistId": 552, "songId": 16106511, "state": "NJ", "style": "ROCK", "latitude": 40.143005, "longitude": -74.73112}, {"playDate": "2018-12-15T00:01:50.000+0000", "artistId": 552, "songId": 6126506, "state": "CT", "style": "ROCK", "latitude": 41.518784, "longitude": -72.75751}, {"playDate": "2018-12-15T00:01:55.000+0000", "artistId": 552, "songId": 6126506, "state": "DE", "style": "ROCK", "latitude": 39.145252, "longitude": -75.41892}, {"playDate": "2018-12-15T00:02:01.000+0000", "artistId": 552, "songId": 6126515, "state": "SD", "style": "ROCK", "latitude": 44.2127, "longitude": -100.24716}, {"playDate": "2018-12-15T00:02:26.000+0000", "artistId": 552, "songId": 6126506, "state": "NC", "style": "ROCK", "latitude": 35.21456, "longitude": -79.891266}, {"playDate": "2018-12-15T00:02:31.000+0000", "artistId": 552, "songId": 16106511, "state": "AK", "style": "ROCK", "latitude": 61.3025, "longitude": -158.77502}, {"playDate": "2018-12-15T00:02:34.000+0000", "artistId": 552, "songId": 6126515, "state": "IL", "style": "ROCK", "latitude": 39.73932, "longitude": -89.50414}, {"playDate": "2018-12-15T00:02:37.000+0000", "artistId": 552, "songId": 16106511, "state": "IL", "style": "ROCK", "latitude": 39.73932, "longitude": -89.50414}, {"playDate": "2018-12-15T00:02:46.000+0000", "artistId": 552, "songId": 92680501, "state": "TX", "style": "ROCK", "latitude": 31.169336, "longitude": -100.07684}, {"playDate": "2018-12-15T00:03:27.000+0000", "artistId": 552, "songId": 16106511, "state": "NJ", "style": "ROCK", "latitude": 40.143005, "longitude": -74.73112}, {"playDate": "2018-12-15T00:03:38.000+0000", "artistId": 552, "songId": 6126506, "state": "IL", "style": "ROCK", "latitude": 39.73932, "longitude": -89.50414}, {"playDate": "2018-12-15T00:04:33.000+0000", "artistId": 552, "songId": 6126503, "state": "LA", "style": "ROCK", "latitude": 30.973377, "longitude": -91.42991}], "totalRecordsCount": 3451}