{"plays": [{"playDate": "2018-12-07T00:00:03.000+0000", "artistId": 552, "songId": 6126506, "state": "MO", "style": "ROCK", "latitude": 38.30466, "longitude": -92.437096}, {"playDate": "2018-12-07T00:01:11.000+0000", "artistId": 552, "songId": 6126504, "state": "KS", "style": "ROCK", "latitude": 38.49878, "longitude": -98.320076}, {"playDate": "2018-12-07T00:01:11.000+0000", "artistId": 552, "songId": 6126504, "state": "KS", "style": "ROCK", "latitude": 38.49878, "longitude": -98.320076}, {"playDate": "2018-12-07T00:01:24.000+0000", "artistId": 552, "songId": 16106511, "state": "IL", "style": "ROCK", "latitude": 39.73932, "longitude": -89.50414}, {"playDate": "2018-12-07T00:01:37.000+0000", "artistId": 552, "songId": 6126506, "state": "ND", "style": "ROCK", "latitude": 47.46788, "longitude": -100.30227}, {"playDate": "2018-12-07T00:01:53.000+0000", "artistId": 552, "songId": 16106511, "state": "WI", "style": "ROCK", "latitude": 44.786297, "longitude": -89.826706}, {"playDate": "2018-12-07T00:02:29.000+0000", "artistId": 552, "songId": 16110407, "state": "NE", "style": "ROCK", "latitude": 41.50082, "longitude": -99.6809}, {"playDate": "2018-12-07T00:02:34.000+0000", "artistId": 552, "songId": 16103701, "state": "VA", "style": "ROCK", "latitude": 38.003384, "longitude": -79.458786}, {"playDate": "2018-12-07T00:02:54.000+0000", "artistId": 552, "songId": 39829312, "state": "DC", "style": "ROCK", "latitude": 38.89935, "longitude": -77.014565}, {"playDate": "2018-12-07T00:02:55.000+0000", "artistId": 552, "songId": 35143418, "state": "RI", "style": "ROCK", "latitude": 41.58273, "longitude": -71.506454}, {"playDate": "2018-12-07T00:02:57.000+0000", "artistId": 552, "songId": 6126504, "state": "OK", "style": "ROCK", "latitude": 35.309765, "longitude": -98.71656}, {"playDate": "2018-12-07T00:03:03.000+0000", "artistId": 552, "songId": 16106511, "state": "CA", "style": "ROCK", "latitude": 37.271873, "longitude": -119.27042}, {"playDate": "2018-12-07T00:03:25.000+0000", "artistId": 552, "songId": 16106511, "state": "RI", "style": "ROCK", "latitude": 41.58273, "longitude": -71.506454}, {"playDate": "2018-12-07T00:03:30.000+0000", "artistId": 552, "songId": 6131102, "state": "ND", "style": "ROCK", "latitude": 47.46788, "longitude": -100.30227}, {"playDate": "2018-12-07T00:03:32.000+0000", "artistId": 552, "songId": 6126505, "state": "WY", "style": "ROCK", "latitude": 43.000324, "longitude": -107.554565}, {"playDate": "2018-12-07T00:04:03.000+0000", "artistId": 552, "songId": 16106511, "state": "AZ", "style": "ROCK", "latitude": 34.168217, "longitude": -111.93091}, {"playDate": "2018-12-07T00:04:55.000+0000", "artistId": 552, "songId": 16106511, "state": "TX", "style": "ROCK", "latitude": 31.169336, "longitude": -100.07684}, {"playDate": "2018-12-07T00:05:27.000+0000", "artistId": 552, "songId": 16106511, "state": "KS", "style": "ROCK", "latitude": 38.49878, "longitude": -98.320076}, {"playDate": "2018-12-07T00:05:50.000+0000", "artistId": 552, "songId": 6131117, "state": "HI", "style": "ROCK", "latitude": 20.46, "longitude": -157.505}, {"playDate": "2018-12-07T00:06:27.000+0000", "artistId": 552, "songId": 6126506, "state": "MI", "style": "ROCK", "latitude": 44.94356, "longitude": -86.4158}], "totalRecordsCount": 3322}