{"plays": [{"playDate": "2018-12-23T00:00:03.000+0000", "artistId": 552, "songId": 6126509, "state": "WI", "style": "ROCK", "latitude": 44.786297, "longitude": -89.826706}, {"playDate": "2018-12-23T00:00:16.000+0000", "artistId": 552, "songId": 6126505, "state": "IL", "style": "ROCK", "latitude": 39.73932, "longitude": -89.50414}, {"playDate": "2018-12-23T00:00:16.000+0000", "artistId": 552, "songId": 6126505, "state": "IL", "style": "ROCK", "latitude": 39.73932, "longitude": -89.50414}, {"playDate": "2018-12-23T00:00:22.000+0000", "artistId": 552, "songId": 6126506, "state": "PA", "style": "ROCK", "latitude": 40.994595, "longitude": -77.6047}, {"playDate": "2018-12-23T00:00:45.000+0000", "artistId": 552, "songId": 6126505, "state": "MN", "style": "ROCK", "latitude": 46.44186, "longitude": -93.36552}, {"playDate": "2018-12-23T00:00:53.000+0000", "artistId": 552, "songId": 6126505, "state": "IA", "style": "ROCK", "latitude": 41.938316, "longitude": -93.3898}, {"playDate": "2018-12-23T00:01:43.000+0000", "artistId": 552, "songId": 16106511, "state": "MA", "style": "ROCK", "latitude": 42.06294, "longitude": -71.71806}, {"playDate": "2018-12-23T00:02:15.000+0000", "artistId": 552, "songId": 16106212, "state": "PA", "style": "ROCK", "latitude": 40.994595, "longitude": -77.6047}, {"playDate": "2018-12-23T00:02:35.000+0000", "artistId": 552, "songId": 16103702, "state": "CA", "style": "ROCK", "latitude": 37.271873, "longitude": -119.27042}, {"playDate": "2018-12-23T00:02:36.000+0000", "artistId": 552, "songId": 39829302, "state": "NC", "style": "ROCK", "latitude": 35.21456, "longitude": -79.891266}, {"playDate": "2018-12-23T00:02:59.000+0000", "artistId": 552, "songId": 16106511, "state": "NJ", "style": "ROCK", "latitude": 40.143005, "longitude": -74.73112}, {"playDate": "2018-12-23T00:03:09.000+0000", "artistId": 552, "songId": 6126506, "state": "TX", "style": "ROCK", "latitude": 31.169336, "longitude": -100.07684}, {"playDate": "2018-12-23T00:03:10.000+0000", "artistId": 552, "songId": 35143412, "state": "PA", "style": "ROCK", "latitude": 40.994595, "longitude": -77.6047}, {"playDate": "2018-12-23T00:03:11.000+0000", "artistId": 552, "songId": 16123301, "state": "WI", "style": "ROCK", "latitude": 44.786297, "longitude": -89.826706}, {"playDate": "2018-12-23T00:03:43.000+0000", "artistId": 552, "songId": 16103501, "state": "PA", "style": "ROCK", "latitude": 40.994595, "longitude": -77.6047}, {"playDate": "2018-12-23T00:03:57.000+0000", "artistId": 552, "songId": 16106511, "state": "OH", "style": "ROCK", "latitude": 40.19036, "longitude": -82.66925}, {"playDate": "2018-12-23T00:04:25.000+0000", "artistId": 552, "songId": 6126506, "state": "PA", "style": "ROCK", "latitude": 40.994595, "longitude": -77.6047}, {"playDate": "2018-12-23T00:04:31.000+0000", "artistId": 552, "songId": 16123301, "state": "WI", "style": "ROCK", "latitude": 44.786297, "longitude": -89.826706}, {"playDate": "2018-12-23T00:04:38.000+0000", "artistId": 552, "songId": 16123301, "state": "MO", "style": "ROCK", "latitude": 38.30466, "longitude": -92.437096}, {"playDate": "2018-12-23T00:05:03.000+0000", "artistId": 552, "songId": 16123306, "state": "FL", "style": "ROCK", "latitude": 27.975727, "longitude": -83.833015}], "totalRecordsCount": 2475}