{"plays": [{"playDate": "2018-12-12T00:00:12.000+0000", "artistId": 552, "songId": 39829312, "state": "MN", "style": "ROCK", "latitude": 46.44186, "longitude": -93.36552}, {"playDate": "2018-12-12T00:00:30.000+0000", "artistId": 552, "songId": 6126506, "state": "TN", "style": "ROCK", "latitude": 35.83052, "longitude": -85.9786}, {"playDate": "2018-12-12T00:01:24.000+0000", "artistId": 552, "songId": 16123301, "state": "CA", "style": "ROCK", "latitude": 37.271873, "longitude": -119.27042}, {"playDate": "2018-12-12T00:02:15.000+0000", "artistId": 552, "songId": 6126506, "state": "WI", "style": "ROCK", "latitude": 44.786297, "longitude": -89.826706}, {"playDate": "2018-12-12T00:02:19.000+0000", "artistId": 552, "songId": 6126506, "state": "OH", "style": "ROCK", "latitude": 40.19036, "longitude": -82.66925}, {"playDate": "2018-12-12T00:04:33.000+0000", "artistId": 552, "songId": 6126506, "state": "GA", "style": "ROCK", "latitude": 32.678123, "longitude": -83.22298}, {"playDate": "2018-12-12T00:04:39.000+0000", "artistId": 552, "songId": 16106511, "state": "NC", "style": "ROCK", "latitude": 35.21456, "longitude": -79.891266}, {"playDate": "2018-12-12T00:04:55.000+0000", "artistId": 552, "songId": 16123301, "state": "CA", "style": "ROCK", "latitude": 37.271873, "longitude": -119.27042}, {"playDate": "2018-12-12T00:05:09.000+0000", "artistId": 552, "songId": 16110458, "state": "IL", "style": "ROCK", "latitude": 39.73932, "longitude": -89.50414}, {"playDate": "2018-12-12T00:05:31.000+0000", "artistId": 552, "songId": 6126505, "state": "NC", "style": "ROCK", "latitude": 35.21456, "longitude": -79.891266}, {"playDate": "2018-12-12T00:05:59.000+0000", "artistId": 552, "songId": 6126508, "state": "TX", "style": "ROCK", "latitude": 31.169336, "longitude": -100.07684}, {"playDate": "2018-12-12T00:06:16.000+0000", "artistId": 552, "songId": 6126506, "state": "SC", "style": "ROCK", "latitude": 33.62505, "longitude": -80.94704}, {"playDate": "2018-12-12T00:06:18.000+0000", "artistId": 552, "songId": 39829304, "state": "IL", "style": "ROCK", "latitude": 39.73932, "longitude": -89.50414}, {"playDate": "2018-12-12T00:06:19.000+0000", "artistId": 552, "songId": 6131117, "state": "NJ", "style": "ROCK", "latitude": 40.143005, "longitude": -74.73112}, {"playDate": "2018-12-12T00:06:57.000+0000", "artistId": 552, "songId": 6126503, "state": "IA", "style": "ROCK", "latitude": 41.938316, "longitude": -93.3898}, {"playDate": "2018-12-12T00:07:18.000+0000", "artistId": 552, "songId": 6126504, "state": "TX", "style": "ROCK", "latitude": 31.169336, "longitude": -100.07684}, {"playDate": "2018-12-12T00:07:24.000+0000", "artistId": 552, "songId": 6126508, "state": "IL", "style": "ROCK", "latitude": 39.73932, "longitude": -89.50414}, {"playDate": "2018-12-12T00:07:27.000+0000", "artistId": 552, "songId": 16106511, "state": "NM", "style": "ROCK", "latitude": 34.166233, "longitude": -106.02607}, {"playDate": "2018-12-12T00:08:22.000+0000", "artistId": 552, "songId": 6126517, "state": "TX", "style": "ROCK", "latitude": 31.169336, "longitude": -100.07684}, {"playDate": "2018-12-12T00:09:40.000+0000", "artistId": 552, "songId": 6126504, "state": "IN", "style": "ROCK", "latitude": 39.76622, "longitude": -86.44128}], "totalRecordsCount": 2445}