{"plays": [{"playDate": "2018-12-04T00:00:52.000+0000", "artistId": 552, "songId": 6126513, "state": "FL", "style": "ROCK", "latitude": 27.975727, "longitude": -83.833015}, {"playDate": "2018-12-04T00:01:22.000+0000", "artistId": 552, "songId": 16106511, "state": "CT", "style": "ROCK", "latitude": 41.518784, "longitude": -72.75751}, {"playDate": "2018-12-04T00:01:37.000+0000", "artistId": 552, "songId": 6126506, "state": "SK", "style": "ROCK", "latitude": 50.93331, "longitude": -102.79999}, {"playDate": "2018-12-04T00:01:49.000+0000", "artistId": 552, "songId": 6126506, "state": "MI", "style": "ROCK", "latitude": 44.94356, "longitude": -86.4158}, {"playDate": "2018-12-04T00:03:17.000+0000", "artistId": 552, "songId": 16106511, "state": "AR", "style": "ROCK", "latitude": 34.751926, "longitude": -92.13138}, {"playDate": "2018-12-04T00:03:37.000+0000", "artistId": 552, "songId": 16103809, "state": "IL", "style": "ROCK", "latitude": 39.73932, "longitude": -89.50414}, {"playDate": "2018-12-04T00:03:50.000+0000", "artistId": 552, "songId": 6126506, "state": "IA", "style": "ROCK", "latitude": 41.938316, "longitude": -93.3898}, {"playDate": "2018-12-04T00:03:55.000+0000", "artistId": 552, "songId": 6126517, "state": "FL", "style": "ROCK", "latitude": 27.975727, "longitude": -83.833015}, {"playDate": "2018-12-04T00:04:13.000+0000", "artistId": 552, "songId": 6126517, "state": "MA", "style": "ROCK", "latitude": 42.06294, "longitude": -71.71806}, {"playDate": "2018-12-04T00:05:02.000+0000", "artistId": 552, "songId": 16106302, "state": "NE", "style": "ROCK", "latitude": 41.50082, "longitude": -99.6809}, {"playDate": "2018-12-04T00:05:13.000+0000", "artistId": 552, "songId": 6126506, "state": "IL", "style": "ROCK", "latitude": 39.73932, "longitude": -89.50414}, {"playDate": "2018-12-04T00:05:19.000+0000", "artistId": 552, "songId": 6126506, "state": "OR", "style": "ROCK", "latitude": 44.141907, "longitude": -120.5381}, {"playDate": "2018-12-04T00:05:33.000+0000", "artistId": 552, "songId": 6126506, "state": "IA", "style": "ROCK", "latitude": 41.938316, "longitude": -93.3898}, {"playDate": "2018-12-04T00:06:07.000+0000", "artistId": 552, "songId": 6126517, "state": "MI", "style": "ROCK", "latitude": 44.94356, "longitude": -86.4158}, {"playDate": "2018-12-04T00:06:42.000+0000", "artistId": 552, "songId": 16106401, "state": "OH", "style": "ROCK", "latitude": 40.19036, "longitude": -82.66925}, {"playDate": "2018-12-04T00:06:56.000+0000", "artistId": 552, "songId": 6126503, "state": "FL", "style": "ROCK", "latitude": 27.975727, "longitude": -83.833015}, {"playDate": "2018-12-04T00:07:42.000+0000", "artistId": 552, "songId": 16110461, "state": "NE", "style": "ROCK", "latitude": 41.50082, "longitude": -99.6809}, {"playDate": "2018-12-04T00:08:58.000+0000", "artistId": 552, "songId": 6126501, "state": "IL", "style": "ROCK", "latitude": 39.73932, "longitude": -89.50414}, {"playDate": "2018-12-04T00:09:21.000+0000", "artistId": 552, "songId": 6126505, "state": "KY", "style": "ROCK", "latitude": 37.822292, "longitude": -85.76824}, {"playDate": "2018-12-04T00:10:06.000+0000", "artistId": 552, "songId": 6126506, "state": "WI", "style": "ROCK", "latitude": 44.786297, "longitude": -89.826706}], "totalRecordsCount": 2383}