{"plays": [{"playDate": "2018-12-13T00:00:14.000+0000", "artistId": 552, "songId": 6126505, "state": "WI", "style": "ROCK", "latitude": 44.786297, "longitude": -89.826706}, {"playDate": "2018-12-13T00:01:03.000+0000", "artistId": 552, "songId": 6126505, "state": "VA", "style": "ROCK", "latitude": 38.003384, "longitude": -79.458786}, {"playDate": "2018-12-13T00:01:11.000+0000", "artistId": 552, "songId": 78950407, "state": "IN", "style": "ROCK", "latitude": 39.76622, "longitude": -86.44128}, {"playDate": "2018-12-13T00:01:15.000+0000", "artistId": 552, "songId": 6131109, "state": "TX", "style": "ROCK", "latitude": 31.169336, "longitude": -100.07684}, {"playDate": "2018-12-13T00:01:22.000+0000", "artistId": 552, "songId": 6126506, "state": "IL", "style": "ROCK", "latitude": 39.73932, "longitude": -89.50414}, {"playDate": "2018-12-13T00:01:36.000+0000", "artistId": 552, "songId": 56181319, "state": "NE", "style": "ROCK", "latitude": 41.50082, "longitude": -99.6809}, {"playDate": "2018-12-13T00:01:51.000+0000", "artistId": 552, "songId": 16123301, "state": "AB", "style": "ROCK", "latitude": 53.016697, "longitude": -112.816635}, {"playDate": "2018-12-13T00:01:53.000+0000", "artistId": 552, "songId": 6126505, "state": "IL", "style": "ROCK", "latitude": 39.73932, "longitude": -89.50414}, {"playDate": "2018-12-13T00:03:16.000+0000", "artistId": 552, "songId": 16103702, "state": "SD", "style": "ROCK", "latitude": 44.2127, "longitude": -100.24716}, {"playDate": "2018-12-13T00:03:31.000+0000", "artistId": 552, "songId": 6126503, "state": "IL", "style": "ROCK", "latitude": 39.73932, "longitude": -89.50414}, {"playDate": "2018-12-13T00:03:57.000+0000", "artistId": 552, "songId": 6126517, "state": "SC", "style": "ROCK", "latitude": 33.62505, "longitude": -80.94704}, {"playDate": "2018-12-13T00:04:39.000+0000", "artistId": 552, "songId": 16106511, "state": "WY", "style": "ROCK", "latitude": 43.000324, "longitude": -107.554565}, {"playDate": "2018-12-13T00:04:51.000+0000", "artistId": 552, "songId": 6126505, "state": "CA", "style": "ROCK", "latitude": 37.271873, "longitude": -119.27042}, {"playDate": "2018-12-13T00:05:30.000+0000", "artistId": 552, "songId": 6126517, "state": "NJ", "style": "ROCK", "latitude": 40.143005, "longitude": -74.73112}, {"playDate": "2018-12-13T00:05:34.000+0000", "artistId": 552, "songId": 6126517, "state": "MI", "style": "ROCK", "latitude": 44.94356, "longitude": -86.4158}, {"playDate": "2018-12-13T00:06:04.000+0000", "artistId": 552, "songId": 6131107, "state": "IL", "style": "ROCK", "latitude": 39.73932, "longitude": -89.50414}, {"playDate": "2018-12-13T00:06:13.000+0000", "artistId": 552, "songId": 16123301, "state": "MN", "style": "ROCK", "latitude": 46.44186, "longitude": -93.36552}, {"playDate": "2018-12-13T00:06:19.000+0000", "artistId": 552, "songId": 6126506, "state": "CO", "style": "ROCK", "latitude": 38.997932, "longitude": -105.55057}, {"playDate": "2018-12-13T00:06:39.000+0000", "artistId": 552, "songId": 16106511, "state": "CT", "style": "ROCK", "latitude": 41.518784, "longitude": -72.75751}, {"playDate": "2018-12-13T00:06:56.000+0000", "artistId": 552, "songId": 6126506, "state": "TX", "style": "ROCK", "latitude": 31.169336, "longitude": -100.07684}], "totalRecordsCount": 2504}