{"plays": [{"playDate": "2018-08-03T00:07:34.000+0000", "artistId": 2884, "songId": 12732902, "state": "NC", "style": "R&B - SOUL", "latitude": 35.21456, "longitude": -79.891266}, {"playDate": "2018-08-03T00:10:41.000+0000", "artistId": 2884, "songId": 78166808, "state": "WI", "style": "R&B - SOUL", "latitude": 44.786297, "longitude": -89.826706}, {"playDate": "2018-08-03T00:10:48.000+0000", "artistId": 2884, "songId": 27193411, "state": "CT", "style": "R&B - SOUL", "latitude": 41.518784, "longitude": -72.75751}, {"playDate": "2018-08-03T00:15:23.000+0000", "artistId": 2884, "songId": 78166811, "state": "MN", "style": "R&B - SOUL", "latitude": 46.44186, "longitude": -93.36552}, {"playDate": "2018-08-03T00:29:42.000+0000", "artistId": 2884, "songId": 12732902, "state": "NC", "style": "R&B - SOUL", "latitude": 35.21456, "longitude": -79.891266}, {"playDate": "2018-08-03T00:33:43.000+0000", "artistId": 2884, "songId": 27193401, "state": "AZ", "style": "R&B - SOUL", "latitude": 34.168217, "longitude": -111.93091}, {"playDate": "2018-08-03T00:36:32.000+0000", "artistId": 2884, "songId": 27159806, "state": "IL", "style": "R&B - SOUL", "latitude": 39.73932, "longitude": -89.50414}, {"playDate": "2018-08-03T00:37:30.000+0000", "artistId": 2884, "songId": 78166802, "state": "IN", "style": "R&B - SOUL", "latitude": 39.76622, "longitude": -86.44128}, {"playDate": "2018-08-03T00:44:02.000+0000", "artistId": 2884, "songId": 78166808, "state": "SC", "style": "R&B - SOUL", "latitude": 33.62505, "longitude": -80.94704}, {"playDate": "2018-08-03T00:52:04.000+0000", "artistId": 2884, "songId": 78166808, "state": "MN", "style": "R&B - SOUL", "latitude": 46.44186, "longitude": -93.36552}, {"playDate": "2018-08-03T00:53:08.000+0000", "artistId": 2884, "songId": 32499806, "state": "GA", "style": "R&B - SOUL", "latitude": 32.678123, "longitude": -83.22298}, {"playDate": "2018-08-03T01:01:03.000+0000", "artistId": 2884, "songId": 78166804, "state": "VA", "style": "R&B - SOUL", "latitude": 38.003384, "longitude": -79.458786}, {"playDate": "2018-08-03T01:02:25.000+0000", "artistId": 2884, "songId": 21898701, "state": "MI", "style": "R&B - SOUL", "latitude": 44.94356, "longitude": -86.4158}, {"playDate": "2018-08-03T01:10:40.000+0000", "artistId": 2884, "songId": 78128005, "state": "LA", "style": "R&B - SOUL", "latitude": 30.973377, "longitude": -91.42991}, {"playDate": "2018-08-03T01:13:13.000+0000", "artistId": 2884, "songId": 78166808, "state": "NY", "style": "R&B - SOUL", "latitude": 40.705627, "longitude": -73.97968}, {"playDate": "2018-08-03T01:13:47.000+0000", "artistId": 2884, "songId": 21828604, "state": "WI", "style": "R&B - SOUL", "latitude": 44.786297, "longitude": -89.826706}, {"playDate": "2018-08-03T01:18:03.000+0000", "artistId": 2884, "songId": 78128005, "state": "CO", "style": "R&B - SOUL", "latitude": 38.997932, "longitude": -105.55057}, {"playDate": "2018-08-03T01:26:28.000+0000", "artistId": 2884, "songId": 78166808, "state": "TX", "style": "R&B - SOUL", "latitude": 31.169336, "longitude": -100.07684}, {"playDate": "2018-08-03T01:27:00.000+0000", "artistId": 2884, "songId": 78166808, "state": "AL", "style": "R&B - SOUL", "latitude": 32.60101, "longitude": -86.68073}, {"playDate": "2018-08-03T01:41:38.000+0000", "artistId": 2884, "songId": 32499806, "state": "IL", "style": "R&B - SOUL", "latitude": 39.73932, "longitude": -89.50414}, {"playDate": "2018-08-03T01:43:56.000+0000", "artistId": 2884, "songId": 78128005, "state": "OH", "style": "R&B - SOUL", "latitude": 40.19036, "longitude": -82.66925}, {"playDate": "2018-08-03T01:52:57.000+0000", "artistId": 2884, "songId": 27193401, "state": "IL", "style": "R&B - SOUL", "latitude": 39.73932, "longitude": -89.50414}, {"playDate": "2018-08-03T02:12:38.000+0000", "artistId": 2884, "songId": 27193408, "state": "NY", "style": "R&B - SOUL", "latitude": 40.705627, "longitude": -73.97968}, {"playDate": "2018-08-03T02:21:58.000+0000", "artistId": 2884, "songId": 68816807, "state": "TN", "style": "ELECTRO - DANCE", "latitude": 35.83052, "longitude": -85.9786}, {"playDate": "2018-08-03T03:49:16.000+0000", "artistId": 2884, "songId": 27193408, "state": "WV", "style": "R&B - SOUL", "latitude": 38.92017, "longitude": -80.181694}, {"playDate": "2018-08-03T05:19:16.000+0000", "artistId": 2884, "songId": 27159804, "state": "FL", "style": "R&B - SOUL", "latitude": 27.975727, "longitude": -83.833015}, {"playDate": "2018-08-03T05:41:22.000+0000", "artistId": 2884, "songId": 78166808, "state": "NY", "style": "R&B - SOUL", "latitude": 40.705627, "longitude": -73.97968}, {"playDate": "2018-08-03T05:51:41.000+0000", "artistId": 2884, "songId": 78166812, "state": "CA", "style": "R&B - SOUL", "latitude": 37.271873, "longitude": -119.27042}, {"playDate": "2018-08-03T06:13:10.000+0000", "artistId": 2884, "songId": 27193408, "state": "CA", "style": "R&B - SOUL", "latitude": 37.271873, "longitude": -119.27042}, {"playDate": "2018-08-03T06:14:30.000+0000", "artistId": 2884, "songId": 27193401, "state": "KY", "style": "R&B - SOUL", "latitude": 37.822292, "longitude": -85.76824}, {"playDate": "2018-08-03T06:19:58.000+0000", "artistId": 2884, "songId": 78166812, "state": "OR", "style": "R&B - SOUL", "latitude": 44.141907, "longitude": -120.5381}, {"playDate": "2018-08-03T06:38:02.000+0000", "artistId": 2884, "songId": 78166812, "state": "CA", "style": "R&B - SOUL", "latitude": 37.271873, "longitude": -119.27042}, {"playDate": "2018-08-03T06:39:22.000+0000", "artistId": 2884, "songId": 78166812, "state": "CA", "style": "R&B - SOUL", "latitude": 37.271873, "longitude": -119.27042}, {"playDate": "2018-08-03T06:44:10.000+0000", "artistId": 2884, "songId": 12732905, "state": "CA", "style": "R&B - SOUL", "latitude": 37.271873, "longitude": -119.27042}, {"playDate": "2018-08-03T06:58:36.000+0000", "artistId": 2884, "songId": 12732905, "state": "AZ", "style": "R&B - SOUL", "latitude": 34.168217, "longitude": -111.93091}, {"playDate": "2018-08-03T07:01:45.000+0000", "artistId": 2884, "songId": 12732902, "state": "FL", "style": "R&B - SOUL", "latitude": 27.975727, "longitude": -83.833015}, {"playDate": "2018-08-03T07:34:26.000+0000", "artistId": 2884, "songId": 78166808, "state": "ON", "style": "R&B - SOUL", "latitude": 44.566647, "longitude": -80.84998}, {"playDate": "2018-08-03T07:35:11.000+0000", "artistId": 2884, "songId": 78166812, "state": "OR", "style": "R&B - SOUL", "latitude": 44.141907, "longitude": -120.5381}, {"playDate": "2018-08-03T07:51:51.000+0000", "artistId": 2884, "songId": 21898704, "state": "IL", "style": "R&B - SOUL", "latitude": 39.73932, "longitude": -89.50414}, {"playDate": "2018-08-03T07:58:41.000+0000", "artistId": 2884, "songId": 27193401, "state": "NJ", "style": "R&B - SOUL", "latitude": 40.143005, "longitude": -74.73112}, {"playDate": "2018-08-03T08:01:56.000+0000", "artistId": 2884, "songId": 12732902, "state": "CA", "style": "R&B - SOUL", "latitude": 37.271873, "longitude": -119.27042}, {"playDate": "2018-08-03T08:11:00.000+0000", "artistId": 2884, "songId": 78166812, "state": "CA", "style": "R&B - SOUL", "latitude": 37.271873, "longitude": -119.27042}, {"playDate": "2018-08-03T08:15:42.000+0000", "artistId": 2884, "songId": 27193408, "state": "CA", "style": "R&B - SOUL", "latitude": 37.271873, "longitude": -119.27042}, {"playDate": "2018-08-03T08:17:29.000+0000", "artistId": 2884, "songId": 27193401, "state": "NJ", "style": "R&B - SOUL", "latitude": 40.143005, "longitude": -74.73112}, {"playDate": "2018-08-03T08:29:06.000+0000", "artistId": 2884, "songId": 12732902, "state": "MI", "style": "R&B - SOUL", "latitude": 44.94356, "longitude": -86.4158}, {"playDate": "2018-08-03T08:33:07.000+0000", "artistId": 2884, "songId": 78166808, "state": "NE", "style": "R&B - SOUL", "latitude": 41.50082, "longitude": -99.6809}, {"playDate": "2018-08-03T08:57:45.000+0000", "artistId": 2884, "songId": 78166808, "state": "MO", "style": "R&B - SOUL", "latitude": 38.30466, "longitude": -92.437096}, {"playDate": "2018-08-03T09:22:07.000+0000", "artistId": 2884, "songId": 27193401, "state": "NJ", "style": "R&B - SOUL", "latitude": 40.143005, "longitude": -74.73112}, {"playDate": "2018-08-03T09:24:51.000+0000", "artistId": 2884, "songId": 27193408, "state": "OH", "style": "R&B - SOUL", "latitude": 40.19036, "longitude": -82.66925}, {"playDate": "2018-08-03T09:26:09.000+0000", "artistId": 2884, "songId": 78166808, "state": "FL", "style": "R&B - SOUL", "latitude": 27.975727, "longitude": -83.833015}, {"playDate": "2018-08-03T09:28:04.000+0000", "artistId": 2884, "songId": 78166811, "state": "CA", "style": "R&B - SOUL", "latitude": 37.271873, "longitude": -119.27042}, {"playDate": "2018-08-03T09:28:46.000+0000", "artistId": 2884, "songId": 21898701, "state": "NC", "style": "R&B - SOUL", "latitude": 35.21456, "longitude": -79.891266}, {"playDate": "2018-08-03T09:36:06.000+0000", "artistId": 2884, "songId": 78166802, "state": "TN", "style": "R&B - SOUL", "latitude": 35.83052, "longitude": -85.9786}, {"playDate": "2018-08-03T10:08:39.000+0000", "artistId": 2884, "songId": 78166808, "state": "NV", "style": "R&B - SOUL", "latitude": 38.502033, "longitude": -117.02306}, {"playDate": "2018-08-03T10:29:29.000+0000", "artistId": 2884, "songId": 12732902, "state": "AZ", "style": "R&B - SOUL", "latitude": 34.168217, "longitude": -111.93091}, {"playDate": "2018-08-03T10:50:38.000+0000", "artistId": 2884, "songId": 78166812, "state": "UT", "style": "R&B - SOUL", "latitude": 39.49976, "longitude": -111.54703}, {"playDate": "2018-08-03T10:56:41.000+0000", "artistId": 2884, "songId": 27193408, "state": "FL", "style": "R&B - SOUL", "latitude": 27.975727, "longitude": -83.833015}, {"playDate": "2018-08-03T10:57:14.000+0000", "artistId": 2884, "songId": 78166808, "state": "VA", "style": "R&B - SOUL", "latitude": 38.003384, "longitude": -79.458786}, {"playDate": "2018-08-03T11:04:40.000+0000", "artistId": 2884, "songId": 12732902, "state": "CA", "style": "R&B - SOUL", "latitude": 37.271873, "longitude": -119.27042}, {"playDate": "2018-08-03T11:05:05.000+0000", "artistId": 2884, "songId": 78128005, "state": "NJ", "style": "R&B - SOUL", "latitude": 40.143005, "longitude": -74.73112}, {"playDate": "2018-08-03T11:24:21.000+0000", "artistId": 2884, "songId": 78166812, "state": "CA", "style": "R&B - SOUL", "latitude": 37.271873, "longitude": -119.27042}, {"playDate": "2018-08-03T11:24:31.000+0000", "artistId": 2884, "songId": 78128005, "state": "MO", "style": "R&B - SOUL", "latitude": 38.30466, "longitude": -92.437096}, {"playDate": "2018-08-03T11:24:57.000+0000", "artistId": 2884, "songId": 78166811, "state": "QC", "style": "R&B - SOUL", "latitude": 49.82258, "longitude": -64.34799}, {"playDate": "2018-08-03T11:33:37.000+0000", "artistId": 2884, "songId": 27159806, "state": "TN", "style": "R&B - SOUL", "latitude": 35.83052, "longitude": -85.9786}, {"playDate": "2018-08-03T11:46:47.000+0000", "artistId": 2884, "songId": 27152702, "state": "QC", "style": "R&B - SOUL", "latitude": 49.82258, "longitude": -64.34799}, {"playDate": "2018-08-03T11:48:30.000+0000", "artistId": 2884, "songId": 21898701, "state": "VA", "style": "R&B - SOUL", "latitude": 38.003384, "longitude": -79.458786}, {"playDate": "2018-08-03T11:49:02.000+0000", "artistId": 2884, "songId": 46620104, "state": "WA", "style": "R&B - SOUL", "latitude": 38.89935, "longitude": -77.014565}, {"playDate": "2018-08-03T11:51:06.000+0000", "artistId": 2884, "songId": 78166808, "state": "QC", "style": "R&B - SOUL", "latitude": 49.82258, "longitude": -64.34799}, {"playDate": "2018-08-03T11:51:19.000+0000", "artistId": 2884, "songId": 21855602, "state": "CO", "style": "R&B - SOUL", "latitude": 38.997932, "longitude": -105.55057}, {"playDate": "2018-08-03T11:53:31.000+0000", "artistId": 2884, "songId": 27152702, "state": "VA", "style": "R&B - SOUL", "latitude": 38.003384, "longitude": -79.458786}, {"playDate": "2018-08-03T11:53:56.000+0000", "artistId": 2884, "songId": 78166811, "state": "SC", "style": "R&B - SOUL", "latitude": 33.62505, "longitude": -80.94704}, {"playDate": "2018-08-03T12:00:53.000+0000", "artistId": 2884, "songId": 78166808, "state": "MD", "style": "R&B - SOUL", "latitude": 38.80635, "longitude": -77.26842}, {"playDate": "2018-08-03T12:04:01.000+0000", "artistId": 2884, "songId": 46620104, "state": "NC", "style": "R&B - SOUL", "latitude": 35.21456, "longitude": -79.891266}, {"playDate": "2018-08-03T12:23:51.000+0000", "artistId": 2884, "songId": 78166812, "state": "CA", "style": "R&B - SOUL", "latitude": 37.271873, "longitude": -119.27042}, {"playDate": "2018-08-03T12:27:33.000+0000", "artistId": 2884, "songId": 21898701, "state": "AL", "style": "R&B - SOUL", "latitude": 32.60101, "longitude": -86.68073}, {"playDate": "2018-08-03T12:28:26.000+0000", "artistId": 2884, "songId": 78166808, "state": "IL", "style": "R&B - SOUL", "latitude": 39.73932, "longitude": -89.50414}, {"playDate": "2018-08-03T12:29:45.000+0000", "artistId": 2884, "songId": 78166808, "state": "PA", "style": "R&B - SOUL", "latitude": 40.994595, "longitude": -77.6047}, {"playDate": "2018-08-03T12:34:24.000+0000", "artistId": 2884, "songId": 27152703, "state": "CA", "style": "R&B - SOUL", "latitude": 37.271873, "longitude": -119.27042}, {"playDate": "2018-08-03T12:35:34.000+0000", "artistId": 2884, "songId": 78166812, "state": "NC", "style": "R&B - SOUL", "latitude": 35.21456, "longitude": -79.891266}, {"playDate": "2018-08-03T12:41:40.000+0000", "artistId": 2884, "songId": 12732902, "state": "WI", "style": "R&B - SOUL", "latitude": 44.786297, "longitude": -89.826706}, {"playDate": "2018-08-03T12:48:39.000+0000", "artistId": 2884, "songId": 78166808, "state": "MI", "style": "R&B - SOUL", "latitude": 44.94356, "longitude": -86.4158}, {"playDate": "2018-08-03T12:50:10.000+0000", "artistId": 2884, "songId": 12732905, "state": "WA", "style": "R&B - SOUL", "latitude": 38.89935, "longitude": -77.014565}, {"playDate": "2018-08-03T12:57:04.000+0000", "artistId": 2884, "songId": 27193401, "state": "GA", "style": "R&B - SOUL", "latitude": 32.678123, "longitude": -83.22298}, {"playDate": "2018-08-03T12:59:13.000+0000", "artistId": 2884, "songId": 21855602, "state": "WA", "style": "R&B - SOUL", "latitude": 38.89935, "longitude": -77.014565}, {"playDate": "2018-08-03T13:12:45.000+0000", "artistId": 2884, "songId": 78166811, "state": "WA", "style": "R&B - SOUL", "latitude": 38.89935, "longitude": -77.014565}, {"playDate": "2018-08-03T13:21:27.000+0000", "artistId": 2884, "songId": 78166808, "state": "PA", "style": "R&B - SOUL", "latitude": 40.994595, "longitude": -77.6047}, {"playDate": "2018-08-03T13:54:53.000+0000", "artistId": 2884, "songId": 27193401, "state": "FL", "style": "R&B - SOUL", "latitude": 27.975727, "longitude": -83.833015}, {"playDate": "2018-08-03T13:55:05.000+0000", "artistId": 2884, "songId": 78166808, "state": "FL", "style": "R&B - SOUL", "latitude": 27.975727, "longitude": -83.833015}, {"playDate": "2018-08-03T13:57:34.000+0000", "artistId": 2884, "songId": 78166811, "state": "MI", "style": "R&B - SOUL", "latitude": 44.94356, "longitude": -86.4158}, {"playDate": "2018-08-03T13:58:58.000+0000", "artistId": 2884, "songId": 21828604, "state": "MI", "style": "R&B - SOUL", "latitude": 44.94356, "longitude": -86.4158}, {"playDate": "2018-08-03T14:01:51.000+0000", "artistId": 2884, "songId": 78166808, "state": "TX", "style": "R&B - SOUL", "latitude": 31.169336, "longitude": -100.07684}, {"playDate": "2018-08-03T14:04:57.000+0000", "artistId": 2884, "songId": 46620102, "state": "TN", "style": "R&B - SOUL", "latitude": 35.83052, "longitude": -85.9786}, {"playDate": "2018-08-03T14:07:00.000+0000", "artistId": 2884, "songId": 78128005, "state": "PA", "style": "R&B - SOUL", "latitude": 40.994595, "longitude": -77.6047}, {"playDate": "2018-08-03T14:10:09.000+0000", "artistId": 2884, "songId": 78166808, "state": "OH", "style": "R&B - SOUL", "latitude": 40.19036, "longitude": -82.66925}, {"playDate": "2018-08-03T14:17:46.000+0000", "artistId": 2884, "songId": 46620104, "state": "WA", "style": "R&B - SOUL", "latitude": 38.89935, "longitude": -77.014565}, {"playDate": "2018-08-03T14:20:35.000+0000", "artistId": 2884, "songId": 27152401, "state": "SC", "style": "R&B - SOUL", "latitude": 33.62505, "longitude": -80.94704}, {"playDate": "2018-08-03T14:23:20.000+0000", "artistId": 2884, "songId": 27193408, "state": "IA", "style": "R&B - SOUL", "latitude": 41.938316, "longitude": -93.3898}, {"playDate": "2018-08-03T14:26:35.000+0000", "artistId": 2884, "songId": 12732905, "state": "OR", "style": "R&B - SOUL", "latitude": 44.141907, "longitude": -120.5381}, {"playDate": "2018-08-03T14:31:55.000+0000", "artistId": 2884, "songId": 27152703, "state": "SC", "style": "R&B - SOUL", "latitude": 33.62505, "longitude": -80.94704}, {"playDate": "2018-08-03T14:43:49.000+0000", "artistId": 2884, "songId": 27159806, "state": "PA", "style": "R&B - SOUL", "latitude": 40.994595, "longitude": -77.6047}, {"playDate": "2018-08-03T14:45:43.000+0000", "artistId": 2884, "songId": 46620104, "state": "CA", "style": "R&B - SOUL", "latitude": 37.271873, "longitude": -119.27042}, {"playDate": "2018-08-03T15:02:19.000+0000", "artistId": 2884, "songId": 78166812, "state": "TX", "style": "R&B - SOUL", "latitude": 31.169336, "longitude": -100.07684}, {"playDate": "2018-08-03T15:02:24.000+0000", "artistId": 2884, "songId": 78166808, "state": "NE", "style": "R&B - SOUL", "latitude": 41.50082, "longitude": -99.6809}, {"playDate": "2018-08-03T15:04:50.000+0000", "artistId": 2884, "songId": 78166808, "state": "TX", "style": "R&B - SOUL", "latitude": 31.169336, "longitude": -100.07684}, {"playDate": "2018-08-03T15:05:21.000+0000", "artistId": 2884, "songId": 78166808, "state": "MN", "style": "R&B - SOUL", "latitude": 46.44186, "longitude": -93.36552}, {"playDate": "2018-08-03T15:14:39.000+0000", "artistId": 2884, "songId": 46620104, "state": "MT", "style": "R&B - SOUL", "latitude": 46.6798, "longitude": -110.044785}, {"playDate": "2018-08-03T15:16:49.000+0000", "artistId": 2884, "songId": 78166812, "state": "IN", "style": "R&B - SOUL", "latitude": 39.76622, "longitude": -86.44128}, {"playDate": "2018-08-03T15:21:07.000+0000", "artistId": 2884, "songId": 12732902, "state": "FL", "style": "R&B - SOUL", "latitude": 27.975727, "longitude": -83.833015}, {"playDate": "2018-08-03T15:21:14.000+0000", "artistId": 2884, "songId": 78166811, "state": "FL", "style": "R&B - SOUL", "latitude": 27.975727, "longitude": -83.833015}, {"playDate": "2018-08-03T15:21:23.000+0000", "artistId": 2884, "songId": 78166808, "state": "WI", "style": "R&B - SOUL", "latitude": 44.786297, "longitude": -89.826706}, {"playDate": "2018-08-03T15:27:15.000+0000", "artistId": 2884, "songId": 78166808, "state": "NY", "style": "R&B - SOUL", "latitude": 40.705627, "longitude": -73.97968}, {"playDate": "2018-08-03T15:28:14.000+0000", "artistId": 2884, "songId": 78166801, "state": "CA", "style": "R&B - SOUL", "latitude": 37.271873, "longitude": -119.27042}, {"playDate": "2018-08-03T15:30:04.000+0000", "artistId": 2884, "songId": 21898701, "state": "CA", "style": "R&B - SOUL", "latitude": 37.271873, "longitude": -119.27042}, {"playDate": "2018-08-03T15:35:37.000+0000", "artistId": 2884, "songId": 78166811, "state": "CA", "style": "R&B - SOUL", "latitude": 37.271873, "longitude": -119.27042}, {"playDate": "2018-08-03T15:39:56.000+0000", "artistId": 2884, "songId": 78166804, "state": "NH", "style": "R&B - SOUL", "latitude": 44.001232, "longitude": -71.579926}, {"playDate": "2018-08-03T15:44:21.000+0000", "artistId": 2884, "songId": 78166801, "state": "QC", "style": "R&B - SOUL", "latitude": 49.82258, "longitude": -64.34799}, {"playDate": "2018-08-03T15:45:35.000+0000", "artistId": 2884, "songId": 78166812, "state": "UT", "style": "R&B - SOUL", "latitude": 39.49976, "longitude": -111.54703}, {"playDate": "2018-08-03T15:48:49.000+0000", "artistId": 2884, "songId": 21855602, "state": "PA", "style": "R&B - SOUL", "latitude": 40.994595, "longitude": -77.6047}, {"playDate": "2018-08-03T15:50:35.000+0000", "artistId": 2884, "songId": 27193401, "state": "HI", "style": "R&B - SOUL", "latitude": 20.46, "longitude": -157.505}, {"playDate": "2018-08-03T15:50:54.000+0000", "artistId": 2884, "songId": 27152401, "state": "CA", "style": "R&B - SOUL", "latitude": 37.271873, "longitude": -119.27042}, {"playDate": "2018-08-03T15:54:05.000+0000", "artistId": 2884, "songId": 27152702, "state": "CA", "style": "R&B - SOUL", "latitude": 37.271873, "longitude": -119.27042}, {"playDate": "2018-08-03T16:01:32.000+0000", "artistId": 2884, "songId": 10548303, "state": "OK", "style": "R&B - SOUL", "latitude": 35.309765, "longitude": -98.71656}, {"playDate": "2018-08-03T16:03:10.000+0000", "artistId": 2884, "songId": 43804202, "state": "MT", "style": "R&B - SOUL", "latitude": 46.6798, "longitude": -110.044785}, {"playDate": "2018-08-03T16:04:01.000+0000", "artistId": 2884, "songId": 78166802, "state": "OK", "style": "R&B - SOUL", "latitude": 35.309765, "longitude": -98.71656}, {"playDate": "2018-08-03T16:04:21.000+0000", "artistId": 2884, "songId": 78166808, "state": "KY", "style": "R&B - SOUL", "latitude": 37.822292, "longitude": -85.76824}, {"playDate": "2018-08-03T16:04:35.000+0000", "artistId": 2884, "songId": 27114802, "state": "PA", "style": "R&B - SOUL", "latitude": 40.994595, "longitude": -77.6047}, {"playDate": "2018-08-03T16:07:52.000+0000", "artistId": 2884, "songId": 78166812, "state": "CO", "style": "R&B - SOUL", "latitude": 38.997932, "longitude": -105.55057}, {"playDate": "2018-08-03T16:11:07.000+0000", "artistId": 2884, "songId": 78166808, "state": "WI", "style": "R&B - SOUL", "latitude": 44.786297, "longitude": -89.826706}, {"playDate": "2018-08-03T16:12:15.000+0000", "artistId": 2884, "songId": 78166808, "state": "FL", "style": "R&B - SOUL", "latitude": 27.975727, "longitude": -83.833015}, {"playDate": "2018-08-03T16:14:28.000+0000", "artistId": 2884, "songId": 78166808, "state": "CA", "style": "R&B - SOUL", "latitude": 37.271873, "longitude": -119.27042}, {"playDate": "2018-08-03T16:20:12.000+0000", "artistId": 2884, "songId": 27152702, "state": "ND", "style": "R&B - SOUL", "latitude": 47.46788, "longitude": -100.30227}, {"playDate": "2018-08-03T16:23:36.000+0000", "artistId": 2884, "songId": 46620104, "state": "NY", "style": "R&B - SOUL", "latitude": 40.705627, "longitude": -73.97968}, {"playDate": "2018-08-03T16:24:15.000+0000", "artistId": 2884, "songId": 78166801, "state": "MO", "style": "R&B - SOUL", "latitude": 38.30466, "longitude": -92.437096}, {"playDate": "2018-08-03T16:25:18.000+0000", "artistId": 2884, "songId": 12732905, "state": "CA", "style": "R&B - SOUL", "latitude": 37.271873, "longitude": -119.27042}, {"playDate": "2018-08-03T16:32:36.000+0000", "artistId": 2884, "songId": 12732902, "state": "NY", "style": "R&B - SOUL", "latitude": 40.705627, "longitude": -73.97968}, {"playDate": "2018-08-03T16:42:41.000+0000", "artistId": 2884, "songId": 78166808, "state": "CA", "style": "R&B - SOUL", "latitude": 37.271873, "longitude": -119.27042}, {"playDate": "2018-08-03T16:42:50.000+0000", "artistId": 2884, "songId": 78166808, "state": "MA", "style": "R&B - SOUL", "latitude": 42.06294, "longitude": -71.71806}, {"playDate": "2018-08-03T16:44:42.000+0000", "artistId": 2884, "songId": 27193408, "state": "CA", "style": "R&B - SOUL", "latitude": 37.271873, "longitude": -119.27042}, {"playDate": "2018-08-03T16:51:27.000+0000", "artistId": 2884, "songId": 78166808, "state": "MI", "style": "R&B - SOUL", "latitude": 44.94356, "longitude": -86.4158}, {"playDate": "2018-08-03T16:52:08.000+0000", "artistId": 2884, "songId": 78166811, "state": "SC", "style": "R&B - SOUL", "latitude": 33.62505, "longitude": -80.94704}, {"playDate": "2018-08-03T16:56:06.000+0000", "artistId": 2884, "songId": 27193401, "state": "TX", "style": "R&B - SOUL", "latitude": 31.169336, "longitude": -100.07684}, {"playDate": "2018-08-03T16:58:48.000+0000", "artistId": 2884, "songId": 12732902, "state": "ON", "style": "R&B - SOUL", "latitude": 44.566647, "longitude": -80.84998}, {"playDate": "2018-08-03T16:59:02.000+0000", "artistId": 2884, "songId": 27159802, "state": "LA", "style": "R&B - SOUL", "latitude": 30.973377, "longitude": -91.42991}, {"playDate": "2018-08-03T16:59:35.000+0000", "artistId": 2884, "songId": 27152401, "state": "WA", "style": "R&B - SOUL", "latitude": 38.89935, "longitude": -77.014565}, {"playDate": "2018-08-03T17:02:36.000+0000", "artistId": 2884, "songId": 78166808, "state": "MA", "style": "R&B - SOUL", "latitude": 42.06294, "longitude": -71.71806}, {"playDate": "2018-08-03T17:05:29.000+0000", "artistId": 2884, "songId": 78166808, "state": "FL", "style": "R&B - SOUL", "latitude": 27.975727, "longitude": -83.833015}, {"playDate": "2018-08-03T17:06:22.000+0000", "artistId": 2884, "songId": 78166808, "state": "OH", "style": "R&B - SOUL", "latitude": 40.19036, "longitude": -82.66925}, {"playDate": "2018-08-03T17:06:29.000+0000", "artistId": 2884, "songId": 27152702, "state": "GA", "style": "R&B - SOUL", "latitude": 32.678123, "longitude": -83.22298}, {"playDate": "2018-08-03T17:08:06.000+0000", "artistId": 2884, "songId": 27193406, "state": "NJ", "style": "R&B - SOUL", "latitude": 40.143005, "longitude": -74.73112}, {"playDate": "2018-08-03T17:09:02.000+0000", "artistId": 2884, "songId": 78166808, "state": "SC", "style": "R&B - SOUL", "latitude": 33.62505, "longitude": -80.94704}, {"playDate": "2018-08-03T17:11:27.000+0000", "artistId": 2884, "songId": 12732905, "state": "NV", "style": "R&B - SOUL", "latitude": 38.502033, "longitude": -117.02306}, {"playDate": "2018-08-03T17:14:23.000+0000", "artistId": 2884, "songId": 27193401, "state": "NJ", "style": "R&B - SOUL", "latitude": 40.143005, "longitude": -74.73112}, {"playDate": "2018-08-03T17:15:37.000+0000", "artistId": 2884, "songId": 27193408, "state": "CA", "style": "R&B - SOUL", "latitude": 37.271873, "longitude": -119.27042}, {"playDate": "2018-08-03T17:25:35.000+0000", "artistId": 2884, "songId": 27193401, "state": "NJ", "style": "R&B - SOUL", "latitude": 40.143005, "longitude": -74.73112}, {"playDate": "2018-08-03T17:26:16.000+0000", "artistId": 2884, "songId": 27193401, "state": "GA", "style": "R&B - SOUL", "latitude": 32.678123, "longitude": -83.22298}, {"playDate": "2018-08-03T17:27:36.000+0000", "artistId": 2884, "songId": 65017402, "state": "TX", "style": "R&B - SOUL", "latitude": 31.169336, "longitude": -100.07684}, {"playDate": "2018-08-03T17:32:41.000+0000", "artistId": 2884, "songId": 78166808, "state": "PA", "style": "R&B - SOUL", "latitude": 40.994595, "longitude": -77.6047}, {"playDate": "2018-08-03T17:34:25.000+0000", "artistId": 2884, "songId": 78166808, "state": "AL", "style": "R&B - SOUL", "latitude": 32.60101, "longitude": -86.68073}, {"playDate": "2018-08-03T17:34:55.000+0000", "artistId": 2884, "songId": 78166808, "state": "MO", "style": "R&B - SOUL", "latitude": 38.30466, "longitude": -92.437096}, {"playDate": "2018-08-03T17:38:15.000+0000", "artistId": 2884, "songId": 78166808, "state": "NE", "style": "R&B - SOUL", "latitude": 41.50082, "longitude": -99.6809}, {"playDate": "2018-08-03T17:41:43.000+0000", "artistId": 2884, "songId": 78166808, "state": "OH", "style": "R&B - SOUL", "latitude": 40.19036, "longitude": -82.66925}, {"playDate": "2018-08-03T17:47:52.000+0000", "artistId": 2884, "songId": 78166808, "state": "PA", "style": "R&B - SOUL", "latitude": 40.994595, "longitude": -77.6047}, {"playDate": "2018-08-03T17:52:00.000+0000", "artistId": 2884, "songId": 12732905, "state": "OR", "style": "R&B - SOUL", "latitude": 44.141907, "longitude": -120.5381}, {"playDate": "2018-08-03T17:56:44.000+0000", "artistId": 2884, "songId": 21855602, "state": "TX", "style": "R&B - SOUL", "latitude": 31.169336, "longitude": -100.07684}, {"playDate": "2018-08-03T17:57:34.000+0000", "artistId": 2884, "songId": 27193401, "state": "NJ", "style": "R&B - SOUL", "latitude": 40.143005, "longitude": -74.73112}, {"playDate": "2018-08-03T17:59:41.000+0000", "artistId": 2884, "songId": 21898701, "state": "TX", "style": "R&B - SOUL", "latitude": 31.169336, "longitude": -100.07684}, {"playDate": "2018-08-03T18:03:37.000+0000", "artistId": 2884, "songId": 12732902, "state": "NE", "style": "R&B - SOUL", "latitude": 41.50082, "longitude": -99.6809}, {"playDate": "2018-08-03T18:07:04.000+0000", "artistId": 2884, "songId": 78166808, "state": "CA", "style": "R&B - SOUL", "latitude": 37.271873, "longitude": -119.27042}, {"playDate": "2018-08-03T18:09:40.000+0000", "artistId": 2884, "songId": 78166808, "state": "CA", "style": "R&B - SOUL", "latitude": 37.271873, "longitude": -119.27042}, {"playDate": "2018-08-03T18:09:46.000+0000", "artistId": 2884, "songId": 21828604, "state": "TX", "style": "R&B - SOUL", "latitude": 31.169336, "longitude": -100.07684}, {"playDate": "2018-08-03T18:10:26.000+0000", "artistId": 2884, "songId": 27152401, "state": "MO", "style": "R&B - SOUL", "latitude": 38.30466, "longitude": -92.437096}, {"playDate": "2018-08-03T18:14:02.000+0000", "artistId": 2884, "songId": 21855602, "state": "NY", "style": "R&B - SOUL", "latitude": 40.705627, "longitude": -73.97968}, {"playDate": "2018-08-03T18:14:58.000+0000", "artistId": 2884, "songId": 78166808, "state": "PA", "style": "R&B - SOUL", "latitude": 40.994595, "longitude": -77.6047}, {"playDate": "2018-08-03T18:15:34.000+0000", "artistId": 2884, "songId": 78166808, "state": "MI", "style": "R&B - SOUL", "latitude": 44.94356, "longitude": -86.4158}, {"playDate": "2018-08-03T18:21:41.000+0000", "artistId": 2884, "songId": 68816807, "state": "OH", "style": "ELECTRO - DANCE", "latitude": 40.19036, "longitude": -82.66925}, {"playDate": "2018-08-03T18:22:12.000+0000", "artistId": 2884, "songId": 78166808, "state": "WA", "style": "R&B - SOUL", "latitude": 38.89935, "longitude": -77.014565}, {"playDate": "2018-08-03T18:26:03.000+0000", "artistId": 2884, "songId": 78166862, "state": "CA", "style": "R&B - SOUL", "latitude": 37.271873, "longitude": -119.27042}, {"playDate": "2018-08-03T18:28:35.000+0000", "artistId": 2884, "songId": 78166812, "state": "PA", "style": "R&B - SOUL", "latitude": 40.994595, "longitude": -77.6047}, {"playDate": "2018-08-03T18:29:05.000+0000", "artistId": 2884, "songId": 78166808, "state": "BC", "style": "R&B - SOUL", "latitude": 49.09996, "longitude": -116.5167}, {"playDate": "2018-08-03T18:29:51.000+0000", "artistId": 2884, "songId": 78166801, "state": "TX", "style": "R&B - SOUL", "latitude": 31.169336, "longitude": -100.07684}, {"playDate": "2018-08-03T18:32:11.000+0000", "artistId": 2884, "songId": 78166862, "state": "OH", "style": "R&B - SOUL", "latitude": 40.19036, "longitude": -82.66925}, {"playDate": "2018-08-03T18:34:35.000+0000", "artistId": 2884, "songId": 78166808, "state": "IL", "style": "R&B - SOUL", "latitude": 39.73932, "longitude": -89.50414}, {"playDate": "2018-08-03T18:35:28.000+0000", "artistId": 2884, "songId": 78166862, "state": "MI", "style": "R&B - SOUL", "latitude": 44.94356, "longitude": -86.4158}, {"playDate": "2018-08-03T18:36:17.000+0000", "artistId": 2884, "songId": 78166811, "state": "TX", "style": "R&B - SOUL", "latitude": 31.169336, "longitude": -100.07684}, {"playDate": "2018-08-03T18:36:38.000+0000", "artistId": 2884, "songId": 21855602, "state": "CA", "style": "R&B - SOUL", "latitude": 37.271873, "longitude": -119.27042}, {"playDate": "2018-08-03T18:37:06.000+0000", "artistId": 2884, "songId": 78166808, "state": "IL", "style": "R&B - SOUL", "latitude": 39.73932, "longitude": -89.50414}, {"playDate": "2018-08-03T18:38:31.000+0000", "artistId": 2884, "songId": 78166808, "state": "PA", "style": "R&B - SOUL", "latitude": 40.994595, "longitude": -77.6047}, {"playDate": "2018-08-03T18:40:18.000+0000", "artistId": 2884, "songId": 32499806, "state": "CA", "style": "R&B - SOUL", "latitude": 37.271873, "longitude": -119.27042}, {"playDate": "2018-08-03T18:41:19.000+0000", "artistId": 2884, "songId": 78166811, "state": "NY", "style": "R&B - SOUL", "latitude": 40.705627, "longitude": -73.97968}, {"playDate": "2018-08-03T18:41:49.000+0000", "artistId": 2884, "songId": 27152702, "state": "TX", "style": "R&B - SOUL", "latitude": 31.169336, "longitude": -100.07684}, {"playDate": "2018-08-03T18:43:23.000+0000", "artistId": 2884, "songId": 27152703, "state": "IN", "style": "R&B - SOUL", "latitude": 39.76622, "longitude": -86.44128}, {"playDate": "2018-08-03T18:44:44.000+0000", "artistId": 2884, "songId": 78166862, "state": "PA", "style": "R&B - SOUL", "latitude": 40.994595, "longitude": -77.6047}, {"playDate": "2018-08-03T18:49:05.000+0000", "artistId": 2884, "songId": 12732902, "state": "KY", "style": "R&B - SOUL", "latitude": 37.822292, "longitude": -85.76824}, {"playDate": "2018-08-03T18:50:12.000+0000", "artistId": 2884, "songId": 78166802, "state": "MN", "style": "R&B - SOUL", "latitude": 46.44186, "longitude": -93.36552}, {"playDate": "2018-08-03T18:51:17.000+0000", "artistId": 2884, "songId": 27193408, "state": "OK", "style": "R&B - SOUL", "latitude": 35.309765, "longitude": -98.71656}, {"playDate": "2018-08-03T18:56:10.000+0000", "artistId": 2884, "songId": 27193401, "state": "IL", "style": "R&B - SOUL", "latitude": 39.73932, "longitude": -89.50414}, {"playDate": "2018-08-03T19:05:26.000+0000", "artistId": 2884, "songId": 12732902, "state": "CA", "style": "R&B - SOUL", "latitude": 37.271873, "longitude": -119.27042}, {"playDate": "2018-08-03T19:05:45.000+0000", "artistId": 2884, "songId": 78166808, "state": "OR", "style": "R&B - SOUL", "latitude": 44.141907, "longitude": -120.5381}, {"playDate": "2018-08-03T19:05:51.000+0000", "artistId": 2884, "songId": 27193411, "state": "RI", "style": "R&B - SOUL", "latitude": 41.58273, "longitude": -71.506454}, {"playDate": "2018-08-03T19:07:39.000+0000", "artistId": 2884, "songId": 78166802, "state": "VA", "style": "R&B - SOUL", "latitude": 38.003384, "longitude": -79.458786}, {"playDate": "2018-08-03T19:07:55.000+0000", "artistId": 2884, "songId": 12732905, "state": "LA", "style": "R&B - SOUL", "latitude": 30.973377, "longitude": -91.42991}, {"playDate": "2018-08-03T19:09:37.000+0000", "artistId": 2884, "songId": 27159804, "state": "OH", "style": "R&B - SOUL", "latitude": 40.19036, "longitude": -82.66925}, {"playDate": "2018-08-03T19:10:09.000+0000", "artistId": 2884, "songId": 27193401, "state": "TX", "style": "R&B - SOUL", "latitude": 31.169336, "longitude": -100.07684}, {"playDate": "2018-08-03T19:10:17.000+0000", "artistId": 2884, "songId": 27193401, "state": "NE", "style": "R&B - SOUL", "latitude": 41.50082, "longitude": -99.6809}, {"playDate": "2018-08-03T19:15:02.000+0000", "artistId": 2884, "songId": 27193401, "state": "NJ", "style": "R&B - SOUL", "latitude": 40.143005, "longitude": -74.73112}, {"playDate": "2018-08-03T19:16:07.000+0000", "artistId": 2884, "songId": 27193401, "state": "WY", "style": "R&B - SOUL", "latitude": 43.000324, "longitude": -107.554565}, {"playDate": "2018-08-03T19:19:35.000+0000", "artistId": 2884, "songId": 32499806, "state": "OR", "style": "R&B - SOUL", "latitude": 44.141907, "longitude": -120.5381}, {"playDate": "2018-08-03T19:24:21.000+0000", "artistId": 2884, "songId": 21828601, "state": "WI", "style": "R&B - SOUL", "latitude": 44.786297, "longitude": -89.826706}, {"playDate": "2018-08-03T19:25:43.000+0000", "artistId": 2884, "songId": 78128006, "state": "IL", "style": "ELECTRO - DANCE", "latitude": 39.73932, "longitude": -89.50414}, {"playDate": "2018-08-03T19:26:04.000+0000", "artistId": 2884, "songId": 21898701, "state": "WA", "style": "R&B - SOUL", "latitude": 38.89935, "longitude": -77.014565}, {"playDate": "2018-08-03T19:28:14.000+0000", "artistId": 2884, "songId": 78166808, "state": "TN", "style": "R&B - SOUL", "latitude": 35.83052, "longitude": -85.9786}, {"playDate": "2018-08-03T19:32:26.000+0000", "artistId": 2884, "songId": 27193401, "state": "IL", "style": "R&B - SOUL", "latitude": 39.73932, "longitude": -89.50414}, {"playDate": "2018-08-03T19:38:28.000+0000", "artistId": 2884, "songId": 78166856, "state": "NY", "style": "R&B - SOUL", "latitude": 40.705627, "longitude": -73.97968}, {"playDate": "2018-08-03T19:38:35.000+0000", "artistId": 2884, "songId": 78166808, "state": "CA", "style": "R&B - SOUL", "latitude": 37.271873, "longitude": -119.27042}, {"playDate": "2018-08-03T19:43:44.000+0000", "artistId": 2884, "songId": 78166808, "state": "NV", "style": "R&B - SOUL", "latitude": 38.502033, "longitude": -117.02306}, {"playDate": "2018-08-03T19:50:20.000+0000", "artistId": 2884, "songId": 27193401, "state": "NC", "style": "R&B - SOUL", "latitude": 35.21456, "longitude": -79.891266}, {"playDate": "2018-08-03T19:51:57.000+0000", "artistId": 2884, "songId": 78166812, "state": "MN", "style": "R&B - SOUL", "latitude": 46.44186, "longitude": -93.36552}, {"playDate": "2018-08-03T19:53:04.000+0000", "artistId": 2884, "songId": 27193401, "state": "QC", "style": "R&B - SOUL", "latitude": 49.82258, "longitude": -64.34799}, {"playDate": "2018-08-03T19:53:21.000+0000", "artistId": 2884, "songId": 78166812, "state": "CA", "style": "R&B - SOUL", "latitude": 37.271873, "longitude": -119.27042}, {"playDate": "2018-08-03T19:59:16.000+0000", "artistId": 2884, "songId": 78166802, "state": "PA", "style": "R&B - SOUL", "latitude": 40.994595, "longitude": -77.6047}, {"playDate": "2018-08-03T20:00:36.000+0000", "artistId": 2884, "songId": 77935113, "state": "WI", "style": "ELECTRO - DANCE", "latitude": 44.786297, "longitude": -89.826706}, {"playDate": "2018-08-03T20:04:33.000+0000", "artistId": 2884, "songId": 27159801, "state": "MD", "style": "R&B - SOUL", "latitude": 38.80635, "longitude": -77.26842}, {"playDate": "2018-08-03T20:07:44.000+0000", "artistId": 2884, "songId": 12732905, "state": "OK", "style": "R&B - SOUL", "latitude": 35.309765, "longitude": -98.71656}, {"playDate": "2018-08-03T20:11:53.000+0000", "artistId": 2884, "songId": 90703803, "state": "CA", "style": "R&B - SOUL", "latitude": 37.271873, "longitude": -119.27042}, {"playDate": "2018-08-03T20:16:48.000+0000", "artistId": 2884, "songId": 78128005, "state": "PA", "style": "R&B - SOUL", "latitude": 40.994595, "longitude": -77.6047}, {"playDate": "2018-08-03T20:21:29.000+0000", "artistId": 2884, "songId": 78166812, "state": "CA", "style": "R&B - SOUL", "latitude": 37.271873, "longitude": -119.27042}, {"playDate": "2018-08-03T20:23:34.000+0000", "artistId": 2884, "songId": 21828601, "state": "MN", "style": "R&B - SOUL", "latitude": 46.44186, "longitude": -93.36552}, {"playDate": "2018-08-03T20:23:52.000+0000", "artistId": 2884, "songId": 78166808, "state": "CA", "style": "R&B - SOUL", "latitude": 37.271873, "longitude": -119.27042}, {"playDate": "2018-08-03T20:29:21.000+0000", "artistId": 2884, "songId": 27159801, "state": "NE", "style": "R&B - SOUL", "latitude": 41.50082, "longitude": -99.6809}, {"playDate": "2018-08-03T20:35:14.000+0000", "artistId": 2884, "songId": 27159806, "state": "FL", "style": "R&B - SOUL", "latitude": 27.975727, "longitude": -83.833015}, {"playDate": "2018-08-03T20:42:04.000+0000", "artistId": 2884, "songId": 78166808, "state": "CA", "style": "R&B - SOUL", "latitude": 37.271873, "longitude": -119.27042}, {"playDate": "2018-08-03T20:43:02.000+0000", "artistId": 2884, "songId": 27159813, "state": "IL", "style": "R&B - SOUL", "latitude": 39.73932, "longitude": -89.50414}, {"playDate": "2018-08-03T20:45:10.000+0000", "artistId": 2884, "songId": 21855602, "state": "FL", "style": "R&B - SOUL", "latitude": 27.975727, "longitude": -83.833015}, {"playDate": "2018-08-03T20:46:15.000+0000", "artistId": 2884, "songId": 21898701, "state": "NC", "style": "R&B - SOUL", "latitude": 35.21456, "longitude": -79.891266}, {"playDate": "2018-08-03T20:49:26.000+0000", "artistId": 2884, "songId": 27193401, "state": "OH", "style": "R&B - SOUL", "latitude": 40.19036, "longitude": -82.66925}, {"playDate": "2018-08-03T20:59:05.000+0000", "artistId": 2884, "songId": 78166812, "state": "CA", "style": "R&B - SOUL", "latitude": 37.271873, "longitude": -119.27042}, {"playDate": "2018-08-03T20:59:45.000+0000", "artistId": 2884, "songId": 78166807, "state": "AR", "style": "R&B - SOUL", "latitude": 34.751926, "longitude": -92.13138}, {"playDate": "2018-08-03T21:01:48.000+0000", "artistId": 2884, "songId": 78166808, "state": "OK", "style": "R&B - SOUL", "latitude": 35.309765, "longitude": -98.71656}, {"playDate": "2018-08-03T21:01:49.000+0000", "artistId": 2884, "songId": 27159806, "state": "MS", "style": "R&B - SOUL", "latitude": 32.585106, "longitude": -89.87722}, {"playDate": "2018-08-03T21:05:07.000+0000", "artistId": 2884, "songId": 27193408, "state": "CA", "style": "R&B - SOUL", "latitude": 37.271873, "longitude": -119.27042}, {"playDate": "2018-08-03T21:05:09.000+0000", "artistId": 2884, "songId": 27159805, "state": "OH", "style": "R&B - SOUL", "latitude": 40.19036, "longitude": -82.66925}, {"playDate": "2018-08-03T21:05:58.000+0000", "artistId": 2884, "songId": 78128005, "state": "WI", "style": "R&B - SOUL", "latitude": 44.786297, "longitude": -89.826706}, {"playDate": "2018-08-03T21:11:57.000+0000", "artistId": 2884, "songId": 27193408, "state": "QC", "style": "R&B - SOUL", "latitude": 49.82258, "longitude": -64.34799}, {"playDate": "2018-08-03T21:15:23.000+0000", "artistId": 2884, "songId": 21898701, "state": "SC", "style": "R&B - SOUL", "latitude": 33.62505, "longitude": -80.94704}, {"playDate": "2018-08-03T21:22:25.000+0000", "artistId": 2884, "songId": 27152703, "state": "WI", "style": "R&B - SOUL", "latitude": 44.786297, "longitude": -89.826706}, {"playDate": "2018-08-03T21:25:21.000+0000", "artistId": 2884, "songId": 27159806, "state": "FL", "style": "R&B - SOUL", "latitude": 27.975727, "longitude": -83.833015}, {"playDate": "2018-08-03T21:32:36.000+0000", "artistId": 2884, "songId": 27193401, "state": "SC", "style": "R&B - SOUL", "latitude": 33.62505, "longitude": -80.94704}, {"playDate": "2018-08-03T21:33:30.000+0000", "artistId": 2884, "songId": 27159802, "state": "WV", "style": "R&B - SOUL", "latitude": 38.92017, "longitude": -80.181694}, {"playDate": "2018-08-03T21:42:58.000+0000", "artistId": 2884, "songId": 27152401, "state": "CO", "style": "R&B - SOUL", "latitude": 38.997932, "longitude": -105.55057}, {"playDate": "2018-08-03T21:47:05.000+0000", "artistId": 2884, "songId": 21828604, "state": "FL", "style": "R&B - SOUL", "latitude": 27.975727, "longitude": -83.833015}, {"playDate": "2018-08-03T21:48:42.000+0000", "artistId": 2884, "songId": 78166808, "state": "OH", "style": "R&B - SOUL", "latitude": 40.19036, "longitude": -82.66925}, {"playDate": "2018-08-03T21:50:45.000+0000", "artistId": 2884, "songId": 78166808, "state": "MN", "style": "R&B - SOUL", "latitude": 46.44186, "longitude": -93.36552}, {"playDate": "2018-08-03T21:52:07.000+0000", "artistId": 2884, "songId": 21828604, "state": "TX", "style": "R&B - SOUL", "latitude": 31.169336, "longitude": -100.07684}, {"playDate": "2018-08-03T21:52:38.000+0000", "artistId": 2884, "songId": 27193408, "state": "FL", "style": "R&B - SOUL", "latitude": 27.975727, "longitude": -83.833015}, {"playDate": "2018-08-03T21:53:53.000+0000", "artistId": 2884, "songId": 78166808, "state": "CA", "style": "R&B - SOUL", "latitude": 37.271873, "longitude": -119.27042}, {"playDate": "2018-08-03T22:01:44.000+0000", "artistId": 2884, "songId": 27193401, "state": "NJ", "style": "R&B - SOUL", "latitude": 40.143005, "longitude": -74.73112}, {"playDate": "2018-08-03T22:03:29.000+0000", "artistId": 2884, "songId": 78166808, "state": "TN", "style": "R&B - SOUL", "latitude": 35.83052, "longitude": -85.9786}, {"playDate": "2018-08-03T22:08:22.000+0000", "artistId": 2884, "songId": 27193401, "state": "OR", "style": "R&B - SOUL", "latitude": 44.141907, "longitude": -120.5381}, {"playDate": "2018-08-03T22:09:28.000+0000", "artistId": 2884, "songId": 12732902, "state": "OH", "style": "R&B - SOUL", "latitude": 40.19036, "longitude": -82.66925}, {"playDate": "2018-08-03T22:18:07.000+0000", "artistId": 2884, "songId": 78166808, "state": "CO", "style": "R&B - SOUL", "latitude": 38.997932, "longitude": -105.55057}, {"playDate": "2018-08-03T22:19:09.000+0000", "artistId": 2884, "songId": 78166811, "state": "QC", "style": "R&B - SOUL", "latitude": 49.82258, "longitude": -64.34799}, {"playDate": "2018-08-03T22:24:28.000+0000", "artistId": 2884, "songId": 27193401, "state": "FL", "style": "R&B - SOUL", "latitude": 27.975727, "longitude": -83.833015}, {"playDate": "2018-08-03T22:27:44.000+0000", "artistId": 2884, "songId": 78166856, "state": "IN", "style": "R&B - SOUL", "latitude": 39.76622, "longitude": -86.44128}, {"playDate": "2018-08-03T22:30:03.000+0000", "artistId": 2884, "songId": 27152702, "state": "FL", "style": "R&B - SOUL", "latitude": 27.975727, "longitude": -83.833015}, {"playDate": "2018-08-03T22:47:57.000+0000", "artistId": 2884, "songId": 78166808, "state": "CT", "style": "R&B - SOUL", "latitude": 41.518784, "longitude": -72.75751}, {"playDate": "2018-08-03T22:49:49.000+0000", "artistId": 2884, "songId": 78166808, "state": "PA", "style": "R&B - SOUL", "latitude": 40.994595, "longitude": -77.6047}, {"playDate": "2018-08-03T22:52:19.000+0000", "artistId": 2884, "songId": 78166808, "state": "IL", "style": "R&B - SOUL", "latitude": 39.73932, "longitude": -89.50414}, {"playDate": "2018-08-03T22:53:35.000+0000", "artistId": 2884, "songId": 27159804, "state": "KS", "style": "R&B - SOUL", "latitude": 38.49878, "longitude": -98.320076}, {"playDate": "2018-08-03T22:56:29.000+0000", "artistId": 2884, "songId": 27159806, "state": "GA", "style": "R&B - SOUL", "latitude": 32.678123, "longitude": -83.22298}, {"playDate": "2018-08-03T22:58:06.000+0000", "artistId": 2884, "songId": 21828604, "state": "FL", "style": "R&B - SOUL", "latitude": 27.975727, "longitude": -83.833015}, {"playDate": "2018-08-03T22:58:41.000+0000", "artistId": 2884, "songId": 27193401, "state": "TX", "style": "R&B - SOUL", "latitude": 31.169336, "longitude": -100.07684}, {"playDate": "2018-08-03T23:00:27.000+0000", "artistId": 2884, "songId": 27152702, "state": "NC", "style": "R&B - SOUL", "latitude": 35.21456, "longitude": -79.891266}, {"playDate": "2018-08-03T23:02:28.000+0000", "artistId": 2884, "songId": 27152703, "state": "IL", "style": "R&B - SOUL", "latitude": 39.73932, "longitude": -89.50414}, {"playDate": "2018-08-03T23:04:15.000+0000", "artistId": 2884, "songId": 27193401, "state": "MO", "style": "R&B - SOUL", "latitude": 38.30466, "longitude": -92.437096}, {"playDate": "2018-08-03T23:06:12.000+0000", "artistId": 2884, "songId": 78166801, "state": "NY", "style": "R&B - SOUL", "latitude": 40.705627, "longitude": -73.97968}, {"playDate": "2018-08-03T23:14:11.000+0000", "artistId": 2884, "songId": 78166801, "state": "IN", "style": "R&B - SOUL", "latitude": 39.76622, "longitude": -86.44128}, {"playDate": "2018-08-03T23:14:24.000+0000", "artistId": 2884, "songId": 27152703, "state": "IL", "style": "R&B - SOUL", "latitude": 39.73932, "longitude": -89.50414}, {"playDate": "2018-08-03T23:14:35.000+0000", "artistId": 2884, "songId": 21898704, "state": "WI", "style": "R&B - SOUL", "latitude": 44.786297, "longitude": -89.826706}, {"playDate": "2018-08-03T23:26:56.000+0000", "artistId": 2884, "songId": 27159806, "state": "MO", "style": "R&B - SOUL", "latitude": 38.30466, "longitude": -92.437096}, {"playDate": "2018-08-03T23:27:07.000+0000", "artistId": 2884, "songId": 78166808, "state": "WY", "style": "R&B - SOUL", "latitude": 43.000324, "longitude": -107.554565}, {"playDate": "2018-08-03T23:28:23.000+0000", "artistId": 2884, "songId": 12732902, "state": "MO", "style": "R&B - SOUL", "latitude": 38.30466, "longitude": -92.437096}, {"playDate": "2018-08-03T23:29:05.000+0000", "artistId": 2884, "songId": 21898709, "state": "IL", "style": "R&B - SOUL", "latitude": 39.73932, "longitude": -89.50414}, {"playDate": "2018-08-03T23:35:24.000+0000", "artistId": 2884, "songId": 78166808, "state": "FL", "style": "R&B - SOUL", "latitude": 27.975727, "longitude": -83.833015}, {"playDate": "2018-08-03T23:35:25.000+0000", "artistId": 2884, "songId": 78166812, "state": "NY", "style": "R&B - SOUL", "latitude": 40.705627, "longitude": -73.97968}, {"playDate": "2018-08-03T23:37:24.000+0000", "artistId": 2884, "songId": 27152703, "state": "IL", "style": "R&B - SOUL", "latitude": 39.73932, "longitude": -89.50414}, {"playDate": "2018-08-03T23:39:39.000+0000", "artistId": 2884, "songId": 21855602, "state": "IN", "style": "R&B - SOUL", "latitude": 39.76622, "longitude": -86.44128}, {"playDate": "2018-08-03T23:48:24.000+0000", "artistId": 2884, "songId": 27152703, "state": "IL", "style": "R&B - SOUL", "latitude": 39.73932, "longitude": -89.50414}, {"playDate": "2018-08-03T23:48:41.000+0000", "artistId": 2884, "songId": 27193401, "state": "MO", "style": "R&B - SOUL", "latitude": 38.30466, "longitude": -92.437096}, {"playDate": "2018-08-03T23:54:44.000+0000", "artistId": 2884, "songId": 27193401, "state": "MA", "style": "R&B - SOUL", "latitude": 42.06294, "longitude": -71.71806}], "totalRecordsCount": 289}