{"plays": [{"playDate": "2018-12-19T00:04:24.000+0000", "artistId": 2884, "songId": 78166802, "state": "IL", "style": "R&B - SOUL", "latitude": 39.73932, "longitude": -89.50414}, {"playDate": "2018-12-19T00:06:19.000+0000", "artistId": 2884, "songId": 27159802, "state": "IN", "style": "R&B - SOUL", "latitude": 39.76622, "longitude": -86.44128}, {"playDate": "2018-12-19T00:07:56.000+0000", "artistId": 2884, "songId": 78166808, "state": "HI", "style": "R&B - SOUL", "latitude": 20.46, "longitude": -157.505}, {"playDate": "2018-12-19T00:11:40.000+0000", "artistId": 2884, "songId": 27159802, "state": "GA", "style": "R&B - SOUL", "latitude": 32.678123, "longitude": -83.22298}, {"playDate": "2018-12-19T00:19:52.000+0000", "artistId": 2884, "songId": 27159801, "state": "FL", "style": "R&B - SOUL", "latitude": 27.975727, "longitude": -83.833015}, {"playDate": "2018-12-19T00:23:13.000+0000", "artistId": 2884, "songId": 27193408, "state": "NY", "style": "R&B - SOUL", "latitude": 40.705627, "longitude": -73.97968}, {"playDate": "2018-12-19T00:35:51.000+0000", "artistId": 2884, "songId": 12732902, "state": "ID", "style": "R&B - SOUL", "latitude": 45.494576, "longitude": -114.14243}, {"playDate": "2018-12-19T00:40:18.000+0000", "artistId": 2884, "songId": 78166808, "state": "IL", "style": "R&B - SOUL", "latitude": 39.73932, "longitude": -89.50414}, {"playDate": "2018-12-19T00:42:02.000+0000", "artistId": 2884, "songId": 27193401, "state": "NJ", "style": "R&B - SOUL", "latitude": 40.143005, "longitude": -74.73112}, {"playDate": "2018-12-19T00:42:22.000+0000", "artistId": 2884, "songId": 21898704, "state": "NV", "style": "R&B - SOUL", "latitude": 38.502033, "longitude": -117.02306}, {"playDate": "2018-12-19T00:47:50.000+0000", "artistId": 2884, "songId": 78166808, "state": "CO", "style": "R&B - SOUL", "latitude": 38.997932, "longitude": -105.55057}, {"playDate": "2018-12-19T00:54:11.000+0000", "artistId": 2884, "songId": 27193401, "state": "GA", "style": "R&B - SOUL", "latitude": 32.678123, "longitude": -83.22298}, {"playDate": "2018-12-19T01:06:54.000+0000", "artistId": 2884, "songId": 27193401, "state": "FL", "style": "R&B - SOUL", "latitude": 27.975727, "longitude": -83.833015}, {"playDate": "2018-12-19T01:26:01.000+0000", "artistId": 2884, "songId": 27159804, "state": "PA", "style": "R&B - SOUL", "latitude": 40.994595, "longitude": -77.6047}, {"playDate": "2018-12-19T01:30:49.000+0000", "artistId": 2884, "songId": 27193401, "state": "AL", "style": "R&B - SOUL", "latitude": 32.60101, "longitude": -86.68073}, {"playDate": "2018-12-19T01:32:05.000+0000", "artistId": 2884, "songId": 32499806, "state": "IL", "style": "R&B - SOUL", "latitude": 39.73932, "longitude": -89.50414}, {"playDate": "2018-12-19T01:58:59.000+0000", "artistId": 2884, "songId": 78128005, "state": "GA", "style": "R&B - SOUL", "latitude": 32.678123, "longitude": -83.22298}, {"playDate": "2018-12-19T02:01:44.000+0000", "artistId": 2884, "songId": 21855602, "state": "NC", "style": "R&B - SOUL", "latitude": 35.21456, "longitude": -79.891266}, {"playDate": "2018-12-19T02:15:46.000+0000", "artistId": 2884, "songId": 27159806, "state": "PA", "style": "R&B - SOUL", "latitude": 40.994595, "longitude": -77.6047}, {"playDate": "2018-12-19T02:16:40.000+0000", "artistId": 2884, "songId": 21898704, "state": "TX", "style": "R&B - SOUL", "latitude": 31.169336, "longitude": -100.07684}, {"playDate": "2018-12-19T02:20:38.000+0000", "artistId": 2884, "songId": 78166808, "state": "VA", "style": "R&B - SOUL", "latitude": 38.003384, "longitude": -79.458786}, {"playDate": "2018-12-19T02:23:38.000+0000", "artistId": 2884, "songId": 78166808, "state": "KY", "style": "R&B - SOUL", "latitude": 37.822292, "longitude": -85.76824}, {"playDate": "2018-12-19T03:12:22.000+0000", "artistId": 2884, "songId": 78166808, "state": "VA", "style": "R&B - SOUL", "latitude": 38.003384, "longitude": -79.458786}, {"playDate": "2018-12-19T03:15:47.000+0000", "artistId": 2884, "songId": 27193401, "state": "NJ", "style": "R&B - SOUL", "latitude": 40.143005, "longitude": -74.73112}, {"playDate": "2018-12-19T04:46:53.000+0000", "artistId": 2884, "songId": 27193408, "state": "TN", "style": "R&B - SOUL", "latitude": 35.83052, "longitude": -85.9786}, {"playDate": "2018-12-19T05:03:50.000+0000", "artistId": 2884, "songId": 78166812, "state": "OR", "style": "R&B - SOUL", "latitude": 44.141907, "longitude": -120.5381}, {"playDate": "2018-12-19T05:31:19.000+0000", "artistId": 2884, "songId": 27193408, "state": "CA", "style": "R&B - SOUL", "latitude": 37.271873, "longitude": -119.27042}, {"playDate": "2018-12-19T05:35:06.000+0000", "artistId": 2884, "songId": 78166812, "state": "NV", "style": "R&B - SOUL", "latitude": 38.502033, "longitude": -117.02306}, {"playDate": "2018-12-19T05:50:09.000+0000", "artistId": 2884, "songId": 27193408, "state": "CA", "style": "R&B - SOUL", "latitude": 37.271873, "longitude": -119.27042}, {"playDate": "2018-12-19T06:00:31.000+0000", "artistId": 2884, "songId": 78166812, "state": "OR", "style": "R&B - SOUL", "latitude": 44.141907, "longitude": -120.5381}, {"playDate": "2018-12-19T06:06:44.000+0000", "artistId": 2884, "songId": 78166812, "state": "AZ", "style": "R&B - SOUL", "latitude": 34.168217, "longitude": -111.93091}, {"playDate": "2018-12-19T06:11:13.000+0000", "artistId": 2884, "songId": 27193408, "state": "CA", "style": "R&B - SOUL", "latitude": 37.271873, "longitude": -119.27042}, {"playDate": "2018-12-19T06:14:52.000+0000", "artistId": 2884, "songId": 78166812, "state": "OR", "style": "R&B - SOUL", "latitude": 44.141907, "longitude": -120.5381}, {"playDate": "2018-12-19T06:17:12.000+0000", "artistId": 2884, "songId": 78166812, "state": "CA", "style": "R&B - SOUL", "latitude": 37.271873, "longitude": -119.27042}, {"playDate": "2018-12-19T06:24:39.000+0000", "artistId": 2884, "songId": 27193408, "state": "CA", "style": "R&B - SOUL", "latitude": 37.271873, "longitude": -119.27042}, {"playDate": "2018-12-19T06:27:11.000+0000", "artistId": 2884, "songId": 78166812, "state": "NV", "style": "R&B - SOUL", "latitude": 38.502033, "longitude": -117.02306}, {"playDate": "2018-12-19T06:29:42.000+0000", "artistId": 2884, "songId": 21898701, "state": "GA", "style": "R&B - SOUL", "latitude": 32.678123, "longitude": -83.22298}, {"playDate": "2018-12-19T06:41:13.000+0000", "artistId": 2884, "songId": 78166812, "state": "OR", "style": "R&B - SOUL", "latitude": 44.141907, "longitude": -120.5381}, {"playDate": "2018-12-19T06:45:34.000+0000", "artistId": 2884, "songId": 78166812, "state": "CA", "style": "R&B - SOUL", "latitude": 37.271873, "longitude": -119.27042}, {"playDate": "2018-12-19T06:48:32.000+0000", "artistId": 2884, "songId": 27193408, "state": "CA", "style": "R&B - SOUL", "latitude": 37.271873, "longitude": -119.27042}, {"playDate": "2018-12-19T06:49:31.000+0000", "artistId": 2884, "songId": 78166808, "state": "TX", "style": "R&B - SOUL", "latitude": 31.169336, "longitude": -100.07684}, {"playDate": "2018-12-19T06:54:28.000+0000", "artistId": 2884, "songId": 78166812, "state": "CA", "style": "R&B - SOUL", "latitude": 37.271873, "longitude": -119.27042}, {"playDate": "2018-12-19T06:54:38.000+0000", "artistId": 2884, "songId": 78166812, "state": "CA", "style": "R&B - SOUL", "latitude": 37.271873, "longitude": -119.27042}, {"playDate": "2018-12-19T06:56:02.000+0000", "artistId": 2884, "songId": 78166812, "state": "CA", "style": "R&B - SOUL", "latitude": 37.271873, "longitude": -119.27042}, {"playDate": "2018-12-19T07:07:46.000+0000", "artistId": 2884, "songId": 78166812, "state": "CA", "style": "R&B - SOUL", "latitude": 37.271873, "longitude": -119.27042}, {"playDate": "2018-12-19T07:08:01.000+0000", "artistId": 2884, "songId": 27193408, "state": "CA", "style": "R&B - SOUL", "latitude": 37.271873, "longitude": -119.27042}, {"playDate": "2018-12-19T07:10:29.000+0000", "artistId": 2884, "songId": 78166812, "state": "CA", "style": "R&B - SOUL", "latitude": 37.271873, "longitude": -119.27042}, {"playDate": "2018-12-19T07:37:36.000+0000", "artistId": 2884, "songId": 27193408, "state": "OH", "style": "R&B - SOUL", "latitude": 40.19036, "longitude": -82.66925}, {"playDate": "2018-12-19T08:06:44.000+0000", "artistId": 2884, "songId": 78166802, "state": "AL", "style": "R&B - SOUL", "latitude": 32.60101, "longitude": -86.68073}, {"playDate": "2018-12-19T08:15:11.000+0000", "artistId": 2884, "songId": 78166808, "state": "WI", "style": "R&B - SOUL", "latitude": 44.786297, "longitude": -89.826706}, {"playDate": "2018-12-19T08:30:49.000+0000", "artistId": 2884, "songId": 27193401, "state": "GA", "style": "R&B - SOUL", "latitude": 32.678123, "longitude": -83.22298}, {"playDate": "2018-12-19T08:46:09.000+0000", "artistId": 2884, "songId": 78166812, "state": "TN", "style": "R&B - SOUL", "latitude": 35.83052, "longitude": -85.9786}, {"playDate": "2018-12-19T08:47:20.000+0000", "artistId": 2884, "songId": 27193408, "state": "CA", "style": "R&B - SOUL", "latitude": 37.271873, "longitude": -119.27042}, {"playDate": "2018-12-19T08:58:03.000+0000", "artistId": 2884, "songId": 78166808, "state": "TX", "style": "R&B - SOUL", "latitude": 31.169336, "longitude": -100.07684}, {"playDate": "2018-12-19T08:59:30.000+0000", "artistId": 2884, "songId": 78166808, "state": "OR", "style": "R&B - SOUL", "latitude": 44.141907, "longitude": -120.5381}, {"playDate": "2018-12-19T09:16:38.000+0000", "artistId": 2884, "songId": 78166808, "state": "TX", "style": "R&B - SOUL", "latitude": 31.169336, "longitude": -100.07684}, {"playDate": "2018-12-19T09:18:09.000+0000", "artistId": 2884, "songId": 78166808, "state": "OH", "style": "R&B - SOUL", "latitude": 40.19036, "longitude": -82.66925}, {"playDate": "2018-12-19T09:29:59.000+0000", "artistId": 2884, "songId": 12732902, "state": "TX", "style": "R&B - SOUL", "latitude": 31.169336, "longitude": -100.07684}, {"playDate": "2018-12-19T09:34:17.000+0000", "artistId": 2884, "songId": 78166801, "state": "MN", "style": "R&B - SOUL", "latitude": 46.44186, "longitude": -93.36552}, {"playDate": "2018-12-19T09:43:51.000+0000", "artistId": 2884, "songId": 78166808, "state": "FL", "style": "R&B - SOUL", "latitude": 27.975727, "longitude": -83.833015}, {"playDate": "2018-12-19T09:48:21.000+0000", "artistId": 2884, "songId": 78166808, "state": "CO", "style": "R&B - SOUL", "latitude": 38.997932, "longitude": -105.55057}, {"playDate": "2018-12-19T09:57:05.000+0000", "artistId": 2884, "songId": 78166808, "state": "NV", "style": "R&B - SOUL", "latitude": 38.502033, "longitude": -117.02306}, {"playDate": "2018-12-19T10:00:42.000+0000", "artistId": 2884, "songId": 27114802, "state": "CA", "style": "R&B - SOUL", "latitude": 37.271873, "longitude": -119.27042}, {"playDate": "2018-12-19T10:09:41.000+0000", "artistId": 2884, "songId": 27152401, "state": "IN", "style": "R&B - SOUL", "latitude": 39.76622, "longitude": -86.44128}, {"playDate": "2018-12-19T10:16:54.000+0000", "artistId": 2884, "songId": 78166808, "state": "MD", "style": "R&B - SOUL", "latitude": 38.80635, "longitude": -77.26842}, {"playDate": "2018-12-19T10:22:54.000+0000", "artistId": 2884, "songId": 27152702, "state": "MI", "style": "R&B - SOUL", "latitude": 44.94356, "longitude": -86.4158}, {"playDate": "2018-12-19T10:23:12.000+0000", "artistId": 2884, "songId": 27159806, "state": "AK", "style": "R&B - SOUL", "latitude": 61.3025, "longitude": -158.77502}, {"playDate": "2018-12-19T10:27:28.000+0000", "artistId": 2884, "songId": 78128005, "state": "FL", "style": "R&B - SOUL", "latitude": 27.975727, "longitude": -83.833015}, {"playDate": "2018-12-19T10:42:31.000+0000", "artistId": 2884, "songId": 27193401, "state": "TX", "style": "R&B - SOUL", "latitude": 31.169336, "longitude": -100.07684}, {"playDate": "2018-12-19T10:43:50.000+0000", "artistId": 2884, "songId": 78166808, "state": "PA", "style": "R&B - SOUL", "latitude": 40.994595, "longitude": -77.6047}, {"playDate": "2018-12-19T10:46:51.000+0000", "artistId": 2884, "songId": 78166808, "state": "MI", "style": "R&B - SOUL", "latitude": 44.94356, "longitude": -86.4158}, {"playDate": "2018-12-19T11:18:05.000+0000", "artistId": 2884, "songId": 46620104, "state": "QC", "style": "R&B - SOUL", "latitude": 49.82258, "longitude": -64.34799}, {"playDate": "2018-12-19T11:37:05.000+0000", "artistId": 2884, "songId": 78128005, "state": "GA", "style": "R&B - SOUL", "latitude": 32.678123, "longitude": -83.22298}, {"playDate": "2018-12-19T11:56:37.000+0000", "artistId": 2884, "songId": 21855602, "state": "MN", "style": "R&B - SOUL", "latitude": 46.44186, "longitude": -93.36552}, {"playDate": "2018-12-19T12:00:14.000+0000", "artistId": 2884, "songId": 21898701, "state": "IA", "style": "R&B - SOUL", "latitude": 41.938316, "longitude": -93.3898}, {"playDate": "2018-12-19T12:12:02.000+0000", "artistId": 2884, "songId": 27152703, "state": "VA", "style": "R&B - SOUL", "latitude": 38.003384, "longitude": -79.458786}, {"playDate": "2018-12-19T12:17:14.000+0000", "artistId": 2884, "songId": 27193401, "state": "NC", "style": "R&B - SOUL", "latitude": 35.21456, "longitude": -79.891266}, {"playDate": "2018-12-19T12:23:48.000+0000", "artistId": 2884, "songId": 27193401, "state": "OR", "style": "R&B - SOUL", "latitude": 44.141907, "longitude": -120.5381}, {"playDate": "2018-12-19T12:29:51.000+0000", "artistId": 2884, "songId": 27193401, "state": "AL", "style": "R&B - SOUL", "latitude": 32.60101, "longitude": -86.68073}, {"playDate": "2018-12-19T12:34:24.000+0000", "artistId": 2884, "songId": 27193401, "state": "SC", "style": "R&B - SOUL", "latitude": 33.62505, "longitude": -80.94704}, {"playDate": "2018-12-19T12:35:39.000+0000", "artistId": 2884, "songId": 27193408, "state": "WA", "style": "R&B - SOUL", "latitude": 38.89935, "longitude": -77.014565}, {"playDate": "2018-12-19T12:42:13.000+0000", "artistId": 2884, "songId": 78166808, "state": "IL", "style": "R&B - SOUL", "latitude": 39.73932, "longitude": -89.50414}, {"playDate": "2018-12-19T12:43:23.000+0000", "artistId": 2884, "songId": 78166801, "state": "SC", "style": "R&B - SOUL", "latitude": 33.62505, "longitude": -80.94704}, {"playDate": "2018-12-19T12:55:30.000+0000", "artistId": 2884, "songId": 27193408, "state": "OH", "style": "R&B - SOUL", "latitude": 40.19036, "longitude": -82.66925}, {"playDate": "2018-12-19T13:00:58.000+0000", "artistId": 2884, "songId": 78166808, "state": "IN", "style": "R&B - SOUL", "latitude": 39.76622, "longitude": -86.44128}, {"playDate": "2018-12-19T13:02:54.000+0000", "artistId": 2884, "songId": 78166812, "state": "IL", "style": "R&B - SOUL", "latitude": 39.73932, "longitude": -89.50414}, {"playDate": "2018-12-19T13:03:26.000+0000", "artistId": 2884, "songId": 27193408, "state": "BC", "style": "R&B - SOUL", "latitude": 49.09996, "longitude": -116.5167}, {"playDate": "2018-12-19T13:04:39.000+0000", "artistId": 2884, "songId": 78166812, "state": "WA", "style": "R&B - SOUL", "latitude": 38.89935, "longitude": -77.014565}, {"playDate": "2018-12-19T13:06:15.000+0000", "artistId": 2884, "songId": 21898704, "state": "AZ", "style": "R&B - SOUL", "latitude": 34.168217, "longitude": -111.93091}, {"playDate": "2018-12-19T13:12:21.000+0000", "artistId": 2884, "songId": 78166808, "state": "NE", "style": "R&B - SOUL", "latitude": 41.50082, "longitude": -99.6809}, {"playDate": "2018-12-19T13:13:16.000+0000", "artistId": 2884, "songId": 27159804, "state": "CT", "style": "R&B - SOUL", "latitude": 41.518784, "longitude": -72.75751}, {"playDate": "2018-12-19T13:15:28.000+0000", "artistId": 2884, "songId": 86619903, "state": "OR", "style": "R&B - SOUL", "latitude": 44.141907, "longitude": -120.5381}, {"playDate": "2018-12-19T13:16:04.000+0000", "artistId": 2884, "songId": 78166812, "state": "CA", "style": "R&B - SOUL", "latitude": 37.271873, "longitude": -119.27042}, {"playDate": "2018-12-19T13:18:04.000+0000", "artistId": 2884, "songId": 78166808, "state": "NY", "style": "R&B - SOUL", "latitude": 40.705627, "longitude": -73.97968}, {"playDate": "2018-12-19T13:20:51.000+0000", "artistId": 2884, "songId": 78166812, "state": "NY", "style": "R&B - SOUL", "latitude": 40.705627, "longitude": -73.97968}, {"playDate": "2018-12-19T13:23:11.000+0000", "artistId": 2884, "songId": 27193408, "state": "LA", "style": "R&B - SOUL", "latitude": 30.973377, "longitude": -91.42991}, {"playDate": "2018-12-19T13:23:38.000+0000", "artistId": 2884, "songId": 27193408, "state": "AZ", "style": "R&B - SOUL", "latitude": 34.168217, "longitude": -111.93091}, {"playDate": "2018-12-19T13:34:03.000+0000", "artistId": 2884, "songId": 27193401, "state": "ME", "style": "R&B - SOUL", "latitude": 45.218513, "longitude": -69.01486}, {"playDate": "2018-12-19T13:39:08.000+0000", "artistId": 2884, "songId": 27159804, "state": "TX", "style": "R&B - SOUL", "latitude": 31.169336, "longitude": -100.07684}, {"playDate": "2018-12-19T13:50:45.000+0000", "artistId": 2884, "songId": 68816807, "state": "VA", "style": "ELECTRO - DANCE", "latitude": 38.003384, "longitude": -79.458786}, {"playDate": "2018-12-19T13:52:41.000+0000", "artistId": 2884, "songId": 68816807, "state": "MO", "style": "ELECTRO - DANCE", "latitude": 38.30466, "longitude": -92.437096}, {"playDate": "2018-12-19T13:54:23.000+0000", "artistId": 2884, "songId": 78166808, "state": "NJ", "style": "R&B - SOUL", "latitude": 40.143005, "longitude": -74.73112}, {"playDate": "2018-12-19T13:54:48.000+0000", "artistId": 2884, "songId": 78166808, "state": "FL", "style": "R&B - SOUL", "latitude": 27.975727, "longitude": -83.833015}, {"playDate": "2018-12-19T14:05:35.000+0000", "artistId": 2884, "songId": 27193401, "state": "TX", "style": "R&B - SOUL", "latitude": 31.169336, "longitude": -100.07684}, {"playDate": "2018-12-19T14:06:43.000+0000", "artistId": 2884, "songId": 27193401, "state": "TN", "style": "R&B - SOUL", "latitude": 35.83052, "longitude": -85.9786}, {"playDate": "2018-12-19T14:06:54.000+0000", "artistId": 2884, "songId": 27193408, "state": "CO", "style": "R&B - SOUL", "latitude": 38.997932, "longitude": -105.55057}, {"playDate": "2018-12-19T14:07:12.000+0000", "artistId": 2884, "songId": 46620104, "state": "NM", "style": "R&B - SOUL", "latitude": 34.166233, "longitude": -106.02607}, {"playDate": "2018-12-19T14:10:16.000+0000", "artistId": 2884, "songId": 78166808, "state": "WI", "style": "R&B - SOUL", "latitude": 44.786297, "longitude": -89.826706}, {"playDate": "2018-12-19T14:11:08.000+0000", "artistId": 2884, "songId": 46620104, "state": "MI", "style": "R&B - SOUL", "latitude": 44.94356, "longitude": -86.4158}, {"playDate": "2018-12-19T14:11:25.000+0000", "artistId": 2884, "songId": 12732902, "state": "MN", "style": "R&B - SOUL", "latitude": 46.44186, "longitude": -93.36552}, {"playDate": "2018-12-19T14:12:22.000+0000", "artistId": 2884, "songId": 12732902, "state": "OR", "style": "R&B - SOUL", "latitude": 44.141907, "longitude": -120.5381}, {"playDate": "2018-12-19T14:13:09.000+0000", "artistId": 2884, "songId": 27193408, "state": "VA", "style": "R&B - SOUL", "latitude": 38.003384, "longitude": -79.458786}, {"playDate": "2018-12-19T14:16:42.000+0000", "artistId": 2884, "songId": 78166811, "state": "CA", "style": "R&B - SOUL", "latitude": 37.271873, "longitude": -119.27042}, {"playDate": "2018-12-19T14:17:53.000+0000", "artistId": 2884, "songId": 27193408, "state": "FL", "style": "R&B - SOUL", "latitude": 27.975727, "longitude": -83.833015}, {"playDate": "2018-12-19T14:21:45.000+0000", "artistId": 2884, "songId": 21898701, "state": "CA", "style": "R&B - SOUL", "latitude": 37.271873, "longitude": -119.27042}, {"playDate": "2018-12-19T14:34:36.000+0000", "artistId": 2884, "songId": 12732902, "state": "MO", "style": "R&B - SOUL", "latitude": 38.30466, "longitude": -92.437096}, {"playDate": "2018-12-19T14:37:34.000+0000", "artistId": 2884, "songId": 78166808, "state": "WI", "style": "R&B - SOUL", "latitude": 44.786297, "longitude": -89.826706}, {"playDate": "2018-12-19T14:41:29.000+0000", "artistId": 2884, "songId": 27152702, "state": "FL", "style": "R&B - SOUL", "latitude": 27.975727, "longitude": -83.833015}, {"playDate": "2018-12-19T14:43:00.000+0000", "artistId": 2884, "songId": 78166812, "state": "OH", "style": "R&B - SOUL", "latitude": 40.19036, "longitude": -82.66925}, {"playDate": "2018-12-19T14:47:58.000+0000", "artistId": 2884, "songId": 78166808, "state": "FL", "style": "R&B - SOUL", "latitude": 27.975727, "longitude": -83.833015}, {"playDate": "2018-12-19T14:51:19.000+0000", "artistId": 2884, "songId": 27193408, "state": "MN", "style": "R&B - SOUL", "latitude": 46.44186, "longitude": -93.36552}, {"playDate": "2018-12-19T14:57:37.000+0000", "artistId": 2884, "songId": 27193401, "state": "FL", "style": "R&B - SOUL", "latitude": 27.975727, "longitude": -83.833015}, {"playDate": "2018-12-19T14:59:16.000+0000", "artistId": 2884, "songId": 78166801, "state": "FL", "style": "R&B - SOUL", "latitude": 27.975727, "longitude": -83.833015}, {"playDate": "2018-12-19T15:03:24.000+0000", "artistId": 2884, "songId": 78166808, "state": "ME", "style": "R&B - SOUL", "latitude": 45.218513, "longitude": -69.01486}, {"playDate": "2018-12-19T15:06:32.000+0000", "artistId": 2884, "songId": 79759604, "state": "LA", "style": "R&B - SOUL", "latitude": 30.973377, "longitude": -91.42991}, {"playDate": "2018-12-19T15:12:19.000+0000", "artistId": 2884, "songId": 12732902, "state": "LA", "style": "R&B - SOUL", "latitude": 30.973377, "longitude": -91.42991}, {"playDate": "2018-12-19T15:28:55.000+0000", "artistId": 2884, "songId": 78166808, "state": "QC", "style": "R&B - SOUL", "latitude": 49.82258, "longitude": -64.34799}, {"playDate": "2018-12-19T15:34:41.000+0000", "artistId": 2884, "songId": 27193401, "state": "PA", "style": "R&B - SOUL", "latitude": 40.994595, "longitude": -77.6047}, {"playDate": "2018-12-19T15:35:41.000+0000", "artistId": 2884, "songId": 85453001, "state": "NJ", "style": "R&B - XMAS", "latitude": 40.143005, "longitude": -74.73112}, {"playDate": "2018-12-19T15:36:03.000+0000", "artistId": 2884, "songId": 27193408, "state": "ID", "style": "R&B - SOUL", "latitude": 45.494576, "longitude": -114.14243}, {"playDate": "2018-12-19T15:41:50.000+0000", "artistId": 2884, "songId": 86619906, "state": "MA", "style": "R&B - SOUL", "latitude": 42.06294, "longitude": -71.71806}, {"playDate": "2018-12-19T15:43:25.000+0000", "artistId": 2884, "songId": 27193401, "state": "ON", "style": "R&B - SOUL", "latitude": 44.566647, "longitude": -80.84998}, {"playDate": "2018-12-19T15:45:11.000+0000", "artistId": 2884, "songId": 78166808, "state": "IL", "style": "R&B - SOUL", "latitude": 39.73932, "longitude": -89.50414}, {"playDate": "2018-12-19T15:49:54.000+0000", "artistId": 2884, "songId": 78128005, "state": "GA", "style": "R&B - SOUL", "latitude": 32.678123, "longitude": -83.22298}, {"playDate": "2018-12-19T15:54:16.000+0000", "artistId": 2884, "songId": 27193408, "state": "CA", "style": "R&B - SOUL", "latitude": 37.271873, "longitude": -119.27042}, {"playDate": "2018-12-19T16:02:12.000+0000", "artistId": 2884, "songId": 21855602, "state": "TX", "style": "R&B - SOUL", "latitude": 31.169336, "longitude": -100.07684}, {"playDate": "2018-12-19T16:06:08.000+0000", "artistId": 2884, "songId": 27193408, "state": "FL", "style": "R&B - SOUL", "latitude": 27.975727, "longitude": -83.833015}, {"playDate": "2018-12-19T16:07:49.000+0000", "artistId": 2884, "songId": 78166808, "state": "IN", "style": "R&B - SOUL", "latitude": 39.76622, "longitude": -86.44128}, {"playDate": "2018-12-19T16:12:09.000+0000", "artistId": 2884, "songId": 78166811, "state": "NH", "style": "R&B - SOUL", "latitude": 44.001232, "longitude": -71.579926}, {"playDate": "2018-12-19T16:15:20.000+0000", "artistId": 2884, "songId": 78166808, "state": "MA", "style": "R&B - SOUL", "latitude": 42.06294, "longitude": -71.71806}, {"playDate": "2018-12-19T16:20:30.000+0000", "artistId": 2884, "songId": 27159806, "state": "TX", "style": "R&B - SOUL", "latitude": 31.169336, "longitude": -100.07684}, {"playDate": "2018-12-19T16:22:16.000+0000", "artistId": 2884, "songId": 27193408, "state": "MN", "style": "R&B - SOUL", "latitude": 46.44186, "longitude": -93.36552}, {"playDate": "2018-12-19T16:25:34.000+0000", "artistId": 2884, "songId": 27159806, "state": "PA", "style": "R&B - SOUL", "latitude": 40.994595, "longitude": -77.6047}, {"playDate": "2018-12-19T16:25:35.000+0000", "artistId": 2884, "songId": 46620104, "state": "MO", "style": "R&B - SOUL", "latitude": 38.30466, "longitude": -92.437096}, {"playDate": "2018-12-19T16:27:11.000+0000", "artistId": 2884, "songId": 27159803, "state": "GA", "style": "R&B - SOUL", "latitude": 32.678123, "longitude": -83.22298}, {"playDate": "2018-12-19T16:30:16.000+0000", "artistId": 2884, "songId": 78166808, "state": "TX", "style": "R&B - SOUL", "latitude": 31.169336, "longitude": -100.07684}, {"playDate": "2018-12-19T16:33:39.000+0000", "artistId": 2884, "songId": 78166808, "state": "FL", "style": "R&B - SOUL", "latitude": 27.975727, "longitude": -83.833015}, {"playDate": "2018-12-19T16:34:09.000+0000", "artistId": 2884, "songId": 27193401, "state": "GA", "style": "R&B - SOUL", "latitude": 32.678123, "longitude": -83.22298}, {"playDate": "2018-12-19T16:34:49.000+0000", "artistId": 2884, "songId": 21828601, "state": "TX", "style": "R&B - SOUL", "latitude": 31.169336, "longitude": -100.07684}, {"playDate": "2018-12-19T16:36:42.000+0000", "artistId": 2884, "songId": 21898701, "state": "IL", "style": "R&B - SOUL", "latitude": 39.73932, "longitude": -89.50414}, {"playDate": "2018-12-19T16:38:44.000+0000", "artistId": 2884, "songId": 32499811, "state": "MA", "style": "R&B - SOUL", "latitude": 42.06294, "longitude": -71.71806}, {"playDate": "2018-12-19T16:45:59.000+0000", "artistId": 2884, "songId": 12732902, "state": "MI", "style": "R&B - SOUL", "latitude": 44.94356, "longitude": -86.4158}, {"playDate": "2018-12-19T16:48:53.000+0000", "artistId": 2884, "songId": 78166808, "state": "CA", "style": "R&B - SOUL", "latitude": 37.271873, "longitude": -119.27042}, {"playDate": "2018-12-19T16:52:38.000+0000", "artistId": 2884, "songId": 78166801, "state": "NY", "style": "R&B - SOUL", "latitude": 40.705627, "longitude": -73.97968}, {"playDate": "2018-12-19T17:03:20.000+0000", "artistId": 2884, "songId": 27152703, "state": "FL", "style": "R&B - SOUL", "latitude": 27.975727, "longitude": -83.833015}, {"playDate": "2018-12-19T17:04:07.000+0000", "artistId": 2884, "songId": 78166808, "state": "CA", "style": "R&B - SOUL", "latitude": 37.271873, "longitude": -119.27042}, {"playDate": "2018-12-19T17:09:20.000+0000", "artistId": 2884, "songId": 21828604, "state": "FL", "style": "R&B - SOUL", "latitude": 27.975727, "longitude": -83.833015}, {"playDate": "2018-12-19T17:10:25.000+0000", "artistId": 2884, "songId": 27193401, "state": "NH", "style": "R&B - SOUL", "latitude": 44.001232, "longitude": -71.579926}, {"playDate": "2018-12-19T17:12:41.000+0000", "artistId": 2884, "songId": 27193401, "state": "WI", "style": "R&B - SOUL", "latitude": 44.786297, "longitude": -89.826706}, {"playDate": "2018-12-19T17:13:55.000+0000", "artistId": 2884, "songId": 27193408, "state": "WA", "style": "R&B - SOUL", "latitude": 38.89935, "longitude": -77.014565}, {"playDate": "2018-12-19T17:17:00.000+0000", "artistId": 2884, "songId": 78166801, "state": "MN", "style": "R&B - SOUL", "latitude": 46.44186, "longitude": -93.36552}, {"playDate": "2018-12-19T17:17:29.000+0000", "artistId": 2884, "songId": 27152702, "state": "GA", "style": "R&B - SOUL", "latitude": 32.678123, "longitude": -83.22298}, {"playDate": "2018-12-19T17:18:14.000+0000", "artistId": 2884, "songId": 78166808, "state": "CO", "style": "R&B - SOUL", "latitude": 38.997932, "longitude": -105.55057}, {"playDate": "2018-12-19T17:22:16.000+0000", "artistId": 2884, "songId": 78166808, "state": "OH", "style": "R&B - SOUL", "latitude": 40.19036, "longitude": -82.66925}, {"playDate": "2018-12-19T17:22:27.000+0000", "artistId": 2884, "songId": 78166801, "state": "PA", "style": "R&B - SOUL", "latitude": 40.994595, "longitude": -77.6047}, {"playDate": "2018-12-19T17:23:55.000+0000", "artistId": 2884, "songId": 21901301, "state": "CA", "style": "R&B - SOUL", "latitude": 37.271873, "longitude": -119.27042}, {"playDate": "2018-12-19T17:29:27.000+0000", "artistId": 2884, "songId": 78166808, "state": "WI", "style": "R&B - SOUL", "latitude": 44.786297, "longitude": -89.826706}, {"playDate": "2018-12-19T17:35:14.000+0000", "artistId": 2884, "songId": 27152703, "state": "CO", "style": "R&B - SOUL", "latitude": 38.997932, "longitude": -105.55057}, {"playDate": "2018-12-19T17:39:44.000+0000", "artistId": 2884, "songId": 78166802, "state": "IL", "style": "R&B - SOUL", "latitude": 39.73932, "longitude": -89.50414}, {"playDate": "2018-12-19T17:45:40.000+0000", "artistId": 2884, "songId": 78166802, "state": "IL", "style": "R&B - SOUL", "latitude": 39.73932, "longitude": -89.50414}, {"playDate": "2018-12-19T17:50:13.000+0000", "artistId": 2884, "songId": 78166811, "state": "CO", "style": "R&B - SOUL", "latitude": 38.997932, "longitude": -105.55057}, {"playDate": "2018-12-19T17:56:06.000+0000", "artistId": 2884, "songId": 27193408, "state": "AZ", "style": "R&B - SOUL", "latitude": 34.168217, "longitude": -111.93091}, {"playDate": "2018-12-19T17:56:16.000+0000", "artistId": 2884, "songId": 27159804, "state": "PA", "style": "R&B - SOUL", "latitude": 40.994595, "longitude": -77.6047}, {"playDate": "2018-12-19T18:00:22.000+0000", "artistId": 2884, "songId": 27193408, "state": "MN", "style": "R&B - SOUL", "latitude": 46.44186, "longitude": -93.36552}, {"playDate": "2018-12-19T18:00:29.000+0000", "artistId": 2884, "songId": 78166802, "state": "NJ", "style": "R&B - SOUL", "latitude": 40.143005, "longitude": -74.73112}, {"playDate": "2018-12-19T18:01:28.000+0000", "artistId": 2884, "songId": 27193401, "state": "MN", "style": "R&B - SOUL", "latitude": 46.44186, "longitude": -93.36552}, {"playDate": "2018-12-19T18:09:20.000+0000", "artistId": 2884, "songId": 78166808, "state": "MI", "style": "R&B - SOUL", "latitude": 44.94356, "longitude": -86.4158}, {"playDate": "2018-12-19T18:10:32.000+0000", "artistId": 2884, "songId": 78166802, "state": "FL", "style": "R&B - SOUL", "latitude": 27.975727, "longitude": -83.833015}, {"playDate": "2018-12-19T18:12:56.000+0000", "artistId": 2884, "songId": 27193401, "state": "GA", "style": "R&B - SOUL", "latitude": 32.678123, "longitude": -83.22298}, {"playDate": "2018-12-19T18:17:46.000+0000", "artistId": 2884, "songId": 27193401, "state": "CA", "style": "R&B - SOUL", "latitude": 37.271873, "longitude": -119.27042}, {"playDate": "2018-12-19T18:20:53.000+0000", "artistId": 2884, "songId": 27159813, "state": "TX", "style": "R&B - SOUL", "latitude": 31.169336, "longitude": -100.07684}, {"playDate": "2018-12-19T18:28:03.000+0000", "artistId": 2884, "songId": 27193401, "state": "MT", "style": "R&B - SOUL", "latitude": 46.6798, "longitude": -110.044785}, {"playDate": "2018-12-19T18:31:03.000+0000", "artistId": 2884, "songId": 78166808, "state": "FL", "style": "R&B - SOUL", "latitude": 27.975727, "longitude": -83.833015}, {"playDate": "2018-12-19T18:34:45.000+0000", "artistId": 2884, "songId": 78166808, "state": "AZ", "style": "R&B - SOUL", "latitude": 34.168217, "longitude": -111.93091}, {"playDate": "2018-12-19T18:41:18.000+0000", "artistId": 2884, "songId": 78166808, "state": "TX", "style": "R&B - SOUL", "latitude": 31.169336, "longitude": -100.07684}, {"playDate": "2018-12-19T18:42:54.000+0000", "artistId": 2884, "songId": 85453001, "state": "IN", "style": "R&B - XMAS", "latitude": 39.76622, "longitude": -86.44128}, {"playDate": "2018-12-19T18:44:58.000+0000", "artistId": 2884, "songId": 78166808, "state": "RI", "style": "R&B - SOUL", "latitude": 41.58273, "longitude": -71.506454}, {"playDate": "2018-12-19T18:45:13.000+0000", "artistId": 2884, "songId": 27159802, "state": "DE", "style": "R&B - SOUL", "latitude": 39.145252, "longitude": -75.41892}, {"playDate": "2018-12-19T18:47:24.000+0000", "artistId": 2884, "songId": 78166808, "state": "WI", "style": "R&B - SOUL", "latitude": 44.786297, "longitude": -89.826706}, {"playDate": "2018-12-19T18:50:31.000+0000", "artistId": 2884, "songId": 27152703, "state": "PA", "style": "R&B - SOUL", "latitude": 40.994595, "longitude": -77.6047}, {"playDate": "2018-12-19T18:55:05.000+0000", "artistId": 2884, "songId": 78166802, "state": "IL", "style": "R&B - SOUL", "latitude": 39.73932, "longitude": -89.50414}, {"playDate": "2018-12-19T19:07:59.000+0000", "artistId": 2884, "songId": 27193401, "state": "OH", "style": "R&B - SOUL", "latitude": 40.19036, "longitude": -82.66925}, {"playDate": "2018-12-19T19:09:31.000+0000", "artistId": 2884, "songId": 78166808, "state": "WA", "style": "R&B - SOUL", "latitude": 38.89935, "longitude": -77.014565}, {"playDate": "2018-12-19T19:18:31.000+0000", "artistId": 2884, "songId": 27152401, "state": "PA", "style": "R&B - SOUL", "latitude": 40.994595, "longitude": -77.6047}, {"playDate": "2018-12-19T19:21:17.000+0000", "artistId": 2884, "songId": 27159806, "state": "PA", "style": "R&B - SOUL", "latitude": 40.994595, "longitude": -77.6047}, {"playDate": "2018-12-19T19:21:24.000+0000", "artistId": 2884, "songId": 78166807, "state": "OR", "style": "R&B - SOUL", "latitude": 44.141907, "longitude": -120.5381}, {"playDate": "2018-12-19T19:21:51.000+0000", "artistId": 2884, "songId": 43804206, "state": "MO", "style": "R&B - SOUL", "latitude": 38.30466, "longitude": -92.437096}, {"playDate": "2018-12-19T19:24:27.000+0000", "artistId": 2884, "songId": 78166812, "state": "WA", "style": "R&B - SOUL", "latitude": 38.89935, "longitude": -77.014565}, {"playDate": "2018-12-19T19:30:20.000+0000", "artistId": 2884, "songId": 78166812, "state": "BC", "style": "R&B - SOUL", "latitude": 49.09996, "longitude": -116.5167}, {"playDate": "2018-12-19T19:31:13.000+0000", "artistId": 2884, "songId": 78166808, "state": "WI", "style": "R&B - SOUL", "latitude": 44.786297, "longitude": -89.826706}, {"playDate": "2018-12-19T19:31:47.000+0000", "artistId": 2884, "songId": 78166802, "state": "IL", "style": "R&B - SOUL", "latitude": 39.73932, "longitude": -89.50414}, {"playDate": "2018-12-19T19:38:14.000+0000", "artistId": 2884, "songId": 12732902, "state": "MD", "style": "R&B - SOUL", "latitude": 38.80635, "longitude": -77.26842}, {"playDate": "2018-12-19T19:45:17.000+0000", "artistId": 2884, "songId": 27193408, "state": "NM", "style": "R&B - SOUL", "latitude": 34.166233, "longitude": -106.02607}, {"playDate": "2018-12-19T19:46:12.000+0000", "artistId": 2884, "songId": 27152703, "state": "FL", "style": "R&B - SOUL", "latitude": 27.975727, "longitude": -83.833015}, {"playDate": "2018-12-19T19:51:32.000+0000", "artistId": 2884, "songId": 27159809, "state": "NC", "style": "R&B - SOUL", "latitude": 35.21456, "longitude": -79.891266}, {"playDate": "2018-12-19T19:51:52.000+0000", "artistId": 2884, "songId": 32499806, "state": "FL", "style": "R&B - SOUL", "latitude": 27.975727, "longitude": -83.833015}, {"playDate": "2018-12-19T19:54:38.000+0000", "artistId": 2884, "songId": 78166808, "state": "MT", "style": "R&B - SOUL", "latitude": 46.6798, "longitude": -110.044785}, {"playDate": "2018-12-19T19:54:58.000+0000", "artistId": 2884, "songId": 78166812, "state": "OR", "style": "R&B - SOUL", "latitude": 44.141907, "longitude": -120.5381}, {"playDate": "2018-12-19T19:59:57.000+0000", "artistId": 2884, "songId": 78166812, "state": "NV", "style": "R&B - SOUL", "latitude": 38.502033, "longitude": -117.02306}, {"playDate": "2018-12-19T20:00:38.000+0000", "artistId": 2884, "songId": 85453001, "state": "IL", "style": "R&B - XMAS", "latitude": 39.73932, "longitude": -89.50414}, {"playDate": "2018-12-19T20:01:56.000+0000", "artistId": 2884, "songId": 78166808, "state": "MN", "style": "R&B - SOUL", "latitude": 46.44186, "longitude": -93.36552}, {"playDate": "2018-12-19T20:03:24.000+0000", "artistId": 2884, "songId": 27152702, "state": "PA", "style": "R&B - SOUL", "latitude": 40.994595, "longitude": -77.6047}, {"playDate": "2018-12-19T20:03:35.000+0000", "artistId": 2884, "songId": 78166811, "state": "MN", "style": "R&B - SOUL", "latitude": 46.44186, "longitude": -93.36552}, {"playDate": "2018-12-19T20:06:07.000+0000", "artistId": 2884, "songId": 78166812, "state": "ID", "style": "R&B - SOUL", "latitude": 45.494576, "longitude": -114.14243}, {"playDate": "2018-12-19T20:06:23.000+0000", "artistId": 2884, "songId": 27193401, "state": "NJ", "style": "R&B - SOUL", "latitude": 40.143005, "longitude": -74.73112}, {"playDate": "2018-12-19T20:13:56.000+0000", "artistId": 2884, "songId": 27193401, "state": "MI", "style": "R&B - SOUL", "latitude": 44.94356, "longitude": -86.4158}, {"playDate": "2018-12-19T20:16:46.000+0000", "artistId": 2884, "songId": 27193401, "state": "NJ", "style": "R&B - SOUL", "latitude": 40.143005, "longitude": -74.73112}, {"playDate": "2018-12-19T20:18:27.000+0000", "artistId": 2884, "songId": 78166808, "state": "MO", "style": "R&B - SOUL", "latitude": 38.30466, "longitude": -92.437096}, {"playDate": "2018-12-19T20:22:46.000+0000", "artistId": 2884, "songId": 78166802, "state": "PA", "style": "R&B - SOUL", "latitude": 40.994595, "longitude": -77.6047}, {"playDate": "2018-12-19T20:22:47.000+0000", "artistId": 2884, "songId": 78166862, "state": "IL", "style": "R&B - SOUL", "latitude": 39.73932, "longitude": -89.50414}, {"playDate": "2018-12-19T20:24:04.000+0000", "artistId": 2884, "songId": 27193401, "state": "NY", "style": "R&B - SOUL", "latitude": 40.705627, "longitude": -73.97968}, {"playDate": "2018-12-19T20:25:50.000+0000", "artistId": 2884, "songId": 78166812, "state": "UT", "style": "R&B - SOUL", "latitude": 39.49976, "longitude": -111.54703}, {"playDate": "2018-12-19T20:31:20.000+0000", "artistId": 2884, "songId": 85453001, "state": "MN", "style": "R&B - XMAS", "latitude": 46.44186, "longitude": -93.36552}, {"playDate": "2018-12-19T20:33:30.000+0000", "artistId": 2884, "songId": 78166812, "state": "OR", "style": "R&B - SOUL", "latitude": 44.141907, "longitude": -120.5381}, {"playDate": "2018-12-19T20:34:12.000+0000", "artistId": 2884, "songId": 78166808, "state": "NC", "style": "R&B - SOUL", "latitude": 35.21456, "longitude": -79.891266}, {"playDate": "2018-12-19T20:35:42.000+0000", "artistId": 2884, "songId": 27193401, "state": "OH", "style": "R&B - SOUL", "latitude": 40.19036, "longitude": -82.66925}, {"playDate": "2018-12-19T20:37:36.000+0000", "artistId": 2884, "songId": 78128005, "state": "GA", "style": "R&B - SOUL", "latitude": 32.678123, "longitude": -83.22298}, {"playDate": "2018-12-19T20:39:52.000+0000", "artistId": 2884, "songId": 68816807, "state": "FL", "style": "ELECTRO - DANCE", "latitude": 27.975727, "longitude": -83.833015}, {"playDate": "2018-12-19T20:43:01.000+0000", "artistId": 2884, "songId": 78166812, "state": "WA", "style": "R&B - SOUL", "latitude": 38.89935, "longitude": -77.014565}, {"playDate": "2018-12-19T20:47:52.000+0000", "artistId": 2884, "songId": 12732902, "state": "WA", "style": "R&B - SOUL", "latitude": 38.89935, "longitude": -77.014565}, {"playDate": "2018-12-19T20:55:51.000+0000", "artistId": 2884, "songId": 27159801, "state": "AL", "style": "R&B - SOUL", "latitude": 32.60101, "longitude": -86.68073}, {"playDate": "2018-12-19T20:56:44.000+0000", "artistId": 2884, "songId": 78166853, "state": "TX", "style": "R&B - SOUL", "latitude": 31.169336, "longitude": -100.07684}, {"playDate": "2018-12-19T21:05:36.000+0000", "artistId": 2884, "songId": 78166808, "state": "IL", "style": "R&B - SOUL", "latitude": 39.73932, "longitude": -89.50414}, {"playDate": "2018-12-19T21:15:06.000+0000", "artistId": 2884, "songId": 78166812, "state": "UT", "style": "R&B - SOUL", "latitude": 39.49976, "longitude": -111.54703}, {"playDate": "2018-12-19T21:15:29.000+0000", "artistId": 2884, "songId": 78166812, "state": "CA", "style": "R&B - SOUL", "latitude": 37.271873, "longitude": -119.27042}, {"playDate": "2018-12-19T21:17:34.000+0000", "artistId": 2884, "songId": 27114802, "state": "TX", "style": "R&B - SOUL", "latitude": 31.169336, "longitude": -100.07684}, {"playDate": "2018-12-19T21:26:51.000+0000", "artistId": 2884, "songId": 27193408, "state": "NY", "style": "R&B - SOUL", "latitude": 40.705627, "longitude": -73.97968}, {"playDate": "2018-12-19T21:27:08.000+0000", "artistId": 2884, "songId": 27152401, "state": "IL", "style": "R&B - SOUL", "latitude": 39.73932, "longitude": -89.50414}, {"playDate": "2018-12-19T21:27:53.000+0000", "artistId": 2884, "songId": 27193401, "state": "IL", "style": "R&B - SOUL", "latitude": 39.73932, "longitude": -89.50414}, {"playDate": "2018-12-19T21:27:58.000+0000", "artistId": 2884, "songId": 78166808, "state": "IL", "style": "R&B - SOUL", "latitude": 39.73932, "longitude": -89.50414}, {"playDate": "2018-12-19T21:29:36.000+0000", "artistId": 2884, "songId": 78166812, "state": "CA", "style": "R&B - SOUL", "latitude": 37.271873, "longitude": -119.27042}, {"playDate": "2018-12-19T21:30:49.000+0000", "artistId": 2884, "songId": 78166803, "state": "MO", "style": "R&B - SOUL", "latitude": 38.30466, "longitude": -92.437096}, {"playDate": "2018-12-19T21:32:18.000+0000", "artistId": 2884, "songId": 21855602, "state": "FL", "style": "R&B - SOUL", "latitude": 27.975727, "longitude": -83.833015}, {"playDate": "2018-12-19T21:32:27.000+0000", "artistId": 2884, "songId": 78166812, "state": "KY", "style": "R&B - SOUL", "latitude": 37.822292, "longitude": -85.76824}, {"playDate": "2018-12-19T21:37:22.000+0000", "artistId": 2884, "songId": 32499811, "state": "MA", "style": "R&B - SOUL", "latitude": 42.06294, "longitude": -71.71806}, {"playDate": "2018-12-19T21:40:37.000+0000", "artistId": 2884, "songId": 78166808, "state": "NY", "style": "R&B - SOUL", "latitude": 40.705627, "longitude": -73.97968}, {"playDate": "2018-12-19T21:43:01.000+0000", "artistId": 2884, "songId": 78166808, "state": "IL", "style": "R&B - SOUL", "latitude": 39.73932, "longitude": -89.50414}, {"playDate": "2018-12-19T21:48:23.000+0000", "artistId": 2884, "songId": 78166811, "state": "MI", "style": "R&B - SOUL", "latitude": 44.94356, "longitude": -86.4158}, {"playDate": "2018-12-19T21:49:19.000+0000", "artistId": 2884, "songId": 78166802, "state": "TX", "style": "R&B - SOUL", "latitude": 31.169336, "longitude": -100.07684}, {"playDate": "2018-12-19T21:50:59.000+0000", "artistId": 2884, "songId": 27152401, "state": "MN", "style": "R&B - SOUL", "latitude": 46.44186, "longitude": -93.36552}, {"playDate": "2018-12-19T21:59:18.000+0000", "artistId": 2884, "songId": 78166808, "state": "WA", "style": "R&B - SOUL", "latitude": 38.89935, "longitude": -77.014565}, {"playDate": "2018-12-19T22:00:28.000+0000", "artistId": 2884, "songId": 27152401, "state": "HI", "style": "R&B - SOUL", "latitude": 20.46, "longitude": -157.505}, {"playDate": "2018-12-19T22:05:21.000+0000", "artistId": 2884, "songId": 27193406, "state": "IN", "style": "R&B - SOUL", "latitude": 39.76622, "longitude": -86.44128}, {"playDate": "2018-12-19T22:10:45.000+0000", "artistId": 2884, "songId": 78166812, "state": "NV", "style": "R&B - SOUL", "latitude": 38.502033, "longitude": -117.02306}, {"playDate": "2018-12-19T22:15:37.000+0000", "artistId": 2884, "songId": 78166853, "state": "LA", "style": "R&B - SOUL", "latitude": 30.973377, "longitude": -91.42991}, {"playDate": "2018-12-19T22:16:35.000+0000", "artistId": 2884, "songId": 78166812, "state": "MI", "style": "R&B - SOUL", "latitude": 44.94356, "longitude": -86.4158}, {"playDate": "2018-12-19T22:16:43.000+0000", "artistId": 2884, "songId": 27193401, "state": "NJ", "style": "R&B - SOUL", "latitude": 40.143005, "longitude": -74.73112}, {"playDate": "2018-12-19T22:32:02.000+0000", "artistId": 2884, "songId": 78166802, "state": "WA", "style": "R&B - SOUL", "latitude": 38.89935, "longitude": -77.014565}, {"playDate": "2018-12-19T22:32:31.000+0000", "artistId": 2884, "songId": 27193401, "state": "WI", "style": "R&B - SOUL", "latitude": 44.786297, "longitude": -89.826706}, {"playDate": "2018-12-19T22:33:00.000+0000", "artistId": 2884, "songId": 27159802, "state": "CA", "style": "R&B - SOUL", "latitude": 37.271873, "longitude": -119.27042}, {"playDate": "2018-12-19T22:36:23.000+0000", "artistId": 2884, "songId": 68816807, "state": "PA", "style": "ELECTRO - DANCE", "latitude": 40.994595, "longitude": -77.6047}, {"playDate": "2018-12-19T22:40:46.000+0000", "artistId": 2884, "songId": 78166808, "state": "PA", "style": "R&B - SOUL", "latitude": 40.994595, "longitude": -77.6047}, {"playDate": "2018-12-19T22:43:00.000+0000", "artistId": 2884, "songId": 78166862, "state": "OK", "style": "R&B - SOUL", "latitude": 35.309765, "longitude": -98.71656}, {"playDate": "2018-12-19T22:52:45.000+0000", "artistId": 2884, "songId": 27193401, "state": "ON", "style": "R&B - SOUL", "latitude": 44.566647, "longitude": -80.84998}, {"playDate": "2018-12-19T22:54:28.000+0000", "artistId": 2884, "songId": 27152401, "state": "CA", "style": "R&B - SOUL", "latitude": 37.271873, "longitude": -119.27042}, {"playDate": "2018-12-19T22:58:00.000+0000", "artistId": 2884, "songId": 78128005, "state": "AR", "style": "R&B - SOUL", "latitude": 34.751926, "longitude": -92.13138}, {"playDate": "2018-12-19T22:59:08.000+0000", "artistId": 2884, "songId": 78166808, "state": "WA", "style": "R&B - SOUL", "latitude": 38.89935, "longitude": -77.014565}, {"playDate": "2018-12-19T23:11:09.000+0000", "artistId": 2884, "songId": 27152401, "state": "NY", "style": "R&B - SOUL", "latitude": 40.705627, "longitude": -73.97968}, {"playDate": "2018-12-19T23:13:29.000+0000", "artistId": 2884, "songId": 78166808, "state": "CO", "style": "R&B - SOUL", "latitude": 38.997932, "longitude": -105.55057}, {"playDate": "2018-12-19T23:19:43.000+0000", "artistId": 2884, "songId": 78166803, "state": "OH", "style": "R&B - SOUL", "latitude": 40.19036, "longitude": -82.66925}, {"playDate": "2018-12-19T23:21:59.000+0000", "artistId": 2884, "songId": 27193401, "state": "IL", "style": "R&B - SOUL", "latitude": 39.73932, "longitude": -89.50414}, {"playDate": "2018-12-19T23:30:29.000+0000", "artistId": 2884, "songId": 78128005, "state": "WI", "style": "R&B - SOUL", "latitude": 44.786297, "longitude": -89.826706}, {"playDate": "2018-12-19T23:30:50.000+0000", "artistId": 2884, "songId": 27159806, "state": "IN", "style": "R&B - SOUL", "latitude": 39.76622, "longitude": -86.44128}, {"playDate": "2018-12-19T23:32:17.000+0000", "artistId": 2884, "songId": 78166802, "state": "IL", "style": "R&B - SOUL", "latitude": 39.73932, "longitude": -89.50414}, {"playDate": "2018-12-19T23:41:22.000+0000", "artistId": 2884, "songId": 78166804, "state": "LA", "style": "R&B - SOUL", "latitude": 30.973377, "longitude": -91.42991}, {"playDate": "2018-12-19T23:49:11.000+0000", "artistId": 2884, "songId": 78128005, "state": "NJ", "style": "R&B - SOUL", "latitude": 40.143005, "longitude": -74.73112}, {"playDate": "2018-12-19T23:51:34.000+0000", "artistId": 2884, "songId": 27152501, "state": "LA", "style": "R&B - SOUL", "latitude": 30.973377, "longitude": -91.42991}, {"playDate": "2018-12-19T23:55:04.000+0000", "artistId": 2884, "songId": 78166808, "state": "MI", "style": "R&B - SOUL", "latitude": 44.94356, "longitude": -86.4158}, {"playDate": "2018-12-19T23:58:47.000+0000", "artistId": 2884, "songId": 68816807, "state": "FL", "style": "ELECTRO - DANCE", "latitude": 27.975727, "longitude": -83.833015}], "totalRecordsCount": 279}