{"plays": [{"playDate": "2018-09-30T00:02:06.000+0000", "artistId": 2884, "songId": 27193401, "state": "MO", "style": "R&B - SOUL", "latitude": 38.30466, "longitude": -92.437096}, {"playDate": "2018-09-30T00:02:36.000+0000", "artistId": 2884, "songId": 27152401, "state": "NE", "style": "R&B - SOUL", "latitude": 41.50082, "longitude": -99.6809}, {"playDate": "2018-09-30T00:08:22.000+0000", "artistId": 2884, "songId": 78166812, "state": "IL", "style": "R&B - SOUL", "latitude": 39.73932, "longitude": -89.50414}, {"playDate": "2018-09-30T00:12:23.000+0000", "artistId": 2884, "songId": 78166802, "state": "PA", "style": "R&B - SOUL", "latitude": 40.994595, "longitude": -77.6047}, {"playDate": "2018-09-30T00:13:32.000+0000", "artistId": 2884, "songId": 27152401, "state": "FL", "style": "R&B - SOUL", "latitude": 27.975727, "longitude": -83.833015}, {"playDate": "2018-09-30T00:17:48.000+0000", "artistId": 2884, "songId": 78166812, "state": "NY", "style": "R&B - SOUL", "latitude": 40.705627, "longitude": -73.97968}, {"playDate": "2018-09-30T00:20:20.000+0000", "artistId": 2884, "songId": 78166802, "state": "QC", "style": "R&B - SOUL", "latitude": 49.82258, "longitude": -64.34799}, {"playDate": "2018-09-30T00:22:31.000+0000", "artistId": 2884, "songId": 78166808, "state": "NY", "style": "R&B - SOUL", "latitude": 40.705627, "longitude": -73.97968}, {"playDate": "2018-09-30T00:24:46.000+0000", "artistId": 2884, "songId": 86619903, "state": "MI", "style": "R&B - SOUL", "latitude": 44.94356, "longitude": -86.4158}, {"playDate": "2018-09-30T00:25:03.000+0000", "artistId": 2884, "songId": 78166808, "state": "OH", "style": "R&B - SOUL", "latitude": 40.19036, "longitude": -82.66925}, {"playDate": "2018-09-30T00:25:06.000+0000", "artistId": 2884, "songId": 78128005, "state": "IL", "style": "R&B - SOUL", "latitude": 39.73932, "longitude": -89.50414}, {"playDate": "2018-09-30T00:31:09.000+0000", "artistId": 2884, "songId": 78166802, "state": "NL", "style": "R&B - SOUL", "latitude": 49.1744, "longitude": -57.426918}, {"playDate": "2018-09-30T00:34:10.000+0000", "artistId": 2884, "songId": 27159804, "state": "MN", "style": "R&B - SOUL", "latitude": 46.44186, "longitude": -93.36552}, {"playDate": "2018-09-30T00:38:58.000+0000", "artistId": 2884, "songId": 86619903, "state": "CA", "style": "R&B - SOUL", "latitude": 37.271873, "longitude": -119.27042}, {"playDate": "2018-09-30T00:39:18.000+0000", "artistId": 2884, "songId": 78128005, "state": "OR", "style": "R&B - SOUL", "latitude": 44.141907, "longitude": -120.5381}, {"playDate": "2018-09-30T00:44:02.000+0000", "artistId": 2884, "songId": 78166808, "state": "MN", "style": "R&B - SOUL", "latitude": 46.44186, "longitude": -93.36552}, {"playDate": "2018-09-30T00:44:41.000+0000", "artistId": 2884, "songId": 27193401, "state": "MD", "style": "R&B - SOUL", "latitude": 38.80635, "longitude": -77.26842}, {"playDate": "2018-09-30T00:44:46.000+0000", "artistId": 2884, "songId": 78166808, "state": "CA", "style": "R&B - SOUL", "latitude": 37.271873, "longitude": -119.27042}, {"playDate": "2018-09-30T00:49:50.000+0000", "artistId": 2884, "songId": 21828604, "state": "PA", "style": "R&B - SOUL", "latitude": 40.994595, "longitude": -77.6047}, {"playDate": "2018-09-30T00:49:54.000+0000", "artistId": 2884, "songId": 78166808, "state": "FL", "style": "R&B - SOUL", "latitude": 27.975727, "longitude": -83.833015}, {"playDate": "2018-09-30T00:56:38.000+0000", "artistId": 2884, "songId": 27193401, "state": "NC", "style": "R&B - SOUL", "latitude": 35.21456, "longitude": -79.891266}, {"playDate": "2018-09-30T00:59:12.000+0000", "artistId": 2884, "songId": 27152401, "state": "IL", "style": "R&B - SOUL", "latitude": 39.73932, "longitude": -89.50414}, {"playDate": "2018-09-30T01:02:05.000+0000", "artistId": 2884, "songId": 27159804, "state": "IN", "style": "R&B - SOUL", "latitude": 39.76622, "longitude": -86.44128}, {"playDate": "2018-09-30T01:03:51.000+0000", "artistId": 2884, "songId": 78166808, "state": "OH", "style": "R&B - SOUL", "latitude": 40.19036, "longitude": -82.66925}, {"playDate": "2018-09-30T01:05:01.000+0000", "artistId": 2884, "songId": 78166811, "state": "ME", "style": "R&B - SOUL", "latitude": 45.218513, "longitude": -69.01486}, {"playDate": "2018-09-30T01:12:44.000+0000", "artistId": 2884, "songId": 27193401, "state": "ND", "style": "R&B - SOUL", "latitude": 47.46788, "longitude": -100.30227}, {"playDate": "2018-09-30T01:12:52.000+0000", "artistId": 2884, "songId": 78166801, "state": "MA", "style": "R&B - SOUL", "latitude": 42.06294, "longitude": -71.71806}, {"playDate": "2018-09-30T01:23:52.000+0000", "artistId": 2884, "songId": 78166812, "state": "SC", "style": "R&B - SOUL", "latitude": 33.62505, "longitude": -80.94704}, {"playDate": "2018-09-30T01:25:16.000+0000", "artistId": 2884, "songId": 27159804, "state": "MN", "style": "R&B - SOUL", "latitude": 46.44186, "longitude": -93.36552}, {"playDate": "2018-09-30T01:25:54.000+0000", "artistId": 2884, "songId": 27159806, "state": "AR", "style": "R&B - SOUL", "latitude": 34.751926, "longitude": -92.13138}, {"playDate": "2018-09-30T01:26:11.000+0000", "artistId": 2884, "songId": 68816807, "state": "IL", "style": "ELECTRO - DANCE", "latitude": 39.73932, "longitude": -89.50414}, {"playDate": "2018-09-30T01:26:27.000+0000", "artistId": 2884, "songId": 78166807, "state": "AZ", "style": "R&B - SOUL", "latitude": 34.168217, "longitude": -111.93091}, {"playDate": "2018-09-30T01:27:42.000+0000", "artistId": 2884, "songId": 78166811, "state": "BC", "style": "R&B - SOUL", "latitude": 49.09996, "longitude": -116.5167}, {"playDate": "2018-09-30T01:27:51.000+0000", "artistId": 2884, "songId": 68816807, "state": "FL", "style": "ELECTRO - DANCE", "latitude": 27.975727, "longitude": -83.833015}, {"playDate": "2018-09-30T01:32:14.000+0000", "artistId": 2884, "songId": 78166813, "state": "SC", "style": "R&B - SOUL", "latitude": 33.62505, "longitude": -80.94704}, {"playDate": "2018-09-30T01:40:28.000+0000", "artistId": 2884, "songId": 78166808, "state": "GA", "style": "R&B - SOUL", "latitude": 32.678123, "longitude": -83.22298}, {"playDate": "2018-09-30T01:48:46.000+0000", "artistId": 2884, "songId": 78166808, "state": "CT", "style": "R&B - SOUL", "latitude": 41.518784, "longitude": -72.75751}, {"playDate": "2018-09-30T01:56:58.000+0000", "artistId": 2884, "songId": 78166802, "state": "MN", "style": "R&B - SOUL", "latitude": 46.44186, "longitude": -93.36552}, {"playDate": "2018-09-30T02:03:47.000+0000", "artistId": 2884, "songId": 78128005, "state": "SC", "style": "R&B - SOUL", "latitude": 33.62505, "longitude": -80.94704}, {"playDate": "2018-09-30T02:06:20.000+0000", "artistId": 2884, "songId": 78166812, "state": "GA", "style": "R&B - SOUL", "latitude": 32.678123, "longitude": -83.22298}, {"playDate": "2018-09-30T02:07:27.000+0000", "artistId": 2884, "songId": 27152401, "state": "PA", "style": "R&B - SOUL", "latitude": 40.994595, "longitude": -77.6047}, {"playDate": "2018-09-30T02:08:16.000+0000", "artistId": 2884, "songId": 78166808, "state": "SC", "style": "R&B - SOUL", "latitude": 33.62505, "longitude": -80.94704}, {"playDate": "2018-09-30T02:15:10.000+0000", "artistId": 2884, "songId": 27193409, "state": "IL", "style": "R&B - SOUL", "latitude": 39.73932, "longitude": -89.50414}, {"playDate": "2018-09-30T02:15:21.000+0000", "artistId": 2884, "songId": 78166802, "state": "FL", "style": "R&B - SOUL", "latitude": 27.975727, "longitude": -83.833015}, {"playDate": "2018-09-30T02:16:13.000+0000", "artistId": 2884, "songId": 78166801, "state": "MS", "style": "R&B - SOUL", "latitude": 32.585106, "longitude": -89.87722}, {"playDate": "2018-09-30T02:17:07.000+0000", "artistId": 2884, "songId": 21898701, "state": "NJ", "style": "R&B - SOUL", "latitude": 40.143005, "longitude": -74.73112}, {"playDate": "2018-09-30T02:20:20.000+0000", "artistId": 2884, "songId": 1725007, "state": "NY", "style": "R&B - URBAN", "latitude": 40.705627, "longitude": -73.97968}, {"playDate": "2018-09-30T02:23:04.000+0000", "artistId": 2884, "songId": 27159806, "state": "BC", "style": "R&B - SOUL", "latitude": 49.09996, "longitude": -116.5167}, {"playDate": "2018-09-30T02:25:26.000+0000", "artistId": 2884, "songId": 27193401, "state": "GA", "style": "R&B - SOUL", "latitude": 32.678123, "longitude": -83.22298}, {"playDate": "2018-09-30T02:26:09.000+0000", "artistId": 2884, "songId": 27193401, "state": "IL", "style": "R&B - SOUL", "latitude": 39.73932, "longitude": -89.50414}, {"playDate": "2018-09-30T02:26:36.000+0000", "artistId": 2884, "songId": 27193401, "state": "FL", "style": "R&B - SOUL", "latitude": 27.975727, "longitude": -83.833015}, {"playDate": "2018-09-30T02:40:19.000+0000", "artistId": 2884, "songId": 1725007, "state": "FL", "style": "R&B - URBAN", "latitude": 27.975727, "longitude": -83.833015}, {"playDate": "2018-09-30T02:42:36.000+0000", "artistId": 2884, "songId": 78166808, "state": "IA", "style": "R&B - SOUL", "latitude": 41.938316, "longitude": -93.3898}, {"playDate": "2018-09-30T02:44:30.000+0000", "artistId": 2884, "songId": 78128005, "state": "NY", "style": "R&B - SOUL", "latitude": 40.705627, "longitude": -73.97968}, {"playDate": "2018-09-30T02:50:19.000+0000", "artistId": 2884, "songId": 27193401, "state": "OH", "style": "R&B - SOUL", "latitude": 40.19036, "longitude": -82.66925}, {"playDate": "2018-09-30T02:51:28.000+0000", "artistId": 2884, "songId": 27193401, "state": "NE", "style": "R&B - SOUL", "latitude": 41.50082, "longitude": -99.6809}, {"playDate": "2018-09-30T02:53:04.000+0000", "artistId": 2884, "songId": 78166808, "state": "WA", "style": "R&B - SOUL", "latitude": 38.89935, "longitude": -77.014565}, {"playDate": "2018-09-30T02:56:21.000+0000", "artistId": 2884, "songId": 27159806, "state": "IL", "style": "R&B - SOUL", "latitude": 39.73932, "longitude": -89.50414}, {"playDate": "2018-09-30T03:02:27.000+0000", "artistId": 2884, "songId": 21898701, "state": "GA", "style": "R&B - SOUL", "latitude": 32.678123, "longitude": -83.22298}, {"playDate": "2018-09-30T03:04:21.000+0000", "artistId": 2884, "songId": 27159804, "state": "AB", "style": "R&B - SOUL", "latitude": 53.016697, "longitude": -112.816635}, {"playDate": "2018-09-30T03:07:35.000+0000", "artistId": 2884, "songId": 27114802, "state": "NY", "style": "R&B - SOUL", "latitude": 40.705627, "longitude": -73.97968}, {"playDate": "2018-09-30T03:19:33.000+0000", "artistId": 2884, "songId": 78166851, "state": "CA", "style": "R&B - SOUL", "latitude": 37.271873, "longitude": -119.27042}, {"playDate": "2018-09-30T03:22:22.000+0000", "artistId": 2884, "songId": 78128005, "state": "TX", "style": "R&B - SOUL", "latitude": 31.169336, "longitude": -100.07684}, {"playDate": "2018-09-30T04:12:09.000+0000", "artistId": 2884, "songId": 78166808, "state": "MI", "style": "R&B - SOUL", "latitude": 44.94356, "longitude": -86.4158}, {"playDate": "2018-09-30T04:18:16.000+0000", "artistId": 2884, "songId": 78166808, "state": "AL", "style": "R&B - SOUL", "latitude": 32.60101, "longitude": -86.68073}, {"playDate": "2018-09-30T04:34:38.000+0000", "artistId": 2884, "songId": 78166808, "state": "WA", "style": "R&B - SOUL", "latitude": 38.89935, "longitude": -77.014565}, {"playDate": "2018-09-30T04:45:00.000+0000", "artistId": 2884, "songId": 21898701, "state": "NC", "style": "R&B - SOUL", "latitude": 35.21456, "longitude": -79.891266}, {"playDate": "2018-09-30T05:11:00.000+0000", "artistId": 2884, "songId": 27159806, "state": "GA", "style": "R&B - SOUL", "latitude": 32.678123, "longitude": -83.22298}, {"playDate": "2018-09-30T05:20:33.000+0000", "artistId": 2884, "songId": 78128005, "state": "GA", "style": "R&B - SOUL", "latitude": 32.678123, "longitude": -83.22298}, {"playDate": "2018-09-30T05:31:21.000+0000", "artistId": 2884, "songId": 78166812, "state": "CA", "style": "R&B - SOUL", "latitude": 37.271873, "longitude": -119.27042}, {"playDate": "2018-09-30T05:39:58.000+0000", "artistId": 2884, "songId": 78166808, "state": "VA", "style": "R&B - SOUL", "latitude": 38.003384, "longitude": -79.458786}, {"playDate": "2018-09-30T05:43:32.000+0000", "artistId": 2884, "songId": 78166802, "state": "NY", "style": "R&B - SOUL", "latitude": 40.705627, "longitude": -73.97968}, {"playDate": "2018-09-30T05:44:09.000+0000", "artistId": 2884, "songId": 78128005, "state": "MD", "style": "R&B - SOUL", "latitude": 38.80635, "longitude": -77.26842}, {"playDate": "2018-09-30T05:44:13.000+0000", "artistId": 2884, "songId": 27193401, "state": "PA", "style": "R&B - SOUL", "latitude": 40.994595, "longitude": -77.6047}, {"playDate": "2018-09-30T05:55:33.000+0000", "artistId": 2884, "songId": 78166811, "state": "UT", "style": "R&B - SOUL", "latitude": 39.49976, "longitude": -111.54703}, {"playDate": "2018-09-30T06:06:24.000+0000", "artistId": 2884, "songId": 12732905, "state": "ID", "style": "R&B - SOUL", "latitude": 45.494576, "longitude": -114.14243}, {"playDate": "2018-09-30T06:17:56.000+0000", "artistId": 2884, "songId": 78166808, "state": "TN", "style": "R&B - SOUL", "latitude": 35.83052, "longitude": -85.9786}, {"playDate": "2018-09-30T06:35:50.000+0000", "artistId": 2884, "songId": 78166802, "state": "NC", "style": "R&B - SOUL", "latitude": 35.21456, "longitude": -79.891266}, {"playDate": "2018-09-30T06:36:09.000+0000", "artistId": 2884, "songId": 78166812, "state": "CA", "style": "R&B - SOUL", "latitude": 37.271873, "longitude": -119.27042}, {"playDate": "2018-09-30T06:45:26.000+0000", "artistId": 2884, "songId": 21855602, "state": "IL", "style": "R&B - SOUL", "latitude": 39.73932, "longitude": -89.50414}, {"playDate": "2018-09-30T06:52:31.000+0000", "artistId": 2884, "songId": 27159806, "state": "KY", "style": "R&B - SOUL", "latitude": 37.822292, "longitude": -85.76824}, {"playDate": "2018-09-30T06:57:36.000+0000", "artistId": 2884, "songId": 27193408, "state": "CA", "style": "R&B - SOUL", "latitude": 37.271873, "longitude": -119.27042}, {"playDate": "2018-09-30T07:05:16.000+0000", "artistId": 2884, "songId": 27193401, "state": "NC", "style": "R&B - SOUL", "latitude": 35.21456, "longitude": -79.891266}, {"playDate": "2018-09-30T07:07:34.000+0000", "artistId": 2884, "songId": 27193401, "state": "SC", "style": "R&B - SOUL", "latitude": 33.62505, "longitude": -80.94704}, {"playDate": "2018-09-30T07:16:07.000+0000", "artistId": 2884, "songId": 27159808, "state": "CA", "style": "R&B - SOUL", "latitude": 37.271873, "longitude": -119.27042}, {"playDate": "2018-09-30T07:16:46.000+0000", "artistId": 2884, "songId": 21898701, "state": "MS", "style": "R&B - SOUL", "latitude": 32.585106, "longitude": -89.87722}, {"playDate": "2018-09-30T07:30:30.000+0000", "artistId": 2884, "songId": 27159806, "state": "SC", "style": "R&B - SOUL", "latitude": 33.62505, "longitude": -80.94704}, {"playDate": "2018-09-30T07:41:53.000+0000", "artistId": 2884, "songId": 78166808, "state": "MO", "style": "R&B - SOUL", "latitude": 38.30466, "longitude": -92.437096}, {"playDate": "2018-09-30T07:44:19.000+0000", "artistId": 2884, "songId": 78166808, "state": "NC", "style": "R&B - SOUL", "latitude": 35.21456, "longitude": -79.891266}, {"playDate": "2018-09-30T07:46:06.000+0000", "artistId": 2884, "songId": 12732905, "state": "TX", "style": "R&B - SOUL", "latitude": 31.169336, "longitude": -100.07684}, {"playDate": "2018-09-30T07:55:51.000+0000", "artistId": 2884, "songId": 27193408, "state": "NC", "style": "R&B - SOUL", "latitude": 35.21456, "longitude": -79.891266}, {"playDate": "2018-09-30T07:59:17.000+0000", "artistId": 2884, "songId": 27193401, "state": "AZ", "style": "R&B - SOUL", "latitude": 34.168217, "longitude": -111.93091}, {"playDate": "2018-09-30T08:01:12.000+0000", "artistId": 2884, "songId": 78166812, "state": "CO", "style": "R&B - SOUL", "latitude": 38.997932, "longitude": -105.55057}, {"playDate": "2018-09-30T08:11:16.000+0000", "artistId": 2884, "songId": 78166812, "state": "NV", "style": "R&B - SOUL", "latitude": 38.502033, "longitude": -117.02306}, {"playDate": "2018-09-30T08:19:48.000+0000", "artistId": 2884, "songId": 78166808, "state": "WA", "style": "R&B - SOUL", "latitude": 38.89935, "longitude": -77.014565}, {"playDate": "2018-09-30T08:30:57.000+0000", "artistId": 2884, "songId": 21855602, "state": "MN", "style": "R&B - SOUL", "latitude": 46.44186, "longitude": -93.36552}, {"playDate": "2018-09-30T08:31:57.000+0000", "artistId": 2884, "songId": 78166807, "state": "FL", "style": "R&B - SOUL", "latitude": 27.975727, "longitude": -83.833015}, {"playDate": "2018-09-30T08:35:52.000+0000", "artistId": 2884, "songId": 78166808, "state": "IN", "style": "R&B - SOUL", "latitude": 39.76622, "longitude": -86.44128}, {"playDate": "2018-09-30T08:38:08.000+0000", "artistId": 2884, "songId": 27193401, "state": "MS", "style": "R&B - SOUL", "latitude": 32.585106, "longitude": -89.87722}, {"playDate": "2018-09-30T08:48:53.000+0000", "artistId": 2884, "songId": 21898701, "state": "AL", "style": "R&B - SOUL", "latitude": 32.60101, "longitude": -86.68073}, {"playDate": "2018-09-30T08:51:11.000+0000", "artistId": 2884, "songId": 12732905, "state": "CA", "style": "R&B - SOUL", "latitude": 37.271873, "longitude": -119.27042}, {"playDate": "2018-09-30T08:52:56.000+0000", "artistId": 2884, "songId": 78166808, "state": "IL", "style": "R&B - SOUL", "latitude": 39.73932, "longitude": -89.50414}, {"playDate": "2018-09-30T09:01:49.000+0000", "artistId": 2884, "songId": 78128008, "state": "WI", "style": "ELECTRO - DANCE", "latitude": 44.786297, "longitude": -89.826706}, {"playDate": "2018-09-30T09:02:43.000+0000", "artistId": 2884, "songId": 78166802, "state": "TN", "style": "R&B - SOUL", "latitude": 35.83052, "longitude": -85.9786}, {"playDate": "2018-09-30T09:16:30.000+0000", "artistId": 2884, "songId": 27159806, "state": "AL", "style": "R&B - SOUL", "latitude": 32.60101, "longitude": -86.68073}, {"playDate": "2018-09-30T09:27:25.000+0000", "artistId": 2884, "songId": 27193401, "state": "GA", "style": "R&B - SOUL", "latitude": 32.678123, "longitude": -83.22298}, {"playDate": "2018-09-30T09:30:13.000+0000", "artistId": 2884, "songId": 78166808, "state": "AZ", "style": "R&B - SOUL", "latitude": 34.168217, "longitude": -111.93091}, {"playDate": "2018-09-30T09:35:41.000+0000", "artistId": 2884, "songId": 78128005, "state": "GA", "style": "R&B - SOUL", "latitude": 32.678123, "longitude": -83.22298}, {"playDate": "2018-09-30T09:36:40.000+0000", "artistId": 2884, "songId": 27159806, "state": "GA", "style": "R&B - SOUL", "latitude": 32.678123, "longitude": -83.22298}, {"playDate": "2018-09-30T09:43:37.000+0000", "artistId": 2884, "songId": 27193408, "state": "CA", "style": "R&B - SOUL", "latitude": 37.271873, "longitude": -119.27042}, {"playDate": "2018-09-30T09:47:49.000+0000", "artistId": 2884, "songId": 27193408, "state": "WI", "style": "R&B - SOUL", "latitude": 44.786297, "longitude": -89.826706}, {"playDate": "2018-09-30T09:54:14.000+0000", "artistId": 2884, "songId": 78166804, "state": "CO", "style": "R&B - SOUL", "latitude": 38.997932, "longitude": -105.55057}, {"playDate": "2018-09-30T09:57:39.000+0000", "artistId": 2884, "songId": 27152401, "state": "CA", "style": "R&B - SOUL", "latitude": 37.271873, "longitude": -119.27042}, {"playDate": "2018-09-30T09:59:20.000+0000", "artistId": 2884, "songId": 27159806, "state": "KY", "style": "R&B - SOUL", "latitude": 37.822292, "longitude": -85.76824}, {"playDate": "2018-09-30T09:59:36.000+0000", "artistId": 2884, "songId": 21855602, "state": "MO", "style": "R&B - SOUL", "latitude": 38.30466, "longitude": -92.437096}, {"playDate": "2018-09-30T10:02:42.000+0000", "artistId": 2884, "songId": 21855602, "state": "NY", "style": "R&B - SOUL", "latitude": 40.705627, "longitude": -73.97968}, {"playDate": "2018-09-30T10:04:17.000+0000", "artistId": 2884, "songId": 78166802, "state": "AL", "style": "R&B - SOUL", "latitude": 32.60101, "longitude": -86.68073}, {"playDate": "2018-09-30T10:09:22.000+0000", "artistId": 2884, "songId": 27152703, "state": "OR", "style": "R&B - SOUL", "latitude": 44.141907, "longitude": -120.5381}, {"playDate": "2018-09-30T10:11:50.000+0000", "artistId": 2884, "songId": 27159806, "state": "FL", "style": "R&B - SOUL", "latitude": 27.975727, "longitude": -83.833015}, {"playDate": "2018-09-30T10:12:12.000+0000", "artistId": 2884, "songId": 27193401, "state": "OK", "style": "R&B - SOUL", "latitude": 35.309765, "longitude": -98.71656}, {"playDate": "2018-09-30T10:12:46.000+0000", "artistId": 2884, "songId": 12732905, "state": "CA", "style": "R&B - SOUL", "latitude": 37.271873, "longitude": -119.27042}, {"playDate": "2018-09-30T10:16:35.000+0000", "artistId": 2884, "songId": 12732902, "state": "IL", "style": "R&B - SOUL", "latitude": 39.73932, "longitude": -89.50414}, {"playDate": "2018-09-30T10:21:46.000+0000", "artistId": 2884, "songId": 27193401, "state": "LA", "style": "R&B - SOUL", "latitude": 30.973377, "longitude": -91.42991}, {"playDate": "2018-09-30T10:22:35.000+0000", "artistId": 2884, "songId": 32499806, "state": "PA", "style": "R&B - SOUL", "latitude": 40.994595, "longitude": -77.6047}, {"playDate": "2018-09-30T10:22:52.000+0000", "artistId": 2884, "songId": 27193401, "state": "NC", "style": "R&B - SOUL", "latitude": 35.21456, "longitude": -79.891266}, {"playDate": "2018-09-30T10:23:44.000+0000", "artistId": 2884, "songId": 27193401, "state": "IA", "style": "R&B - SOUL", "latitude": 41.938316, "longitude": -93.3898}, {"playDate": "2018-09-30T10:33:50.000+0000", "artistId": 2884, "songId": 27159806, "state": "IN", "style": "R&B - SOUL", "latitude": 39.76622, "longitude": -86.44128}, {"playDate": "2018-09-30T10:34:06.000+0000", "artistId": 2884, "songId": 78166802, "state": "UT", "style": "R&B - SOUL", "latitude": 39.49976, "longitude": -111.54703}, {"playDate": "2018-09-30T10:41:34.000+0000", "artistId": 2884, "songId": 78166808, "state": "MI", "style": "R&B - SOUL", "latitude": 44.94356, "longitude": -86.4158}, {"playDate": "2018-09-30T10:45:45.000+0000", "artistId": 2884, "songId": 21898701, "state": "SC", "style": "R&B - SOUL", "latitude": 33.62505, "longitude": -80.94704}, {"playDate": "2018-09-30T10:48:49.000+0000", "artistId": 2884, "songId": 78166808, "state": "MN", "style": "R&B - SOUL", "latitude": 46.44186, "longitude": -93.36552}, {"playDate": "2018-09-30T10:54:12.000+0000", "artistId": 2884, "songId": 78166811, "state": "CA", "style": "R&B - SOUL", "latitude": 37.271873, "longitude": -119.27042}, {"playDate": "2018-09-30T10:56:13.000+0000", "artistId": 2884, "songId": 27193401, "state": "AL", "style": "R&B - SOUL", "latitude": 32.60101, "longitude": -86.68073}, {"playDate": "2018-09-30T10:56:25.000+0000", "artistId": 2884, "songId": 78166808, "state": "MI", "style": "R&B - SOUL", "latitude": 44.94356, "longitude": -86.4158}, {"playDate": "2018-09-30T10:56:51.000+0000", "artistId": 2884, "songId": 21898701, "state": "AL", "style": "R&B - SOUL", "latitude": 32.60101, "longitude": -86.68073}, {"playDate": "2018-09-30T10:58:19.000+0000", "artistId": 2884, "songId": 12732905, "state": "AZ", "style": "R&B - SOUL", "latitude": 34.168217, "longitude": -111.93091}, {"playDate": "2018-09-30T10:59:43.000+0000", "artistId": 2884, "songId": 27159806, "state": "GA", "style": "R&B - SOUL", "latitude": 32.678123, "longitude": -83.22298}, {"playDate": "2018-09-30T11:02:37.000+0000", "artistId": 2884, "songId": 78166808, "state": "AR", "style": "R&B - SOUL", "latitude": 34.751926, "longitude": -92.13138}, {"playDate": "2018-09-30T11:04:57.000+0000", "artistId": 2884, "songId": 27193408, "state": "NY", "style": "R&B - SOUL", "latitude": 40.705627, "longitude": -73.97968}, {"playDate": "2018-09-30T11:13:52.000+0000", "artistId": 2884, "songId": 27152401, "state": "IN", "style": "R&B - SOUL", "latitude": 39.76622, "longitude": -86.44128}, {"playDate": "2018-09-30T11:17:39.000+0000", "artistId": 2884, "songId": 78166811, "state": "MS", "style": "R&B - SOUL", "latitude": 32.585106, "longitude": -89.87722}, {"playDate": "2018-09-30T11:20:34.000+0000", "artistId": 2884, "songId": 27193401, "state": "FL", "style": "R&B - SOUL", "latitude": 27.975727, "longitude": -83.833015}, {"playDate": "2018-09-30T11:21:26.000+0000", "artistId": 2884, "songId": 78166808, "state": "MI", "style": "R&B - SOUL", "latitude": 44.94356, "longitude": -86.4158}, {"playDate": "2018-09-30T11:25:30.000+0000", "artistId": 2884, "songId": 21855602, "state": "SC", "style": "R&B - SOUL", "latitude": 33.62505, "longitude": -80.94704}, {"playDate": "2018-09-30T11:25:35.000+0000", "artistId": 2884, "songId": 78166808, "state": "IN", "style": "R&B - SOUL", "latitude": 39.76622, "longitude": -86.44128}, {"playDate": "2018-09-30T11:28:55.000+0000", "artistId": 2884, "songId": 78166808, "state": "MI", "style": "R&B - SOUL", "latitude": 44.94356, "longitude": -86.4158}, {"playDate": "2018-09-30T11:31:07.000+0000", "artistId": 2884, "songId": 27193408, "state": "CA", "style": "R&B - SOUL", "latitude": 37.271873, "longitude": -119.27042}, {"playDate": "2018-09-30T11:32:22.000+0000", "artistId": 2884, "songId": 78166808, "state": "CA", "style": "R&B - SOUL", "latitude": 37.271873, "longitude": -119.27042}, {"playDate": "2018-09-30T11:32:34.000+0000", "artistId": 2884, "songId": 27159806, "state": "GA", "style": "R&B - SOUL", "latitude": 32.678123, "longitude": -83.22298}, {"playDate": "2018-09-30T11:32:58.000+0000", "artistId": 2884, "songId": 78166808, "state": "FL", "style": "R&B - SOUL", "latitude": 27.975727, "longitude": -83.833015}, {"playDate": "2018-09-30T11:42:11.000+0000", "artistId": 2884, "songId": 12732902, "state": "WI", "style": "R&B - SOUL", "latitude": 44.786297, "longitude": -89.826706}, {"playDate": "2018-09-30T11:45:43.000+0000", "artistId": 2884, "songId": 78166811, "state": "UT", "style": "R&B - SOUL", "latitude": 39.49976, "longitude": -111.54703}, {"playDate": "2018-09-30T11:47:06.000+0000", "artistId": 2884, "songId": 27152705, "state": "FL", "style": "R&B - SOUL", "latitude": 27.975727, "longitude": -83.833015}, {"playDate": "2018-09-30T11:49:45.000+0000", "artistId": 2884, "songId": 12732902, "state": "CA", "style": "R&B - SOUL", "latitude": 37.271873, "longitude": -119.27042}, {"playDate": "2018-09-30T11:51:33.000+0000", "artistId": 2884, "songId": 78166808, "state": "TX", "style": "R&B - SOUL", "latitude": 31.169336, "longitude": -100.07684}, {"playDate": "2018-09-30T11:55:54.000+0000", "artistId": 2884, "songId": 27152401, "state": "CA", "style": "R&B - SOUL", "latitude": 37.271873, "longitude": -119.27042}, {"playDate": "2018-09-30T11:56:33.000+0000", "artistId": 2884, "songId": 78166808, "state": "MN", "style": "R&B - SOUL", "latitude": 46.44186, "longitude": -93.36552}, {"playDate": "2018-09-30T12:11:04.000+0000", "artistId": 2884, "songId": 12732902, "state": "WA", "style": "R&B - SOUL", "latitude": 38.89935, "longitude": -77.014565}, {"playDate": "2018-09-30T12:11:28.000+0000", "artistId": 2884, "songId": 12732902, "state": "CA", "style": "R&B - SOUL", "latitude": 37.271873, "longitude": -119.27042}, {"playDate": "2018-09-30T12:14:41.000+0000", "artistId": 2884, "songId": 78128005, "state": "GA", "style": "R&B - SOUL", "latitude": 32.678123, "longitude": -83.22298}, {"playDate": "2018-09-30T12:16:23.000+0000", "artistId": 2884, "songId": 27159806, "state": "VA", "style": "R&B - SOUL", "latitude": 38.003384, "longitude": -79.458786}, {"playDate": "2018-09-30T12:18:54.000+0000", "artistId": 2884, "songId": 27152702, "state": "CA", "style": "R&B - SOUL", "latitude": 37.271873, "longitude": -119.27042}, {"playDate": "2018-09-30T12:23:47.000+0000", "artistId": 2884, "songId": 21855602, "state": "OH", "style": "R&B - SOUL", "latitude": 40.19036, "longitude": -82.66925}, {"playDate": "2018-09-30T12:27:58.000+0000", "artistId": 2884, "songId": 27152401, "state": "IN", "style": "R&B - SOUL", "latitude": 39.76622, "longitude": -86.44128}, {"playDate": "2018-09-30T12:30:29.000+0000", "artistId": 2884, "songId": 78166808, "state": "TN", "style": "R&B - SOUL", "latitude": 35.83052, "longitude": -85.9786}, {"playDate": "2018-09-30T12:31:03.000+0000", "artistId": 2884, "songId": 78166808, "state": "NY", "style": "R&B - SOUL", "latitude": 40.705627, "longitude": -73.97968}, {"playDate": "2018-09-30T12:32:54.000+0000", "artistId": 2884, "songId": 27152401, "state": "AL", "style": "R&B - SOUL", "latitude": 32.60101, "longitude": -86.68073}, {"playDate": "2018-09-30T12:35:31.000+0000", "artistId": 2884, "songId": 78166812, "state": "CA", "style": "R&B - SOUL", "latitude": 37.271873, "longitude": -119.27042}, {"playDate": "2018-09-30T12:35:54.000+0000", "artistId": 2884, "songId": 78166812, "state": "GA", "style": "R&B - SOUL", "latitude": 32.678123, "longitude": -83.22298}, {"playDate": "2018-09-30T12:40:20.000+0000", "artistId": 2884, "songId": 27193401, "state": "GA", "style": "R&B - SOUL", "latitude": 32.678123, "longitude": -83.22298}, {"playDate": "2018-09-30T12:43:34.000+0000", "artistId": 2884, "songId": 12732902, "state": "CA", "style": "R&B - SOUL", "latitude": 37.271873, "longitude": -119.27042}, {"playDate": "2018-09-30T12:44:29.000+0000", "artistId": 2884, "songId": 78166811, "state": "NY", "style": "R&B - SOUL", "latitude": 40.705627, "longitude": -73.97968}, {"playDate": "2018-09-30T12:51:21.000+0000", "artistId": 2884, "songId": 78166804, "state": "OH", "style": "R&B - SOUL", "latitude": 40.19036, "longitude": -82.66925}, {"playDate": "2018-09-30T12:53:06.000+0000", "artistId": 2884, "songId": 27152702, "state": "CA", "style": "R&B - SOUL", "latitude": 37.271873, "longitude": -119.27042}, {"playDate": "2018-09-30T12:53:45.000+0000", "artistId": 2884, "songId": 78166808, "state": "MI", "style": "R&B - SOUL", "latitude": 44.94356, "longitude": -86.4158}, {"playDate": "2018-09-30T12:56:27.000+0000", "artistId": 2884, "songId": 12732902, "state": "TX", "style": "R&B - SOUL", "latitude": 31.169336, "longitude": -100.07684}, {"playDate": "2018-09-30T12:59:26.000+0000", "artistId": 2884, "songId": 12732905, "state": "OK", "style": "R&B - SOUL", "latitude": 35.309765, "longitude": -98.71656}, {"playDate": "2018-09-30T13:03:51.000+0000", "artistId": 2884, "songId": 46620104, "state": "TN", "style": "R&B - SOUL", "latitude": 35.83052, "longitude": -85.9786}, {"playDate": "2018-09-30T13:06:00.000+0000", "artistId": 2884, "songId": 78166812, "state": "CO", "style": "R&B - SOUL", "latitude": 38.997932, "longitude": -105.55057}, {"playDate": "2018-09-30T13:06:30.000+0000", "artistId": 2884, "songId": 21898701, "state": "MN", "style": "R&B - SOUL", "latitude": 46.44186, "longitude": -93.36552}, {"playDate": "2018-09-30T13:09:11.000+0000", "artistId": 2884, "songId": 78166812, "state": "OK", "style": "R&B - SOUL", "latitude": 35.309765, "longitude": -98.71656}, {"playDate": "2018-09-30T13:11:11.000+0000", "artistId": 2884, "songId": 78128005, "state": "GA", "style": "R&B - SOUL", "latitude": 32.678123, "longitude": -83.22298}, {"playDate": "2018-09-30T13:12:17.000+0000", "artistId": 2884, "songId": 78166813, "state": "IN", "style": "R&B - SOUL", "latitude": 39.76622, "longitude": -86.44128}, {"playDate": "2018-09-30T13:12:54.000+0000", "artistId": 2884, "songId": 78166811, "state": "IL", "style": "R&B - SOUL", "latitude": 39.73932, "longitude": -89.50414}, {"playDate": "2018-09-30T13:19:27.000+0000", "artistId": 2884, "songId": 78166802, "state": "WA", "style": "R&B - SOUL", "latitude": 38.89935, "longitude": -77.014565}, {"playDate": "2018-09-30T13:36:57.000+0000", "artistId": 2884, "songId": 78166801, "state": "IL", "style": "R&B - SOUL", "latitude": 39.73932, "longitude": -89.50414}, {"playDate": "2018-09-30T13:37:11.000+0000", "artistId": 2884, "songId": 27193401, "state": "SC", "style": "R&B - SOUL", "latitude": 33.62505, "longitude": -80.94704}, {"playDate": "2018-09-30T13:38:03.000+0000", "artistId": 2884, "songId": 32499815, "state": "AR", "style": "R&B - SOUL", "latitude": 34.751926, "longitude": -92.13138}, {"playDate": "2018-09-30T13:39:02.000+0000", "artistId": 2884, "songId": 27193401, "state": "CA", "style": "R&B - SOUL", "latitude": 37.271873, "longitude": -119.27042}, {"playDate": "2018-09-30T13:41:11.000+0000", "artistId": 2884, "songId": 78166808, "state": "CA", "style": "R&B - SOUL", "latitude": 37.271873, "longitude": -119.27042}, {"playDate": "2018-09-30T13:45:51.000+0000", "artistId": 2884, "songId": 78166802, "state": "VA", "style": "R&B - SOUL", "latitude": 38.003384, "longitude": -79.458786}, {"playDate": "2018-09-30T13:46:30.000+0000", "artistId": 2884, "songId": 78166851, "state": "CO", "style": "R&B - SOUL", "latitude": 38.997932, "longitude": -105.55057}, {"playDate": "2018-09-30T13:49:00.000+0000", "artistId": 2884, "songId": 27193401, "state": "OH", "style": "R&B - SOUL", "latitude": 40.19036, "longitude": -82.66925}, {"playDate": "2018-09-30T13:51:52.000+0000", "artistId": 2884, "songId": 27193408, "state": "MN", "style": "R&B - SOUL", "latitude": 46.44186, "longitude": -93.36552}, {"playDate": "2018-09-30T13:59:13.000+0000", "artistId": 2884, "songId": 78166811, "state": "OK", "style": "R&B - SOUL", "latitude": 35.309765, "longitude": -98.71656}, {"playDate": "2018-09-30T14:06:15.000+0000", "artistId": 2884, "songId": 78166808, "state": "QC", "style": "R&B - SOUL", "latitude": 49.82258, "longitude": -64.34799}, {"playDate": "2018-09-30T14:09:42.000+0000", "artistId": 2884, "songId": 78166851, "state": "AR", "style": "R&B - SOUL", "latitude": 34.751926, "longitude": -92.13138}, {"playDate": "2018-09-30T14:11:27.000+0000", "artistId": 2884, "songId": 21898701, "state": "AR", "style": "R&B - SOUL", "latitude": 34.751926, "longitude": -92.13138}, {"playDate": "2018-09-30T14:13:03.000+0000", "artistId": 2884, "songId": 78166808, "state": "PA", "style": "R&B - SOUL", "latitude": 40.994595, "longitude": -77.6047}, {"playDate": "2018-09-30T14:14:43.000+0000", "artistId": 2884, "songId": 27159806, "state": "GA", "style": "R&B - SOUL", "latitude": 32.678123, "longitude": -83.22298}, {"playDate": "2018-09-30T14:14:44.000+0000", "artistId": 2884, "songId": 27193401, "state": "AL", "style": "R&B - SOUL", "latitude": 32.60101, "longitude": -86.68073}, {"playDate": "2018-09-30T14:18:37.000+0000", "artistId": 2884, "songId": 27159814, "state": "NC", "style": "R&B - SOUL", "latitude": 35.21456, "longitude": -79.891266}, {"playDate": "2018-09-30T14:18:53.000+0000", "artistId": 2884, "songId": 78166811, "state": "AR", "style": "R&B - SOUL", "latitude": 34.751926, "longitude": -92.13138}, {"playDate": "2018-09-30T14:19:29.000+0000", "artistId": 2884, "songId": 27159806, "state": "KY", "style": "R&B - SOUL", "latitude": 37.822292, "longitude": -85.76824}, {"playDate": "2018-09-30T14:26:18.000+0000", "artistId": 2884, "songId": 21898701, "state": "TN", "style": "R&B - SOUL", "latitude": 35.83052, "longitude": -85.9786}, {"playDate": "2018-09-30T14:30:32.000+0000", "artistId": 2884, "songId": 27152708, "state": "MD", "style": "R&B - SOUL", "latitude": 38.80635, "longitude": -77.26842}, {"playDate": "2018-09-30T14:30:53.000+0000", "artistId": 2884, "songId": 27114805, "state": "IL", "style": "R&B - SOUL", "latitude": 39.73932, "longitude": -89.50414}, {"playDate": "2018-09-30T14:31:33.000+0000", "artistId": 2884, "songId": 27159806, "state": "IL", "style": "R&B - SOUL", "latitude": 39.73932, "longitude": -89.50414}, {"playDate": "2018-09-30T14:37:30.000+0000", "artistId": 2884, "songId": 27159813, "state": "CA", "style": "R&B - SOUL", "latitude": 37.271873, "longitude": -119.27042}, {"playDate": "2018-09-30T14:38:57.000+0000", "artistId": 2884, "songId": 78166811, "state": "UT", "style": "R&B - SOUL", "latitude": 39.49976, "longitude": -111.54703}, {"playDate": "2018-09-30T14:39:05.000+0000", "artistId": 2884, "songId": 27193401, "state": "KS", "style": "R&B - SOUL", "latitude": 38.49878, "longitude": -98.320076}, {"playDate": "2018-09-30T14:57:21.000+0000", "artistId": 2884, "songId": 78166808, "state": "KS", "style": "R&B - SOUL", "latitude": 38.49878, "longitude": -98.320076}, {"playDate": "2018-09-30T14:59:35.000+0000", "artistId": 2884, "songId": 27193401, "state": "AR", "style": "R&B - SOUL", "latitude": 34.751926, "longitude": -92.13138}, {"playDate": "2018-09-30T15:01:50.000+0000", "artistId": 2884, "songId": 78166808, "state": "FL", "style": "R&B - SOUL", "latitude": 27.975727, "longitude": -83.833015}, {"playDate": "2018-09-30T15:02:04.000+0000", "artistId": 2884, "songId": 78166808, "state": "MO", "style": "R&B - SOUL", "latitude": 38.30466, "longitude": -92.437096}, {"playDate": "2018-09-30T15:10:10.000+0000", "artistId": 2884, "songId": 21828604, "state": "QC", "style": "R&B - SOUL", "latitude": 49.82258, "longitude": -64.34799}, {"playDate": "2018-09-30T15:17:19.000+0000", "artistId": 2884, "songId": 27152703, "state": "NY", "style": "R&B - SOUL", "latitude": 40.705627, "longitude": -73.97968}, {"playDate": "2018-09-30T15:23:15.000+0000", "artistId": 2884, "songId": 12732902, "state": "CA", "style": "R&B - SOUL", "latitude": 37.271873, "longitude": -119.27042}, {"playDate": "2018-09-30T15:26:08.000+0000", "artistId": 2884, "songId": 27193401, "state": "ON", "style": "R&B - SOUL", "latitude": 44.566647, "longitude": -80.84998}, {"playDate": "2018-09-30T15:27:13.000+0000", "artistId": 2884, "songId": 27152703, "state": "VA", "style": "R&B - SOUL", "latitude": 38.003384, "longitude": -79.458786}, {"playDate": "2018-09-30T15:30:47.000+0000", "artistId": 2884, "songId": 27193408, "state": "CO", "style": "R&B - SOUL", "latitude": 38.997932, "longitude": -105.55057}, {"playDate": "2018-09-30T15:30:57.000+0000", "artistId": 2884, "songId": 27193401, "state": "LA", "style": "R&B - SOUL", "latitude": 30.973377, "longitude": -91.42991}, {"playDate": "2018-09-30T15:42:45.000+0000", "artistId": 2884, "songId": 78166811, "state": "OR", "style": "R&B - SOUL", "latitude": 44.141907, "longitude": -120.5381}, {"playDate": "2018-09-30T15:44:51.000+0000", "artistId": 2884, "songId": 27159806, "state": "QC", "style": "R&B - SOUL", "latitude": 49.82258, "longitude": -64.34799}, {"playDate": "2018-09-30T15:45:04.000+0000", "artistId": 2884, "songId": 27193401, "state": "IN", "style": "R&B - SOUL", "latitude": 39.76622, "longitude": -86.44128}, {"playDate": "2018-09-30T15:52:48.000+0000", "artistId": 2884, "songId": 12732902, "state": "CO", "style": "R&B - SOUL", "latitude": 38.997932, "longitude": -105.55057}, {"playDate": "2018-09-30T15:52:48.000+0000", "artistId": 2884, "songId": 12732902, "state": "CO", "style": "R&B - SOUL", "latitude": 38.997932, "longitude": -105.55057}, {"playDate": "2018-09-30T15:54:04.000+0000", "artistId": 2884, "songId": 12732905, "state": "CA", "style": "R&B - SOUL", "latitude": 37.271873, "longitude": -119.27042}, {"playDate": "2018-09-30T16:00:50.000+0000", "artistId": 2884, "songId": 78166808, "state": "IN", "style": "R&B - SOUL", "latitude": 39.76622, "longitude": -86.44128}, {"playDate": "2018-09-30T16:10:44.000+0000", "artistId": 2884, "songId": 27152401, "state": "OR", "style": "R&B - SOUL", "latitude": 44.141907, "longitude": -120.5381}, {"playDate": "2018-09-30T16:14:37.000+0000", "artistId": 2884, "songId": 27152401, "state": "MN", "style": "R&B - SOUL", "latitude": 46.44186, "longitude": -93.36552}, {"playDate": "2018-09-30T16:15:02.000+0000", "artistId": 2884, "songId": 78166855, "state": "LA", "style": "R&B - SOUL", "latitude": 30.973377, "longitude": -91.42991}, {"playDate": "2018-09-30T16:15:30.000+0000", "artistId": 2884, "songId": 27152401, "state": "MA", "style": "R&B - SOUL", "latitude": 42.06294, "longitude": -71.71806}, {"playDate": "2018-09-30T16:18:04.000+0000", "artistId": 2884, "songId": 27193401, "state": "MS", "style": "R&B - SOUL", "latitude": 32.585106, "longitude": -89.87722}, {"playDate": "2018-09-30T16:18:27.000+0000", "artistId": 2884, "songId": 27193408, "state": "AZ", "style": "R&B - SOUL", "latitude": 34.168217, "longitude": -111.93091}, {"playDate": "2018-09-30T16:22:36.000+0000", "artistId": 2884, "songId": 21828604, "state": "FL", "style": "R&B - SOUL", "latitude": 27.975727, "longitude": -83.833015}, {"playDate": "2018-09-30T16:32:57.000+0000", "artistId": 2884, "songId": 27193408, "state": "CA", "style": "R&B - SOUL", "latitude": 37.271873, "longitude": -119.27042}, {"playDate": "2018-09-30T16:35:44.000+0000", "artistId": 2884, "songId": 78166811, "state": "NV", "style": "R&B - SOUL", "latitude": 38.502033, "longitude": -117.02306}, {"playDate": "2018-09-30T16:36:38.000+0000", "artistId": 2884, "songId": 97983812, "state": "ON", "style": "R&B - SOUL", "latitude": 44.566647, "longitude": -80.84998}, {"playDate": "2018-09-30T16:36:42.000+0000", "artistId": 2884, "songId": 27159803, "state": "AZ", "style": "R&B - SOUL", "latitude": 34.168217, "longitude": -111.93091}, {"playDate": "2018-09-30T16:39:31.000+0000", "artistId": 2884, "songId": 21898704, "state": "ID", "style": "R&B - SOUL", "latitude": 45.494576, "longitude": -114.14243}, {"playDate": "2018-09-30T16:39:42.000+0000", "artistId": 2884, "songId": 78166811, "state": "GA", "style": "R&B - SOUL", "latitude": 32.678123, "longitude": -83.22298}, {"playDate": "2018-09-30T16:45:26.000+0000", "artistId": 2884, "songId": 27159804, "state": "PA", "style": "R&B - SOUL", "latitude": 40.994595, "longitude": -77.6047}, {"playDate": "2018-09-30T16:46:15.000+0000", "artistId": 2884, "songId": 78128005, "state": "MA", "style": "R&B - SOUL", "latitude": 42.06294, "longitude": -71.71806}, {"playDate": "2018-09-30T16:46:25.000+0000", "artistId": 2884, "songId": 21828601, "state": "PA", "style": "R&B - SOUL", "latitude": 40.994595, "longitude": -77.6047}, {"playDate": "2018-09-30T16:50:56.000+0000", "artistId": 2884, "songId": 78166802, "state": "CA", "style": "R&B - SOUL", "latitude": 37.271873, "longitude": -119.27042}, {"playDate": "2018-09-30T16:53:18.000+0000", "artistId": 2884, "songId": 78166812, "state": "CA", "style": "R&B - SOUL", "latitude": 37.271873, "longitude": -119.27042}, {"playDate": "2018-09-30T16:53:57.000+0000", "artistId": 2884, "songId": 78166804, "state": "PA", "style": "R&B - SOUL", "latitude": 40.994595, "longitude": -77.6047}, {"playDate": "2018-09-30T16:55:35.000+0000", "artistId": 2884, "songId": 65017402, "state": "IL", "style": "R&B - SOUL", "latitude": 39.73932, "longitude": -89.50414}, {"playDate": "2018-09-30T17:00:00.000+0000", "artistId": 2884, "songId": 78166808, "state": "IN", "style": "R&B - SOUL", "latitude": 39.76622, "longitude": -86.44128}, {"playDate": "2018-09-30T17:01:02.000+0000", "artistId": 2884, "songId": 21898701, "state": "CA", "style": "R&B - SOUL", "latitude": 37.271873, "longitude": -119.27042}, {"playDate": "2018-09-30T17:08:59.000+0000", "artistId": 2884, "songId": 78128005, "state": "CT", "style": "R&B - SOUL", "latitude": 41.518784, "longitude": -72.75751}, {"playDate": "2018-09-30T17:12:32.000+0000", "artistId": 2884, "songId": 68816803, "state": "MA", "style": "ELECTRO - DANCE", "latitude": 42.06294, "longitude": -71.71806}, {"playDate": "2018-09-30T17:16:13.000+0000", "artistId": 2884, "songId": 27193401, "state": "IN", "style": "R&B - SOUL", "latitude": 39.76622, "longitude": -86.44128}, {"playDate": "2018-09-30T17:22:22.000+0000", "artistId": 2884, "songId": 27152401, "state": "CA", "style": "R&B - SOUL", "latitude": 37.271873, "longitude": -119.27042}, {"playDate": "2018-09-30T17:28:56.000+0000", "artistId": 2884, "songId": 32499804, "state": "IN", "style": "ELECTRO - DANCE", "latitude": 39.76622, "longitude": -86.44128}, {"playDate": "2018-09-30T17:31:53.000+0000", "artistId": 2884, "songId": 27193401, "state": "PA", "style": "R&B - SOUL", "latitude": 40.994595, "longitude": -77.6047}, {"playDate": "2018-09-30T17:37:26.000+0000", "artistId": 2884, "songId": 21898704, "state": "GA", "style": "R&B - SOUL", "latitude": 32.678123, "longitude": -83.22298}, {"playDate": "2018-09-30T17:37:30.000+0000", "artistId": 2884, "songId": 27193401, "state": "OH", "style": "R&B - SOUL", "latitude": 40.19036, "longitude": -82.66925}, {"playDate": "2018-09-30T17:38:27.000+0000", "artistId": 2884, "songId": 78166812, "state": "IL", "style": "R&B - SOUL", "latitude": 39.73932, "longitude": -89.50414}, {"playDate": "2018-09-30T17:38:43.000+0000", "artistId": 2884, "songId": 78166802, "state": "PA", "style": "R&B - SOUL", "latitude": 40.994595, "longitude": -77.6047}, {"playDate": "2018-09-30T17:38:53.000+0000", "artistId": 2884, "songId": 27114802, "state": "MD", "style": "R&B - SOUL", "latitude": 38.80635, "longitude": -77.26842}, {"playDate": "2018-09-30T17:40:49.000+0000", "artistId": 2884, "songId": 78166812, "state": "UT", "style": "R&B - SOUL", "latitude": 39.49976, "longitude": -111.54703}, {"playDate": "2018-09-30T17:42:20.000+0000", "artistId": 2884, "songId": 27159802, "state": "MA", "style": "R&B - SOUL", "latitude": 42.06294, "longitude": -71.71806}, {"playDate": "2018-09-30T17:43:48.000+0000", "artistId": 2884, "songId": 78166812, "state": "KY", "style": "R&B - SOUL", "latitude": 37.822292, "longitude": -85.76824}, {"playDate": "2018-09-30T17:48:03.000+0000", "artistId": 2884, "songId": 27193406, "state": "NJ", "style": "R&B - SOUL", "latitude": 40.143005, "longitude": -74.73112}, {"playDate": "2018-09-30T17:48:05.000+0000", "artistId": 2884, "songId": 68816807, "state": "IL", "style": "ELECTRO - DANCE", "latitude": 39.73932, "longitude": -89.50414}, {"playDate": "2018-09-30T17:50:26.000+0000", "artistId": 2884, "songId": 78166801, "state": "OH", "style": "R&B - SOUL", "latitude": 40.19036, "longitude": -82.66925}, {"playDate": "2018-09-30T17:51:22.000+0000", "artistId": 2884, "songId": 78166808, "state": "AR", "style": "R&B - SOUL", "latitude": 34.751926, "longitude": -92.13138}, {"playDate": "2018-09-30T17:51:54.000+0000", "artistId": 2884, "songId": 27152702, "state": "ID", "style": "R&B - SOUL", "latitude": 45.494576, "longitude": -114.14243}, {"playDate": "2018-09-30T17:54:16.000+0000", "artistId": 2884, "songId": 78166808, "state": "TX", "style": "R&B - SOUL", "latitude": 31.169336, "longitude": -100.07684}, {"playDate": "2018-09-30T17:54:58.000+0000", "artistId": 2884, "songId": 12732902, "state": "IN", "style": "R&B - SOUL", "latitude": 39.76622, "longitude": -86.44128}, {"playDate": "2018-09-30T17:56:07.000+0000", "artistId": 2884, "songId": 78166808, "state": "PA", "style": "R&B - SOUL", "latitude": 40.994595, "longitude": -77.6047}, {"playDate": "2018-09-30T17:58:26.000+0000", "artistId": 2884, "songId": 27159802, "state": "OK", "style": "R&B - SOUL", "latitude": 35.309765, "longitude": -98.71656}, {"playDate": "2018-09-30T18:02:53.000+0000", "artistId": 2884, "songId": 21901304, "state": "VA", "style": "R&B - SOUL", "latitude": 38.003384, "longitude": -79.458786}, {"playDate": "2018-09-30T18:05:23.000+0000", "artistId": 2884, "songId": 32499806, "state": "PA", "style": "R&B - SOUL", "latitude": 40.994595, "longitude": -77.6047}, {"playDate": "2018-09-30T18:07:36.000+0000", "artistId": 2884, "songId": 78166853, "state": "MD", "style": "R&B - SOUL", "latitude": 38.80635, "longitude": -77.26842}, {"playDate": "2018-09-30T18:09:30.000+0000", "artistId": 2884, "songId": 78166856, "state": "NJ", "style": "R&B - SOUL", "latitude": 40.143005, "longitude": -74.73112}, {"playDate": "2018-09-30T18:13:41.000+0000", "artistId": 2884, "songId": 78166808, "state": "ID", "style": "R&B - SOUL", "latitude": 45.494576, "longitude": -114.14243}, {"playDate": "2018-09-30T18:18:22.000+0000", "artistId": 2884, "songId": 27193401, "state": "MD", "style": "R&B - SOUL", "latitude": 38.80635, "longitude": -77.26842}, {"playDate": "2018-09-30T18:23:37.000+0000", "artistId": 2884, "songId": 21898704, "state": "FL", "style": "R&B - SOUL", "latitude": 27.975727, "longitude": -83.833015}, {"playDate": "2018-09-30T18:24:10.000+0000", "artistId": 2884, "songId": 68816807, "state": "WI", "style": "ELECTRO - DANCE", "latitude": 44.786297, "longitude": -89.826706}, {"playDate": "2018-09-30T18:26:38.000+0000", "artistId": 2884, "songId": 21901301, "state": "OH", "style": "R&B - SOUL", "latitude": 40.19036, "longitude": -82.66925}, {"playDate": "2018-09-30T18:26:47.000+0000", "artistId": 2884, "songId": 78166801, "state": "TX", "style": "R&B - SOUL", "latitude": 31.169336, "longitude": -100.07684}, {"playDate": "2018-09-30T18:34:37.000+0000", "artistId": 2884, "songId": 27159806, "state": "TX", "style": "R&B - SOUL", "latitude": 31.169336, "longitude": -100.07684}, {"playDate": "2018-09-30T18:34:57.000+0000", "artistId": 2884, "songId": 27152401, "state": "VA", "style": "R&B - SOUL", "latitude": 38.003384, "longitude": -79.458786}, {"playDate": "2018-09-30T18:37:37.000+0000", "artistId": 2884, "songId": 78166808, "state": "KY", "style": "R&B - SOUL", "latitude": 37.822292, "longitude": -85.76824}, {"playDate": "2018-09-30T18:38:26.000+0000", "artistId": 2884, "songId": 27159806, "state": "MI", "style": "R&B - SOUL", "latitude": 44.94356, "longitude": -86.4158}, {"playDate": "2018-09-30T18:43:04.000+0000", "artistId": 2884, "songId": 78166804, "state": "PA", "style": "R&B - SOUL", "latitude": 40.994595, "longitude": -77.6047}, {"playDate": "2018-09-30T18:44:45.000+0000", "artistId": 2884, "songId": 27193408, "state": "CA", "style": "R&B - SOUL", "latitude": 37.271873, "longitude": -119.27042}, {"playDate": "2018-09-30T18:47:42.000+0000", "artistId": 2884, "songId": 27193401, "state": "PA", "style": "R&B - SOUL", "latitude": 40.994595, "longitude": -77.6047}, {"playDate": "2018-09-30T18:51:00.000+0000", "artistId": 2884, "songId": 90703801, "state": "MI", "style": "R&B - SOUL", "latitude": 44.94356, "longitude": -86.4158}, {"playDate": "2018-09-30T18:51:24.000+0000", "artistId": 2884, "songId": 27159806, "state": "WA", "style": "R&B - SOUL", "latitude": 38.89935, "longitude": -77.014565}, {"playDate": "2018-09-30T18:54:15.000+0000", "artistId": 2884, "songId": 21898701, "state": "NY", "style": "R&B - SOUL", "latitude": 40.705627, "longitude": -73.97968}, {"playDate": "2018-09-30T18:54:59.000+0000", "artistId": 2884, "songId": 78166808, "state": "MI", "style": "R&B - SOUL", "latitude": 44.94356, "longitude": -86.4158}, {"playDate": "2018-09-30T18:59:41.000+0000", "artistId": 2884, "songId": 27152703, "state": "CA", "style": "R&B - SOUL", "latitude": 37.271873, "longitude": -119.27042}, {"playDate": "2018-09-30T19:00:09.000+0000", "artistId": 2884, "songId": 21898704, "state": "TX", "style": "R&B - SOUL", "latitude": 31.169336, "longitude": -100.07684}, {"playDate": "2018-09-30T19:00:37.000+0000", "artistId": 2884, "songId": 46620104, "state": "GA", "style": "R&B - SOUL", "latitude": 32.678123, "longitude": -83.22298}, {"playDate": "2018-09-30T19:02:20.000+0000", "artistId": 2884, "songId": 27159806, "state": "IL", "style": "R&B - SOUL", "latitude": 39.73932, "longitude": -89.50414}, {"playDate": "2018-09-30T19:02:37.000+0000", "artistId": 2884, "songId": 78166808, "state": "MA", "style": "R&B - SOUL", "latitude": 42.06294, "longitude": -71.71806}, {"playDate": "2018-09-30T19:02:55.000+0000", "artistId": 2884, "songId": 78166862, "state": "TX", "style": "R&B - SOUL", "latitude": 31.169336, "longitude": -100.07684}, {"playDate": "2018-09-30T19:05:12.000+0000", "artistId": 2884, "songId": 78166855, "state": "CA", "style": "R&B - SOUL", "latitude": 37.271873, "longitude": -119.27042}, {"playDate": "2018-09-30T19:07:42.000+0000", "artistId": 2884, "songId": 78166808, "state": "IN", "style": "R&B - SOUL", "latitude": 39.76622, "longitude": -86.44128}, {"playDate": "2018-09-30T19:07:56.000+0000", "artistId": 2884, "songId": 27152401, "state": "MA", "style": "R&B - SOUL", "latitude": 42.06294, "longitude": -71.71806}, {"playDate": "2018-09-30T19:11:49.000+0000", "artistId": 2884, "songId": 27159804, "state": "IL", "style": "R&B - SOUL", "latitude": 39.73932, "longitude": -89.50414}, {"playDate": "2018-09-30T19:12:24.000+0000", "artistId": 2884, "songId": 27159812, "state": "PA", "style": "R&B - SOUL", "latitude": 40.994595, "longitude": -77.6047}, {"playDate": "2018-09-30T19:13:32.000+0000", "artistId": 2884, "songId": 78128005, "state": "NC", "style": "R&B - SOUL", "latitude": 35.21456, "longitude": -79.891266}, {"playDate": "2018-09-30T19:14:27.000+0000", "artistId": 2884, "songId": 78166808, "state": "TN", "style": "R&B - SOUL", "latitude": 35.83052, "longitude": -85.9786}, {"playDate": "2018-09-30T19:18:27.000+0000", "artistId": 2884, "songId": 78166808, "state": "WV", "style": "R&B - SOUL", "latitude": 38.92017, "longitude": -80.181694}, {"playDate": "2018-09-30T19:20:06.000+0000", "artistId": 2884, "songId": 27159808, "state": "PA", "style": "R&B - SOUL", "latitude": 40.994595, "longitude": -77.6047}, {"playDate": "2018-09-30T19:20:17.000+0000", "artistId": 2884, "songId": 12732905, "state": "CA", "style": "R&B - SOUL", "latitude": 37.271873, "longitude": -119.27042}, {"playDate": "2018-09-30T19:20:55.000+0000", "artistId": 2884, "songId": 78128005, "state": "PA", "style": "R&B - SOUL", "latitude": 40.994595, "longitude": -77.6047}, {"playDate": "2018-09-30T19:21:03.000+0000", "artistId": 2884, "songId": 27152401, "state": "CO", "style": "R&B - SOUL", "latitude": 38.997932, "longitude": -105.55057}, {"playDate": "2018-09-30T19:34:25.000+0000", "artistId": 2884, "songId": 27193408, "state": "CA", "style": "R&B - SOUL", "latitude": 37.271873, "longitude": -119.27042}, {"playDate": "2018-09-30T19:35:04.000+0000", "artistId": 2884, "songId": 27114801, "state": "LA", "style": "R&B - SOUL", "latitude": 30.973377, "longitude": -91.42991}, {"playDate": "2018-09-30T19:35:40.000+0000", "artistId": 2884, "songId": 78166808, "state": "MI", "style": "R&B - SOUL", "latitude": 44.94356, "longitude": -86.4158}, {"playDate": "2018-09-30T19:40:13.000+0000", "artistId": 2884, "songId": 27193401, "state": "LA", "style": "R&B - SOUL", "latitude": 30.973377, "longitude": -91.42991}, {"playDate": "2018-09-30T19:40:53.000+0000", "artistId": 2884, "songId": 21898704, "state": "MB", "style": "R&B - SOUL", "latitude": 50.150024, "longitude": -96.88332}, {"playDate": "2018-09-30T19:41:24.000+0000", "artistId": 2884, "songId": 97983807, "state": "VA", "style": "R&B - SOUL", "latitude": 38.003384, "longitude": -79.458786}, {"playDate": "2018-09-30T19:42:39.000+0000", "artistId": 2884, "songId": 78166811, "state": "IL", "style": "R&B - SOUL", "latitude": 39.73932, "longitude": -89.50414}, {"playDate": "2018-09-30T19:43:39.000+0000", "artistId": 2884, "songId": 78166812, "state": "OH", "style": "R&B - SOUL", "latitude": 40.19036, "longitude": -82.66925}, {"playDate": "2018-09-30T19:44:16.000+0000", "artistId": 2884, "songId": 27193401, "state": "NV", "style": "R&B - SOUL", "latitude": 38.502033, "longitude": -117.02306}, {"playDate": "2018-09-30T19:45:40.000+0000", "artistId": 2884, "songId": 27159806, "state": "CA", "style": "R&B - SOUL", "latitude": 37.271873, "longitude": -119.27042}, {"playDate": "2018-09-30T19:48:30.000+0000", "artistId": 2884, "songId": 78166808, "state": "QC", "style": "R&B - SOUL", "latitude": 49.82258, "longitude": -64.34799}, {"playDate": "2018-09-30T19:48:38.000+0000", "artistId": 2884, "songId": 21898701, "state": "IL", "style": "R&B - SOUL", "latitude": 39.73932, "longitude": -89.50414}, {"playDate": "2018-09-30T19:53:00.000+0000", "artistId": 2884, "songId": 86619904, "state": "OH", "style": "R&B - SOUL", "latitude": 40.19036, "longitude": -82.66925}, {"playDate": "2018-09-30T19:55:54.000+0000", "artistId": 2884, "songId": 78166801, "state": "MB", "style": "R&B - SOUL", "latitude": 50.150024, "longitude": -96.88332}, {"playDate": "2018-09-30T19:55:55.000+0000", "artistId": 2884, "songId": 78166808, "state": "WI", "style": "R&B - SOUL", "latitude": 44.786297, "longitude": -89.826706}, {"playDate": "2018-09-30T19:59:13.000+0000", "artistId": 2884, "songId": 78166812, "state": "PA", "style": "R&B - SOUL", "latitude": 40.994595, "longitude": -77.6047}, {"playDate": "2018-09-30T20:04:16.000+0000", "artistId": 2884, "songId": 21898701, "state": "NY", "style": "R&B - SOUL", "latitude": 40.705627, "longitude": -73.97968}, {"playDate": "2018-09-30T20:05:18.000+0000", "artistId": 2884, "songId": 78166808, "state": "CA", "style": "R&B - SOUL", "latitude": 37.271873, "longitude": -119.27042}, {"playDate": "2018-09-30T20:07:03.000+0000", "artistId": 2884, "songId": 27193401, "state": "TX", "style": "R&B - SOUL", "latitude": 31.169336, "longitude": -100.07684}, {"playDate": "2018-09-30T20:10:01.000+0000", "artistId": 2884, "songId": 78166808, "state": "FL", "style": "R&B - SOUL", "latitude": 27.975727, "longitude": -83.833015}, {"playDate": "2018-09-30T20:14:31.000+0000", "artistId": 2884, "songId": 12732902, "state": "WI", "style": "R&B - SOUL", "latitude": 44.786297, "longitude": -89.826706}, {"playDate": "2018-09-30T20:16:44.000+0000", "artistId": 2884, "songId": 78166801, "state": "NJ", "style": "R&B - SOUL", "latitude": 40.143005, "longitude": -74.73112}, {"playDate": "2018-09-30T20:17:31.000+0000", "artistId": 2884, "songId": 27193401, "state": "KS", "style": "R&B - SOUL", "latitude": 38.49878, "longitude": -98.320076}, {"playDate": "2018-09-30T20:23:05.000+0000", "artistId": 2884, "songId": 78166812, "state": "CA", "style": "R&B - SOUL", "latitude": 37.271873, "longitude": -119.27042}, {"playDate": "2018-09-30T20:23:56.000+0000", "artistId": 2884, "songId": 27193408, "state": "MN", "style": "R&B - SOUL", "latitude": 46.44186, "longitude": -93.36552}, {"playDate": "2018-09-30T20:24:59.000+0000", "artistId": 2884, "songId": 27159805, "state": "MT", "style": "R&B - SOUL", "latitude": 46.6798, "longitude": -110.044785}, {"playDate": "2018-09-30T20:26:14.000+0000", "artistId": 2884, "songId": 27193401, "state": "WI", "style": "R&B - SOUL", "latitude": 44.786297, "longitude": -89.826706}, {"playDate": "2018-09-30T20:27:37.000+0000", "artistId": 2884, "songId": 78166808, "state": "KY", "style": "R&B - SOUL", "latitude": 37.822292, "longitude": -85.76824}, {"playDate": "2018-09-30T20:30:13.000+0000", "artistId": 2884, "songId": 12732905, "state": "UT", "style": "R&B - SOUL", "latitude": 39.49976, "longitude": -111.54703}, {"playDate": "2018-09-30T20:34:23.000+0000", "artistId": 2884, "songId": 21898701, "state": "PA", "style": "R&B - SOUL", "latitude": 40.994595, "longitude": -77.6047}, {"playDate": "2018-09-30T20:38:07.000+0000", "artistId": 2884, "songId": 78166811, "state": "WV", "style": "R&B - SOUL", "latitude": 38.92017, "longitude": -80.181694}, {"playDate": "2018-09-30T20:49:49.000+0000", "artistId": 2884, "songId": 27159804, "state": "WA", "style": "R&B - SOUL", "latitude": 38.89935, "longitude": -77.014565}, {"playDate": "2018-09-30T20:50:14.000+0000", "artistId": 2884, "songId": 78166808, "state": "LA", "style": "R&B - SOUL", "latitude": 30.973377, "longitude": -91.42991}, {"playDate": "2018-09-30T20:52:02.000+0000", "artistId": 2884, "songId": 78668203, "state": "SC", "style": "R&B - SOUL", "latitude": 33.62505, "longitude": -80.94704}, {"playDate": "2018-09-30T20:52:20.000+0000", "artistId": 2884, "songId": 27193401, "state": "IL", "style": "R&B - SOUL", "latitude": 39.73932, "longitude": -89.50414}, {"playDate": "2018-09-30T20:54:05.000+0000", "artistId": 2884, "songId": 78166811, "state": "FL", "style": "R&B - SOUL", "latitude": 27.975727, "longitude": -83.833015}, {"playDate": "2018-09-30T21:02:30.000+0000", "artistId": 2884, "songId": 78166808, "state": "KY", "style": "R&B - SOUL", "latitude": 37.822292, "longitude": -85.76824}, {"playDate": "2018-09-30T21:06:39.000+0000", "artistId": 2884, "songId": 78166808, "state": "VA", "style": "R&B - SOUL", "latitude": 38.003384, "longitude": -79.458786}, {"playDate": "2018-09-30T21:12:33.000+0000", "artistId": 2884, "songId": 49084115, "state": "DC", "style": "ELECTRO - DANCE", "latitude": 38.89935, "longitude": -77.014565}, {"playDate": "2018-09-30T21:14:03.000+0000", "artistId": 2884, "songId": 27159801, "state": "OH", "style": "R&B - SOUL", "latitude": 40.19036, "longitude": -82.66925}, {"playDate": "2018-09-30T21:16:22.000+0000", "artistId": 2884, "songId": 12732902, "state": "FL", "style": "R&B - SOUL", "latitude": 27.975727, "longitude": -83.833015}, {"playDate": "2018-09-30T21:18:20.000+0000", "artistId": 2884, "songId": 78166808, "state": "GA", "style": "R&B - SOUL", "latitude": 32.678123, "longitude": -83.22298}, {"playDate": "2018-09-30T21:21:29.000+0000", "artistId": 2884, "songId": 78166808, "state": "GA", "style": "R&B - SOUL", "latitude": 32.678123, "longitude": -83.22298}, {"playDate": "2018-09-30T21:25:02.000+0000", "artistId": 2884, "songId": 78166808, "state": "WV", "style": "R&B - SOUL", "latitude": 38.92017, "longitude": -80.181694}, {"playDate": "2018-09-30T21:29:33.000+0000", "artistId": 2884, "songId": 12732902, "state": "NC", "style": "R&B - SOUL", "latitude": 35.21456, "longitude": -79.891266}, {"playDate": "2018-09-30T21:31:54.000+0000", "artistId": 2884, "songId": 78166808, "state": "MT", "style": "R&B - SOUL", "latitude": 46.6798, "longitude": -110.044785}, {"playDate": "2018-09-30T21:36:28.000+0000", "artistId": 2884, "songId": 27193401, "state": "LA", "style": "R&B - SOUL", "latitude": 30.973377, "longitude": -91.42991}, {"playDate": "2018-09-30T21:41:51.000+0000", "artistId": 2884, "songId": 27159804, "state": "IL", "style": "R&B - SOUL", "latitude": 39.73932, "longitude": -89.50414}, {"playDate": "2018-09-30T21:43:45.000+0000", "artistId": 2884, "songId": 78166808, "state": "AZ", "style": "R&B - SOUL", "latitude": 34.168217, "longitude": -111.93091}, {"playDate": "2018-09-30T21:45:39.000+0000", "artistId": 2884, "songId": 27193408, "state": "SC", "style": "R&B - SOUL", "latitude": 33.62505, "longitude": -80.94704}, {"playDate": "2018-09-30T21:47:25.000+0000", "artistId": 2884, "songId": 78166812, "state": "MD", "style": "R&B - SOUL", "latitude": 38.80635, "longitude": -77.26842}, {"playDate": "2018-09-30T21:47:37.000+0000", "artistId": 2884, "songId": 27159806, "state": "OH", "style": "R&B - SOUL", "latitude": 40.19036, "longitude": -82.66925}, {"playDate": "2018-09-30T21:48:09.000+0000", "artistId": 2884, "songId": 27193401, "state": "ME", "style": "R&B - SOUL", "latitude": 45.218513, "longitude": -69.01486}, {"playDate": "2018-09-30T21:48:53.000+0000", "artistId": 2884, "songId": 78166808, "state": "MO", "style": "R&B - SOUL", "latitude": 38.30466, "longitude": -92.437096}, {"playDate": "2018-09-30T21:48:53.000+0000", "artistId": 2884, "songId": 78166808, "state": "MO", "style": "R&B - SOUL", "latitude": 38.30466, "longitude": -92.437096}, {"playDate": "2018-09-30T21:57:55.000+0000", "artistId": 2884, "songId": 27159813, "state": "MN", "style": "R&B - SOUL", "latitude": 46.44186, "longitude": -93.36552}, {"playDate": "2018-09-30T22:00:19.000+0000", "artistId": 2884, "songId": 78166802, "state": "IL", "style": "R&B - SOUL", "latitude": 39.73932, "longitude": -89.50414}, {"playDate": "2018-09-30T22:04:07.000+0000", "artistId": 2884, "songId": 27193401, "state": "MA", "style": "R&B - SOUL", "latitude": 42.06294, "longitude": -71.71806}, {"playDate": "2018-09-30T22:04:41.000+0000", "artistId": 2884, "songId": 27193401, "state": "QC", "style": "R&B - SOUL", "latitude": 49.82258, "longitude": -64.34799}, {"playDate": "2018-09-30T22:09:52.000+0000", "artistId": 2884, "songId": 27193414, "state": "NJ", "style": "R&B - SOUL", "latitude": 40.143005, "longitude": -74.73112}, {"playDate": "2018-09-30T22:15:00.000+0000", "artistId": 2884, "songId": 78166811, "state": "MT", "style": "R&B - SOUL", "latitude": 46.6798, "longitude": -110.044785}, {"playDate": "2018-09-30T22:17:31.000+0000", "artistId": 2884, "songId": 27193401, "state": "GA", "style": "R&B - SOUL", "latitude": 32.678123, "longitude": -83.22298}, {"playDate": "2018-09-30T22:21:32.000+0000", "artistId": 2884, "songId": 78166807, "state": "AL", "style": "R&B - SOUL", "latitude": 32.60101, "longitude": -86.68073}, {"playDate": "2018-09-30T22:25:46.000+0000", "artistId": 2884, "songId": 27193401, "state": "MA", "style": "R&B - SOUL", "latitude": 42.06294, "longitude": -71.71806}, {"playDate": "2018-09-30T22:26:59.000+0000", "artistId": 2884, "songId": 78166808, "state": "MN", "style": "R&B - SOUL", "latitude": 46.44186, "longitude": -93.36552}, {"playDate": "2018-09-30T22:31:21.000+0000", "artistId": 2884, "songId": 78166801, "state": "MO", "style": "R&B - SOUL", "latitude": 38.30466, "longitude": -92.437096}, {"playDate": "2018-09-30T22:32:58.000+0000", "artistId": 2884, "songId": 78166808, "state": "IL", "style": "R&B - SOUL", "latitude": 39.73932, "longitude": -89.50414}, {"playDate": "2018-09-30T22:35:55.000+0000", "artistId": 2884, "songId": 78166853, "state": "TX", "style": "R&B - SOUL", "latitude": 31.169336, "longitude": -100.07684}, {"playDate": "2018-09-30T22:37:20.000+0000", "artistId": 2884, "songId": 27193401, "state": "PA", "style": "R&B - SOUL", "latitude": 40.994595, "longitude": -77.6047}, {"playDate": "2018-09-30T22:43:01.000+0000", "artistId": 2884, "songId": 27159813, "state": "NY", "style": "R&B - SOUL", "latitude": 40.705627, "longitude": -73.97968}, {"playDate": "2018-09-30T22:43:38.000+0000", "artistId": 2884, "songId": 78128005, "state": "IL", "style": "R&B - SOUL", "latitude": 39.73932, "longitude": -89.50414}, {"playDate": "2018-09-30T22:45:06.000+0000", "artistId": 2884, "songId": 78166802, "state": "MO", "style": "R&B - SOUL", "latitude": 38.30466, "longitude": -92.437096}, {"playDate": "2018-09-30T22:49:07.000+0000", "artistId": 2884, "songId": 27159806, "state": "OR", "style": "R&B - SOUL", "latitude": 44.141907, "longitude": -120.5381}, {"playDate": "2018-09-30T22:50:06.000+0000", "artistId": 2884, "songId": 78166808, "state": "MI", "style": "R&B - SOUL", "latitude": 44.94356, "longitude": -86.4158}, {"playDate": "2018-09-30T22:52:59.000+0000", "artistId": 2884, "songId": 27152401, "state": "AZ", "style": "R&B - SOUL", "latitude": 34.168217, "longitude": -111.93091}, {"playDate": "2018-09-30T22:55:20.000+0000", "artistId": 2884, "songId": 78128008, "state": "CA", "style": "ELECTRO - DANCE", "latitude": 37.271873, "longitude": -119.27042}, {"playDate": "2018-09-30T22:55:44.000+0000", "artistId": 2884, "songId": 78166862, "state": "OR", "style": "R&B - SOUL", "latitude": 44.141907, "longitude": -120.5381}, {"playDate": "2018-09-30T22:55:58.000+0000", "artistId": 2884, "songId": 90703803, "state": "NB", "style": "R&B - SOUL", "latitude": 45.26704, "longitude": -66.076675}, {"playDate": "2018-09-30T23:00:00.000+0000", "artistId": 2884, "songId": 78166807, "state": "NJ", "style": "R&B - SOUL", "latitude": 40.143005, "longitude": -74.73112}, {"playDate": "2018-09-30T23:01:14.000+0000", "artistId": 2884, "songId": 27152401, "state": "WA", "style": "R&B - SOUL", "latitude": 38.89935, "longitude": -77.014565}, {"playDate": "2018-09-30T23:07:23.000+0000", "artistId": 2884, "songId": 78166808, "state": "WA", "style": "R&B - SOUL", "latitude": 38.89935, "longitude": -77.014565}, {"playDate": "2018-09-30T23:10:13.000+0000", "artistId": 2884, "songId": 78166811, "state": "GA", "style": "R&B - SOUL", "latitude": 32.678123, "longitude": -83.22298}, {"playDate": "2018-09-30T23:11:50.000+0000", "artistId": 2884, "songId": 27193410, "state": "ON", "style": "R&B - SOUL", "latitude": 44.566647, "longitude": -80.84998}, {"playDate": "2018-09-30T23:11:54.000+0000", "artistId": 2884, "songId": 78166808, "state": "QC", "style": "R&B - SOUL", "latitude": 49.82258, "longitude": -64.34799}, {"playDate": "2018-09-30T23:13:23.000+0000", "artistId": 2884, "songId": 78128004, "state": "QC", "style": "ELECTRO - DANCE", "latitude": 49.82258, "longitude": -64.34799}, {"playDate": "2018-09-30T23:20:23.000+0000", "artistId": 2884, "songId": 27159802, "state": "MA", "style": "R&B - SOUL", "latitude": 42.06294, "longitude": -71.71806}, {"playDate": "2018-09-30T23:20:36.000+0000", "artistId": 2884, "songId": 27159812, "state": "IA", "style": "R&B - SOUL", "latitude": 41.938316, "longitude": -93.3898}, {"playDate": "2018-09-30T23:24:50.000+0000", "artistId": 2884, "songId": 27193401, "state": "CA", "style": "R&B - SOUL", "latitude": 37.271873, "longitude": -119.27042}, {"playDate": "2018-09-30T23:30:15.000+0000", "artistId": 2884, "songId": 12732902, "state": "IL", "style": "R&B - SOUL", "latitude": 39.73932, "longitude": -89.50414}, {"playDate": "2018-09-30T23:31:37.000+0000", "artistId": 2884, "songId": 78166812, "state": "CA", "style": "R&B - SOUL", "latitude": 37.271873, "longitude": -119.27042}, {"playDate": "2018-09-30T23:32:47.000+0000", "artistId": 2884, "songId": 68816807, "state": "NJ", "style": "ELECTRO - DANCE", "latitude": 40.143005, "longitude": -74.73112}, {"playDate": "2018-09-30T23:40:24.000+0000", "artistId": 2884, "songId": 27193401, "state": "CA", "style": "R&B - SOUL", "latitude": 37.271873, "longitude": -119.27042}, {"playDate": "2018-09-30T23:50:10.000+0000", "artistId": 2884, "songId": 27152401, "state": "TN", "style": "R&B - SOUL", "latitude": 35.83052, "longitude": -85.9786}, {"playDate": "2018-09-30T23:57:27.000+0000", "artistId": 2884, "songId": 21855602, "state": "CA", "style": "R&B - SOUL", "latitude": 37.271873, "longitude": -119.27042}], "totalRecordsCount": 407}