{"plays": [{"playDate": "2018-11-23T00:26:55.000+0000", "artistId": 2884, "songId": 27193401, "state": "FL", "style": "R&B - SOUL", "latitude": 27.975727, "longitude": -83.833015}, {"playDate": "2018-11-23T00:27:23.000+0000", "artistId": 2884, "songId": 78166801, "state": "SC", "style": "R&B - SOUL", "latitude": 33.62505, "longitude": -80.94704}, {"playDate": "2018-11-23T00:38:42.000+0000", "artistId": 2884, "songId": 78166812, "state": "CA", "style": "R&B - SOUL", "latitude": 37.271873, "longitude": -119.27042}, {"playDate": "2018-11-23T00:40:58.000+0000", "artistId": 2884, "songId": 12732902, "state": "CA", "style": "R&B - SOUL", "latitude": 37.271873, "longitude": -119.27042}, {"playDate": "2018-11-23T00:45:13.000+0000", "artistId": 2884, "songId": 27159808, "state": "OH", "style": "R&B - SOUL", "latitude": 40.19036, "longitude": -82.66925}, {"playDate": "2018-11-23T01:04:23.000+0000", "artistId": 2884, "songId": 78128005, "state": "NC", "style": "R&B - SOUL", "latitude": 35.21456, "longitude": -79.891266}, {"playDate": "2018-11-23T01:08:05.000+0000", "artistId": 2884, "songId": 27193401, "state": "LA", "style": "R&B - SOUL", "latitude": 30.973377, "longitude": -91.42991}, {"playDate": "2018-11-23T01:14:49.000+0000", "artistId": 2884, "songId": 78166808, "state": "MN", "style": "R&B - SOUL", "latitude": 46.44186, "longitude": -93.36552}, {"playDate": "2018-11-23T01:19:50.000+0000", "artistId": 2884, "songId": 27193401, "state": "LA", "style": "R&B - SOUL", "latitude": 30.973377, "longitude": -91.42991}, {"playDate": "2018-11-23T01:20:20.000+0000", "artistId": 2884, "songId": 78166808, "state": "KY", "style": "R&B - SOUL", "latitude": 37.822292, "longitude": -85.76824}, {"playDate": "2018-11-23T01:25:40.000+0000", "artistId": 2884, "songId": 78166808, "state": "CA", "style": "R&B - SOUL", "latitude": 37.271873, "longitude": -119.27042}, {"playDate": "2018-11-23T01:29:03.000+0000", "artistId": 2884, "songId": 78166812, "state": "AZ", "style": "R&B - SOUL", "latitude": 34.168217, "longitude": -111.93091}, {"playDate": "2018-11-23T01:41:49.000+0000", "artistId": 2884, "songId": 27152401, "state": "MN", "style": "R&B - SOUL", "latitude": 46.44186, "longitude": -93.36552}, {"playDate": "2018-11-23T01:45:43.000+0000", "artistId": 2884, "songId": 27193401, "state": "FL", "style": "R&B - SOUL", "latitude": 27.975727, "longitude": -83.833015}, {"playDate": "2018-11-23T02:21:50.000+0000", "artistId": 2884, "songId": 78166808, "state": "FL", "style": "R&B - SOUL", "latitude": 27.975727, "longitude": -83.833015}, {"playDate": "2018-11-23T02:28:31.000+0000", "artistId": 2884, "songId": 97983810, "state": "IL", "style": "R&B - SOUL", "latitude": 39.73932, "longitude": -89.50414}, {"playDate": "2018-11-23T02:30:50.000+0000", "artistId": 2884, "songId": 27159806, "state": "GA", "style": "R&B - SOUL", "latitude": 32.678123, "longitude": -83.22298}, {"playDate": "2018-11-23T02:48:46.000+0000", "artistId": 2884, "songId": 78166812, "state": "NV", "style": "R&B - SOUL", "latitude": 38.502033, "longitude": -117.02306}, {"playDate": "2018-11-23T03:03:06.000+0000", "artistId": 2884, "songId": 27193406, "state": "TX", "style": "R&B - SOUL", "latitude": 31.169336, "longitude": -100.07684}, {"playDate": "2018-11-23T03:30:17.000+0000", "artistId": 2884, "songId": 12732902, "state": "NY", "style": "R&B - SOUL", "latitude": 40.705627, "longitude": -73.97968}, {"playDate": "2018-11-23T03:37:43.000+0000", "artistId": 2884, "songId": 12732902, "state": "NC", "style": "R&B - SOUL", "latitude": 35.21456, "longitude": -79.891266}, {"playDate": "2018-11-23T03:41:04.000+0000", "artistId": 2884, "songId": 78128005, "state": "FL", "style": "R&B - SOUL", "latitude": 27.975727, "longitude": -83.833015}, {"playDate": "2018-11-23T03:58:14.000+0000", "artistId": 2884, "songId": 78128005, "state": "SC", "style": "R&B - SOUL", "latitude": 33.62505, "longitude": -80.94704}, {"playDate": "2018-11-23T04:12:48.000+0000", "artistId": 2884, "songId": 78166801, "state": "OH", "style": "R&B - SOUL", "latitude": 40.19036, "longitude": -82.66925}, {"playDate": "2018-11-23T04:15:44.000+0000", "artistId": 2884, "songId": 27193408, "state": "KY", "style": "R&B - SOUL", "latitude": 37.822292, "longitude": -85.76824}, {"playDate": "2018-11-23T05:39:38.000+0000", "artistId": 2884, "songId": 27193401, "state": "NJ", "style": "R&B - SOUL", "latitude": 40.143005, "longitude": -74.73112}, {"playDate": "2018-11-23T05:41:48.000+0000", "artistId": 2884, "songId": 78166811, "state": "GA", "style": "R&B - SOUL", "latitude": 32.678123, "longitude": -83.22298}, {"playDate": "2018-11-23T06:15:42.000+0000", "artistId": 2884, "songId": 27193401, "state": "SC", "style": "R&B - SOUL", "latitude": 33.62505, "longitude": -80.94704}, {"playDate": "2018-11-23T06:30:17.000+0000", "artistId": 2884, "songId": 78128005, "state": "NC", "style": "R&B - SOUL", "latitude": 35.21456, "longitude": -79.891266}, {"playDate": "2018-11-23T06:42:14.000+0000", "artistId": 2884, "songId": 78166856, "state": "TX", "style": "R&B - SOUL", "latitude": 31.169336, "longitude": -100.07684}, {"playDate": "2018-11-23T07:04:44.000+0000", "artistId": 2884, "songId": 12732902, "state": "FL", "style": "R&B - SOUL", "latitude": 27.975727, "longitude": -83.833015}, {"playDate": "2018-11-23T07:16:55.000+0000", "artistId": 2884, "songId": 27193401, "state": "GA", "style": "R&B - SOUL", "latitude": 32.678123, "longitude": -83.22298}, {"playDate": "2018-11-23T07:20:43.000+0000", "artistId": 2884, "songId": 27152703, "state": "FL", "style": "R&B - SOUL", "latitude": 27.975727, "longitude": -83.833015}, {"playDate": "2018-11-23T07:21:36.000+0000", "artistId": 2884, "songId": 27193408, "state": "FL", "style": "R&B - SOUL", "latitude": 27.975727, "longitude": -83.833015}, {"playDate": "2018-11-23T07:41:42.000+0000", "artistId": 2884, "songId": 21855602, "state": "PA", "style": "R&B - SOUL", "latitude": 40.994595, "longitude": -77.6047}, {"playDate": "2018-11-23T07:48:06.000+0000", "artistId": 2884, "songId": 78166801, "state": "AR", "style": "R&B - SOUL", "latitude": 34.751926, "longitude": -92.13138}, {"playDate": "2018-11-23T07:52:16.000+0000", "artistId": 2884, "songId": 78166801, "state": "AL", "style": "R&B - SOUL", "latitude": 32.60101, "longitude": -86.68073}, {"playDate": "2018-11-23T07:53:19.000+0000", "artistId": 2884, "songId": 27193408, "state": "IA", "style": "R&B - SOUL", "latitude": 41.938316, "longitude": -93.3898}, {"playDate": "2018-11-23T08:33:51.000+0000", "artistId": 2884, "songId": 21898701, "state": "FL", "style": "R&B - SOUL", "latitude": 27.975727, "longitude": -83.833015}, {"playDate": "2018-11-23T08:43:11.000+0000", "artistId": 2884, "songId": 27193408, "state": "NC", "style": "R&B - SOUL", "latitude": 35.21456, "longitude": -79.891266}, {"playDate": "2018-11-23T08:46:10.000+0000", "artistId": 2884, "songId": 27193401, "state": "NC", "style": "R&B - SOUL", "latitude": 35.21456, "longitude": -79.891266}, {"playDate": "2018-11-23T08:58:42.000+0000", "artistId": 2884, "songId": 46620104, "state": "TX", "style": "R&B - SOUL", "latitude": 31.169336, "longitude": -100.07684}, {"playDate": "2018-11-23T09:06:13.000+0000", "artistId": 2884, "songId": 78166808, "state": "LA", "style": "R&B - SOUL", "latitude": 30.973377, "longitude": -91.42991}, {"playDate": "2018-11-23T09:15:25.000+0000", "artistId": 2884, "songId": 21898704, "state": "IN", "style": "R&B - SOUL", "latitude": 39.76622, "longitude": -86.44128}, {"playDate": "2018-11-23T09:21:20.000+0000", "artistId": 2884, "songId": 27193401, "state": "GA", "style": "R&B - SOUL", "latitude": 32.678123, "longitude": -83.22298}, {"playDate": "2018-11-23T09:42:16.000+0000", "artistId": 2884, "songId": 27193401, "state": "NC", "style": "R&B - SOUL", "latitude": 35.21456, "longitude": -79.891266}, {"playDate": "2018-11-23T09:42:50.000+0000", "artistId": 2884, "songId": 27193401, "state": "TX", "style": "R&B - SOUL", "latitude": 31.169336, "longitude": -100.07684}, {"playDate": "2018-11-23T10:02:23.000+0000", "artistId": 2884, "songId": 78166808, "state": "ON", "style": "R&B - SOUL", "latitude": 44.566647, "longitude": -80.84998}, {"playDate": "2018-11-23T10:08:47.000+0000", "artistId": 2884, "songId": 27193401, "state": "GA", "style": "R&B - SOUL", "latitude": 32.678123, "longitude": -83.22298}, {"playDate": "2018-11-23T10:14:54.000+0000", "artistId": 2884, "songId": 12732902, "state": "QC", "style": "R&B - SOUL", "latitude": 49.82258, "longitude": -64.34799}, {"playDate": "2018-11-23T10:24:05.000+0000", "artistId": 2884, "songId": 78166812, "state": "VA", "style": "R&B - SOUL", "latitude": 38.003384, "longitude": -79.458786}, {"playDate": "2018-11-23T10:28:40.000+0000", "artistId": 2884, "songId": 27193401, "state": "GA", "style": "R&B - SOUL", "latitude": 32.678123, "longitude": -83.22298}, {"playDate": "2018-11-23T10:34:28.000+0000", "artistId": 2884, "songId": 12732902, "state": "FL", "style": "R&B - SOUL", "latitude": 27.975727, "longitude": -83.833015}, {"playDate": "2018-11-23T10:43:07.000+0000", "artistId": 2884, "songId": 12732905, "state": "CA", "style": "R&B - SOUL", "latitude": 37.271873, "longitude": -119.27042}, {"playDate": "2018-11-23T10:43:43.000+0000", "artistId": 2884, "songId": 78166808, "state": "FL", "style": "R&B - SOUL", "latitude": 27.975727, "longitude": -83.833015}, {"playDate": "2018-11-23T10:47:14.000+0000", "artistId": 2884, "songId": 78166812, "state": "NC", "style": "R&B - SOUL", "latitude": 35.21456, "longitude": -79.891266}, {"playDate": "2018-11-23T10:48:21.000+0000", "artistId": 2884, "songId": 12732902, "state": "MN", "style": "R&B - SOUL", "latitude": 46.44186, "longitude": -93.36552}, {"playDate": "2018-11-23T10:51:22.000+0000", "artistId": 2884, "songId": 78166808, "state": "WI", "style": "R&B - SOUL", "latitude": 44.786297, "longitude": -89.826706}, {"playDate": "2018-11-23T10:56:59.000+0000", "artistId": 2884, "songId": 27193401, "state": "GA", "style": "R&B - SOUL", "latitude": 32.678123, "longitude": -83.22298}, {"playDate": "2018-11-23T11:08:37.000+0000", "artistId": 2884, "songId": 27193401, "state": "AZ", "style": "R&B - SOUL", "latitude": 34.168217, "longitude": -111.93091}, {"playDate": "2018-11-23T11:18:40.000+0000", "artistId": 2884, "songId": 78166802, "state": "CA", "style": "R&B - SOUL", "latitude": 37.271873, "longitude": -119.27042}, {"playDate": "2018-11-23T11:20:51.000+0000", "artistId": 2884, "songId": 27193408, "state": "CA", "style": "R&B - SOUL", "latitude": 37.271873, "longitude": -119.27042}, {"playDate": "2018-11-23T11:29:50.000+0000", "artistId": 2884, "songId": 27159806, "state": "IL", "style": "R&B - SOUL", "latitude": 39.73932, "longitude": -89.50414}, {"playDate": "2018-11-23T11:36:03.000+0000", "artistId": 2884, "songId": 27193401, "state": "NC", "style": "R&B - SOUL", "latitude": 35.21456, "longitude": -79.891266}, {"playDate": "2018-11-23T11:38:55.000+0000", "artistId": 2884, "songId": 21898701, "state": "CA", "style": "R&B - SOUL", "latitude": 37.271873, "longitude": -119.27042}, {"playDate": "2018-11-23T11:40:06.000+0000", "artistId": 2884, "songId": 86619903, "state": "OH", "style": "R&B - SOUL", "latitude": 40.19036, "longitude": -82.66925}, {"playDate": "2018-11-23T11:42:41.000+0000", "artistId": 2884, "songId": 78166808, "state": "CA", "style": "R&B - SOUL", "latitude": 37.271873, "longitude": -119.27042}, {"playDate": "2018-11-23T11:49:23.000+0000", "artistId": 2884, "songId": 21898701, "state": "PA", "style": "R&B - SOUL", "latitude": 40.994595, "longitude": -77.6047}, {"playDate": "2018-11-23T11:50:42.000+0000", "artistId": 2884, "songId": 78128005, "state": "PA", "style": "R&B - SOUL", "latitude": 40.994595, "longitude": -77.6047}, {"playDate": "2018-11-23T11:51:11.000+0000", "artistId": 2884, "songId": 27193401, "state": "VA", "style": "R&B - SOUL", "latitude": 38.003384, "longitude": -79.458786}, {"playDate": "2018-11-23T11:56:14.000+0000", "artistId": 2884, "songId": 27193401, "state": "NC", "style": "R&B - SOUL", "latitude": 35.21456, "longitude": -79.891266}, {"playDate": "2018-11-23T11:56:56.000+0000", "artistId": 2884, "songId": 27152401, "state": "IL", "style": "R&B - SOUL", "latitude": 39.73932, "longitude": -89.50414}, {"playDate": "2018-11-23T12:07:46.000+0000", "artistId": 2884, "songId": 78166802, "state": "FL", "style": "R&B - SOUL", "latitude": 27.975727, "longitude": -83.833015}, {"playDate": "2018-11-23T12:10:24.000+0000", "artistId": 2884, "songId": 27152702, "state": "IL", "style": "R&B - SOUL", "latitude": 39.73932, "longitude": -89.50414}, {"playDate": "2018-11-23T12:19:17.000+0000", "artistId": 2884, "songId": 21898704, "state": "QC", "style": "R&B - SOUL", "latitude": 49.82258, "longitude": -64.34799}, {"playDate": "2018-11-23T12:38:54.000+0000", "artistId": 2884, "songId": 12732902, "state": "WA", "style": "R&B - SOUL", "latitude": 38.89935, "longitude": -77.014565}, {"playDate": "2018-11-23T12:41:25.000+0000", "artistId": 2884, "songId": 27193408, "state": "NY", "style": "R&B - SOUL", "latitude": 40.705627, "longitude": -73.97968}, {"playDate": "2018-11-23T12:43:36.000+0000", "artistId": 2884, "songId": 27193408, "state": "MN", "style": "R&B - SOUL", "latitude": 46.44186, "longitude": -93.36552}, {"playDate": "2018-11-23T12:45:37.000+0000", "artistId": 2884, "songId": 27159806, "state": "FL", "style": "R&B - SOUL", "latitude": 27.975727, "longitude": -83.833015}, {"playDate": "2018-11-23T12:46:49.000+0000", "artistId": 2884, "songId": 78166808, "state": "WA", "style": "R&B - SOUL", "latitude": 38.89935, "longitude": -77.014565}, {"playDate": "2018-11-23T12:49:17.000+0000", "artistId": 2884, "songId": 27193401, "state": "NC", "style": "R&B - SOUL", "latitude": 35.21456, "longitude": -79.891266}, {"playDate": "2018-11-23T12:56:29.000+0000", "artistId": 2884, "songId": 27193408, "state": "QC", "style": "R&B - SOUL", "latitude": 49.82258, "longitude": -64.34799}, {"playDate": "2018-11-23T12:57:40.000+0000", "artistId": 2884, "songId": 27152702, "state": "AZ", "style": "R&B - SOUL", "latitude": 34.168217, "longitude": -111.93091}, {"playDate": "2018-11-23T13:13:37.000+0000", "artistId": 2884, "songId": 78128005, "state": "TX", "style": "R&B - SOUL", "latitude": 31.169336, "longitude": -100.07684}, {"playDate": "2018-11-23T13:19:08.000+0000", "artistId": 2884, "songId": 78166808, "state": "ON", "style": "R&B - SOUL", "latitude": 44.566647, "longitude": -80.84998}, {"playDate": "2018-11-23T13:22:58.000+0000", "artistId": 2884, "songId": 78128005, "state": "CA", "style": "R&B - SOUL", "latitude": 37.271873, "longitude": -119.27042}, {"playDate": "2018-11-23T13:28:43.000+0000", "artistId": 2884, "songId": 78166802, "state": "DC", "style": "R&B - SOUL", "latitude": 38.89935, "longitude": -77.014565}, {"playDate": "2018-11-23T13:28:44.000+0000", "artistId": 2884, "songId": 27152401, "state": "IN", "style": "R&B - SOUL", "latitude": 39.76622, "longitude": -86.44128}, {"playDate": "2018-11-23T13:35:51.000+0000", "artistId": 2884, "songId": 27159806, "state": "GA", "style": "R&B - SOUL", "latitude": 32.678123, "longitude": -83.22298}, {"playDate": "2018-11-23T13:39:39.000+0000", "artistId": 2884, "songId": 78166812, "state": "CA", "style": "R&B - SOUL", "latitude": 37.271873, "longitude": -119.27042}, {"playDate": "2018-11-23T13:41:14.000+0000", "artistId": 2884, "songId": 78128005, "state": "MN", "style": "R&B - SOUL", "latitude": 46.44186, "longitude": -93.36552}, {"playDate": "2018-11-23T13:46:05.000+0000", "artistId": 2884, "songId": 21855602, "state": "WA", "style": "R&B - SOUL", "latitude": 38.89935, "longitude": -77.014565}, {"playDate": "2018-11-23T13:49:08.000+0000", "artistId": 2884, "songId": 90703801, "state": "OH", "style": "R&B - SOUL", "latitude": 40.19036, "longitude": -82.66925}, {"playDate": "2018-11-23T13:56:37.000+0000", "artistId": 2884, "songId": 78166808, "state": "MN", "style": "R&B - SOUL", "latitude": 46.44186, "longitude": -93.36552}, {"playDate": "2018-11-23T13:59:36.000+0000", "artistId": 2884, "songId": 78166808, "state": "QC", "style": "R&B - SOUL", "latitude": 49.82258, "longitude": -64.34799}, {"playDate": "2018-11-23T14:01:20.000+0000", "artistId": 2884, "songId": 78166801, "state": "NC", "style": "R&B - SOUL", "latitude": 35.21456, "longitude": -79.891266}, {"playDate": "2018-11-23T14:03:16.000+0000", "artistId": 2884, "songId": 78166808, "state": "OK", "style": "R&B - SOUL", "latitude": 35.309765, "longitude": -98.71656}, {"playDate": "2018-11-23T14:05:05.000+0000", "artistId": 2884, "songId": 27193408, "state": "NY", "style": "R&B - SOUL", "latitude": 40.705627, "longitude": -73.97968}, {"playDate": "2018-11-23T14:10:38.000+0000", "artistId": 2884, "songId": 27193401, "state": "GA", "style": "R&B - SOUL", "latitude": 32.678123, "longitude": -83.22298}, {"playDate": "2018-11-23T14:17:09.000+0000", "artistId": 2884, "songId": 27159806, "state": "FL", "style": "R&B - SOUL", "latitude": 27.975727, "longitude": -83.833015}, {"playDate": "2018-11-23T14:17:19.000+0000", "artistId": 2884, "songId": 78128005, "state": "NY", "style": "R&B - SOUL", "latitude": 40.705627, "longitude": -73.97968}, {"playDate": "2018-11-23T14:18:28.000+0000", "artistId": 2884, "songId": 27159806, "state": "MI", "style": "R&B - SOUL", "latitude": 44.94356, "longitude": -86.4158}, {"playDate": "2018-11-23T14:20:49.000+0000", "artistId": 2884, "songId": 78166808, "state": "IL", "style": "R&B - SOUL", "latitude": 39.73932, "longitude": -89.50414}, {"playDate": "2018-11-23T14:21:16.000+0000", "artistId": 2884, "songId": 27152702, "state": "CA", "style": "R&B - SOUL", "latitude": 37.271873, "longitude": -119.27042}, {"playDate": "2018-11-23T14:23:54.000+0000", "artistId": 2884, "songId": 78166808, "state": "FL", "style": "R&B - SOUL", "latitude": 27.975727, "longitude": -83.833015}, {"playDate": "2018-11-23T14:26:22.000+0000", "artistId": 2884, "songId": 78166802, "state": "CA", "style": "R&B - SOUL", "latitude": 37.271873, "longitude": -119.27042}, {"playDate": "2018-11-23T14:27:26.000+0000", "artistId": 2884, "songId": 78166808, "state": "AZ", "style": "R&B - SOUL", "latitude": 34.168217, "longitude": -111.93091}, {"playDate": "2018-11-23T14:29:26.000+0000", "artistId": 2884, "songId": 27193401, "state": "TX", "style": "R&B - SOUL", "latitude": 31.169336, "longitude": -100.07684}, {"playDate": "2018-11-23T14:33:11.000+0000", "artistId": 2884, "songId": 78166802, "state": "FL", "style": "R&B - SOUL", "latitude": 27.975727, "longitude": -83.833015}, {"playDate": "2018-11-23T14:37:42.000+0000", "artistId": 2884, "songId": 27152703, "state": "NV", "style": "R&B - SOUL", "latitude": 38.502033, "longitude": -117.02306}, {"playDate": "2018-11-23T14:39:01.000+0000", "artistId": 2884, "songId": 27193401, "state": "MI", "style": "R&B - SOUL", "latitude": 44.94356, "longitude": -86.4158}, {"playDate": "2018-11-23T14:39:23.000+0000", "artistId": 2884, "songId": 12732905, "state": "CA", "style": "R&B - SOUL", "latitude": 37.271873, "longitude": -119.27042}, {"playDate": "2018-11-23T14:39:57.000+0000", "artistId": 2884, "songId": 27193401, "state": "LA", "style": "R&B - SOUL", "latitude": 30.973377, "longitude": -91.42991}, {"playDate": "2018-11-23T14:45:45.000+0000", "artistId": 2884, "songId": 27193401, "state": "SC", "style": "R&B - SOUL", "latitude": 33.62505, "longitude": -80.94704}, {"playDate": "2018-11-23T14:50:43.000+0000", "artistId": 2884, "songId": 78166808, "state": "IL", "style": "R&B - SOUL", "latitude": 39.73932, "longitude": -89.50414}, {"playDate": "2018-11-23T14:51:16.000+0000", "artistId": 2884, "songId": 27193408, "state": "WI", "style": "R&B - SOUL", "latitude": 44.786297, "longitude": -89.826706}, {"playDate": "2018-11-23T14:53:56.000+0000", "artistId": 2884, "songId": 78166808, "state": "FL", "style": "R&B - SOUL", "latitude": 27.975727, "longitude": -83.833015}, {"playDate": "2018-11-23T14:54:56.000+0000", "artistId": 2884, "songId": 12302302, "state": "MI", "style": "JAZZ", "latitude": 44.94356, "longitude": -86.4158}, {"playDate": "2018-11-23T14:56:41.000+0000", "artistId": 2884, "songId": 78166811, "state": "HI", "style": "R&B - SOUL", "latitude": 20.46, "longitude": -157.505}, {"playDate": "2018-11-23T14:58:23.000+0000", "artistId": 2884, "songId": 27193401, "state": "FL", "style": "R&B - SOUL", "latitude": 27.975727, "longitude": -83.833015}, {"playDate": "2018-11-23T15:08:06.000+0000", "artistId": 2884, "songId": 78166812, "state": "CA", "style": "R&B - SOUL", "latitude": 37.271873, "longitude": -119.27042}, {"playDate": "2018-11-23T15:08:48.000+0000", "artistId": 2884, "songId": 27159808, "state": "PA", "style": "R&B - SOUL", "latitude": 40.994595, "longitude": -77.6047}, {"playDate": "2018-11-23T15:09:33.000+0000", "artistId": 2884, "songId": 78166862, "state": "PA", "style": "R&B - SOUL", "latitude": 40.994595, "longitude": -77.6047}, {"playDate": "2018-11-23T15:09:51.000+0000", "artistId": 2884, "songId": 27152703, "state": "KS", "style": "R&B - SOUL", "latitude": 38.49878, "longitude": -98.320076}, {"playDate": "2018-11-23T15:15:20.000+0000", "artistId": 2884, "songId": 78166808, "state": "CA", "style": "R&B - SOUL", "latitude": 37.271873, "longitude": -119.27042}, {"playDate": "2018-11-23T15:18:19.000+0000", "artistId": 2884, "songId": 78166801, "state": "GA", "style": "R&B - SOUL", "latitude": 32.678123, "longitude": -83.22298}, {"playDate": "2018-11-23T15:20:47.000+0000", "artistId": 2884, "songId": 78166812, "state": "CA", "style": "R&B - SOUL", "latitude": 37.271873, "longitude": -119.27042}, {"playDate": "2018-11-23T15:24:14.000+0000", "artistId": 2884, "songId": 78166803, "state": "OH", "style": "R&B - SOUL", "latitude": 40.19036, "longitude": -82.66925}, {"playDate": "2018-11-23T15:30:17.000+0000", "artistId": 2884, "songId": 78166812, "state": "CA", "style": "R&B - SOUL", "latitude": 37.271873, "longitude": -119.27042}, {"playDate": "2018-11-23T15:31:12.000+0000", "artistId": 2884, "songId": 78166812, "state": "CA", "style": "R&B - SOUL", "latitude": 37.271873, "longitude": -119.27042}, {"playDate": "2018-11-23T15:36:24.000+0000", "artistId": 2884, "songId": 78166808, "state": "WI", "style": "R&B - SOUL", "latitude": 44.786297, "longitude": -89.826706}, {"playDate": "2018-11-23T15:37:06.000+0000", "artistId": 2884, "songId": 21898701, "state": "OH", "style": "R&B - SOUL", "latitude": 40.19036, "longitude": -82.66925}, {"playDate": "2018-11-23T15:39:54.000+0000", "artistId": 2884, "songId": 78166808, "state": "MO", "style": "R&B - SOUL", "latitude": 38.30466, "longitude": -92.437096}, {"playDate": "2018-11-23T15:44:16.000+0000", "artistId": 2884, "songId": 78166808, "state": "IA", "style": "R&B - SOUL", "latitude": 41.938316, "longitude": -93.3898}, {"playDate": "2018-11-23T15:44:55.000+0000", "artistId": 2884, "songId": 12732902, "state": "MA", "style": "R&B - SOUL", "latitude": 42.06294, "longitude": -71.71806}, {"playDate": "2018-11-23T15:45:22.000+0000", "artistId": 2884, "songId": 12732902, "state": "WI", "style": "R&B - SOUL", "latitude": 44.786297, "longitude": -89.826706}, {"playDate": "2018-11-23T15:49:33.000+0000", "artistId": 2884, "songId": 78166808, "state": "OK", "style": "R&B - SOUL", "latitude": 35.309765, "longitude": -98.71656}, {"playDate": "2018-11-23T15:50:35.000+0000", "artistId": 2884, "songId": 78166801, "state": "WI", "style": "R&B - SOUL", "latitude": 44.786297, "longitude": -89.826706}, {"playDate": "2018-11-23T15:58:35.000+0000", "artistId": 2884, "songId": 78166808, "state": "MI", "style": "R&B - SOUL", "latitude": 44.94356, "longitude": -86.4158}, {"playDate": "2018-11-23T15:59:11.000+0000", "artistId": 2884, "songId": 21855602, "state": "MA", "style": "R&B - SOUL", "latitude": 42.06294, "longitude": -71.71806}, {"playDate": "2018-11-23T16:00:55.000+0000", "artistId": 2884, "songId": 12732902, "state": "CA", "style": "R&B - SOUL", "latitude": 37.271873, "longitude": -119.27042}, {"playDate": "2018-11-23T16:03:34.000+0000", "artistId": 2884, "songId": 78166808, "state": "OK", "style": "R&B - SOUL", "latitude": 35.309765, "longitude": -98.71656}, {"playDate": "2018-11-23T16:03:48.000+0000", "artistId": 2884, "songId": 27193401, "state": "CA", "style": "R&B - SOUL", "latitude": 37.271873, "longitude": -119.27042}, {"playDate": "2018-11-23T16:10:43.000+0000", "artistId": 2884, "songId": 12732902, "state": "CA", "style": "R&B - SOUL", "latitude": 37.271873, "longitude": -119.27042}, {"playDate": "2018-11-23T16:11:28.000+0000", "artistId": 2884, "songId": 78166812, "state": "OH", "style": "R&B - SOUL", "latitude": 40.19036, "longitude": -82.66925}, {"playDate": "2018-11-23T16:12:07.000+0000", "artistId": 2884, "songId": 78166808, "state": "IL", "style": "R&B - SOUL", "latitude": 39.73932, "longitude": -89.50414}, {"playDate": "2018-11-23T16:15:54.000+0000", "artistId": 2884, "songId": 78166808, "state": "TX", "style": "R&B - SOUL", "latitude": 31.169336, "longitude": -100.07684}, {"playDate": "2018-11-23T16:17:51.000+0000", "artistId": 2884, "songId": 78128005, "state": "PA", "style": "R&B - SOUL", "latitude": 40.994595, "longitude": -77.6047}, {"playDate": "2018-11-23T16:20:00.000+0000", "artistId": 2884, "songId": 78166808, "state": "SC", "style": "R&B - SOUL", "latitude": 33.62505, "longitude": -80.94704}, {"playDate": "2018-11-23T16:22:50.000+0000", "artistId": 2884, "songId": 21828604, "state": "QC", "style": "R&B - SOUL", "latitude": 49.82258, "longitude": -64.34799}, {"playDate": "2018-11-23T16:25:19.000+0000", "artistId": 2884, "songId": 27152401, "state": "IL", "style": "R&B - SOUL", "latitude": 39.73932, "longitude": -89.50414}, {"playDate": "2018-11-23T16:26:32.000+0000", "artistId": 2884, "songId": 27159804, "state": "NE", "style": "R&B - SOUL", "latitude": 41.50082, "longitude": -99.6809}, {"playDate": "2018-11-23T16:26:38.000+0000", "artistId": 2884, "songId": 27193401, "state": "OH", "style": "R&B - SOUL", "latitude": 40.19036, "longitude": -82.66925}, {"playDate": "2018-11-23T16:29:34.000+0000", "artistId": 2884, "songId": 78166807, "state": "FL", "style": "R&B - SOUL", "latitude": 27.975727, "longitude": -83.833015}, {"playDate": "2018-11-23T16:34:07.000+0000", "artistId": 2884, "songId": 12732902, "state": "WI", "style": "R&B - SOUL", "latitude": 44.786297, "longitude": -89.826706}, {"playDate": "2018-11-23T16:36:30.000+0000", "artistId": 2884, "songId": 78166808, "state": "NV", "style": "R&B - SOUL", "latitude": 38.502033, "longitude": -117.02306}, {"playDate": "2018-11-23T16:38:18.000+0000", "artistId": 2884, "songId": 27159802, "state": "OH", "style": "R&B - SOUL", "latitude": 40.19036, "longitude": -82.66925}, {"playDate": "2018-11-23T16:41:58.000+0000", "artistId": 2884, "songId": 27159802, "state": "GA", "style": "R&B - SOUL", "latitude": 32.678123, "longitude": -83.22298}, {"playDate": "2018-11-23T16:43:15.000+0000", "artistId": 2884, "songId": 78166808, "state": "VA", "style": "R&B - SOUL", "latitude": 38.003384, "longitude": -79.458786}, {"playDate": "2018-11-23T16:46:29.000+0000", "artistId": 2884, "songId": 27152401, "state": "TX", "style": "R&B - SOUL", "latitude": 31.169336, "longitude": -100.07684}, {"playDate": "2018-11-23T16:50:21.000+0000", "artistId": 2884, "songId": 78166808, "state": "KS", "style": "R&B - SOUL", "latitude": 38.49878, "longitude": -98.320076}, {"playDate": "2018-11-23T16:50:58.000+0000", "artistId": 2884, "songId": 27193408, "state": "MD", "style": "R&B - SOUL", "latitude": 38.80635, "longitude": -77.26842}, {"playDate": "2018-11-23T16:57:21.000+0000", "artistId": 2884, "songId": 46620104, "state": "IL", "style": "R&B - SOUL", "latitude": 39.73932, "longitude": -89.50414}, {"playDate": "2018-11-23T17:00:27.000+0000", "artistId": 2884, "songId": 78128005, "state": "NC", "style": "R&B - SOUL", "latitude": 35.21456, "longitude": -79.891266}, {"playDate": "2018-11-23T17:01:40.000+0000", "artistId": 2884, "songId": 27193401, "state": "MD", "style": "R&B - SOUL", "latitude": 38.80635, "longitude": -77.26842}, {"playDate": "2018-11-23T17:01:47.000+0000", "artistId": 2884, "songId": 78166808, "state": "FL", "style": "R&B - SOUL", "latitude": 27.975727, "longitude": -83.833015}, {"playDate": "2018-11-23T17:05:26.000+0000", "artistId": 2884, "songId": 78166811, "state": "FL", "style": "R&B - SOUL", "latitude": 27.975727, "longitude": -83.833015}, {"playDate": "2018-11-23T17:12:28.000+0000", "artistId": 2884, "songId": 78166808, "state": "TX", "style": "R&B - SOUL", "latitude": 31.169336, "longitude": -100.07684}, {"playDate": "2018-11-23T17:18:44.000+0000", "artistId": 2884, "songId": 68816807, "state": "PA", "style": "ELECTRO - DANCE", "latitude": 40.994595, "longitude": -77.6047}, {"playDate": "2018-11-23T17:18:59.000+0000", "artistId": 2884, "songId": 27152703, "state": "WA", "style": "R&B - SOUL", "latitude": 38.89935, "longitude": -77.014565}, {"playDate": "2018-11-23T17:22:31.000+0000", "artistId": 2884, "songId": 27152401, "state": "WY", "style": "R&B - SOUL", "latitude": 43.000324, "longitude": -107.554565}, {"playDate": "2018-11-23T17:25:30.000+0000", "artistId": 2884, "songId": 77041205, "state": "IL", "style": "R&B - SOUL", "latitude": 39.73932, "longitude": -89.50414}, {"playDate": "2018-11-23T17:26:22.000+0000", "artistId": 2884, "songId": 27193408, "state": "QC", "style": "R&B - SOUL", "latitude": 49.82258, "longitude": -64.34799}, {"playDate": "2018-11-23T17:26:30.000+0000", "artistId": 2884, "songId": 27152502, "state": "TX", "style": "R&B - SOUL", "latitude": 31.169336, "longitude": -100.07684}, {"playDate": "2018-11-23T17:33:03.000+0000", "artistId": 2884, "songId": 78128005, "state": "MO", "style": "R&B - SOUL", "latitude": 38.30466, "longitude": -92.437096}, {"playDate": "2018-11-23T17:33:03.000+0000", "artistId": 2884, "songId": 78128005, "state": "MO", "style": "R&B - SOUL", "latitude": 38.30466, "longitude": -92.437096}, {"playDate": "2018-11-23T17:33:56.000+0000", "artistId": 2884, "songId": 90703802, "state": "WI", "style": "R&B - SOUL", "latitude": 44.786297, "longitude": -89.826706}, {"playDate": "2018-11-23T17:38:15.000+0000", "artistId": 2884, "songId": 78166808, "state": "MI", "style": "R&B - SOUL", "latitude": 44.94356, "longitude": -86.4158}, {"playDate": "2018-11-23T17:39:39.000+0000", "artistId": 2884, "songId": 12732902, "state": "MT", "style": "R&B - SOUL", "latitude": 46.6798, "longitude": -110.044785}, {"playDate": "2018-11-23T17:41:11.000+0000", "artistId": 2884, "songId": 21828601, "state": "OH", "style": "R&B - SOUL", "latitude": 40.19036, "longitude": -82.66925}, {"playDate": "2018-11-23T17:42:54.000+0000", "artistId": 2884, "songId": 78128005, "state": "MI", "style": "R&B - SOUL", "latitude": 44.94356, "longitude": -86.4158}, {"playDate": "2018-11-23T17:44:29.000+0000", "artistId": 2884, "songId": 78166802, "state": "LA", "style": "R&B - SOUL", "latitude": 30.973377, "longitude": -91.42991}, {"playDate": "2018-11-23T17:47:24.000+0000", "artistId": 2884, "songId": 21855602, "state": "OK", "style": "R&B - SOUL", "latitude": 35.309765, "longitude": -98.71656}, {"playDate": "2018-11-23T17:55:13.000+0000", "artistId": 2884, "songId": 78166808, "state": "PA", "style": "R&B - SOUL", "latitude": 40.994595, "longitude": -77.6047}, {"playDate": "2018-11-23T17:59:20.000+0000", "artistId": 2884, "songId": 27159813, "state": "NJ", "style": "R&B - SOUL", "latitude": 40.143005, "longitude": -74.73112}, {"playDate": "2018-11-23T17:59:32.000+0000", "artistId": 2884, "songId": 27152401, "state": "AR", "style": "R&B - SOUL", "latitude": 34.751926, "longitude": -92.13138}, {"playDate": "2018-11-23T18:00:21.000+0000", "artistId": 2884, "songId": 78166808, "state": "IL", "style": "R&B - SOUL", "latitude": 39.73932, "longitude": -89.50414}, {"playDate": "2018-11-23T18:01:04.000+0000", "artistId": 2884, "songId": 27193401, "state": "MN", "style": "R&B - SOUL", "latitude": 46.44186, "longitude": -93.36552}, {"playDate": "2018-11-23T18:04:51.000+0000", "artistId": 2884, "songId": 78166808, "state": "NY", "style": "R&B - SOUL", "latitude": 40.705627, "longitude": -73.97968}, {"playDate": "2018-11-23T18:05:33.000+0000", "artistId": 2884, "songId": 27193401, "state": "IL", "style": "R&B - SOUL", "latitude": 39.73932, "longitude": -89.50414}, {"playDate": "2018-11-23T18:05:59.000+0000", "artistId": 2884, "songId": 27193401, "state": "PA", "style": "R&B - SOUL", "latitude": 40.994595, "longitude": -77.6047}, {"playDate": "2018-11-23T18:06:44.000+0000", "artistId": 2884, "songId": 90703804, "state": "PA", "style": "R&B - SOUL", "latitude": 40.994595, "longitude": -77.6047}, {"playDate": "2018-11-23T18:07:21.000+0000", "artistId": 2884, "songId": 78166808, "state": "TX", "style": "R&B - SOUL", "latitude": 31.169336, "longitude": -100.07684}, {"playDate": "2018-11-23T18:09:32.000+0000", "artistId": 2884, "songId": 12732905, "state": "CA", "style": "R&B - SOUL", "latitude": 37.271873, "longitude": -119.27042}, {"playDate": "2018-11-23T18:09:46.000+0000", "artistId": 2884, "songId": 32499805, "state": "SC", "style": "R&B - SOUL", "latitude": 33.62505, "longitude": -80.94704}, {"playDate": "2018-11-23T18:10:55.000+0000", "artistId": 2884, "songId": 27193401, "state": "TX", "style": "R&B - SOUL", "latitude": 31.169336, "longitude": -100.07684}, {"playDate": "2018-11-23T18:13:13.000+0000", "artistId": 2884, "songId": 78166808, "state": "MN", "style": "R&B - SOUL", "latitude": 46.44186, "longitude": -93.36552}, {"playDate": "2018-11-23T18:16:20.000+0000", "artistId": 2884, "songId": 27159802, "state": "CT", "style": "R&B - SOUL", "latitude": 41.518784, "longitude": -72.75751}, {"playDate": "2018-11-23T18:22:23.000+0000", "artistId": 2884, "songId": 27159806, "state": "TX", "style": "R&B - SOUL", "latitude": 31.169336, "longitude": -100.07684}, {"playDate": "2018-11-23T18:25:38.000+0000", "artistId": 2884, "songId": 78166808, "state": "MI", "style": "R&B - SOUL", "latitude": 44.94356, "longitude": -86.4158}, {"playDate": "2018-11-23T18:26:37.000+0000", "artistId": 2884, "songId": 32499811, "state": "AZ", "style": "R&B - SOUL", "latitude": 34.168217, "longitude": -111.93091}, {"playDate": "2018-11-23T18:28:05.000+0000", "artistId": 2884, "songId": 27193401, "state": "NV", "style": "R&B - SOUL", "latitude": 38.502033, "longitude": -117.02306}, {"playDate": "2018-11-23T18:30:11.000+0000", "artistId": 2884, "songId": 78166808, "state": "UT", "style": "R&B - SOUL", "latitude": 39.49976, "longitude": -111.54703}, {"playDate": "2018-11-23T18:33:22.000+0000", "artistId": 2884, "songId": 78166812, "state": "OK", "style": "R&B - SOUL", "latitude": 35.309765, "longitude": -98.71656}, {"playDate": "2018-11-23T18:38:47.000+0000", "artistId": 2884, "songId": 21855602, "state": "CA", "style": "R&B - SOUL", "latitude": 37.271873, "longitude": -119.27042}, {"playDate": "2018-11-23T18:39:01.000+0000", "artistId": 2884, "songId": 27193408, "state": "TX", "style": "R&B - SOUL", "latitude": 31.169336, "longitude": -100.07684}, {"playDate": "2018-11-23T18:40:14.000+0000", "artistId": 2884, "songId": 27193401, "state": "FL", "style": "R&B - SOUL", "latitude": 27.975727, "longitude": -83.833015}, {"playDate": "2018-11-23T18:40:38.000+0000", "artistId": 2884, "songId": 78166812, "state": "MN", "style": "R&B - SOUL", "latitude": 46.44186, "longitude": -93.36552}, {"playDate": "2018-11-23T18:42:10.000+0000", "artistId": 2884, "songId": 65017402, "state": "IN", "style": "R&B - SOUL", "latitude": 39.76622, "longitude": -86.44128}, {"playDate": "2018-11-23T18:44:48.000+0000", "artistId": 2884, "songId": 78166801, "state": "PA", "style": "R&B - SOUL", "latitude": 40.994595, "longitude": -77.6047}, {"playDate": "2018-11-23T18:45:24.000+0000", "artistId": 2884, "songId": 27193401, "state": "TX", "style": "R&B - SOUL", "latitude": 31.169336, "longitude": -100.07684}, {"playDate": "2018-11-23T18:45:33.000+0000", "artistId": 2884, "songId": 27114804, "state": "PA", "style": "R&B - SOUL", "latitude": 40.994595, "longitude": -77.6047}, {"playDate": "2018-11-23T18:46:48.000+0000", "artistId": 2884, "songId": 27193401, "state": "DE", "style": "R&B - SOUL", "latitude": 39.145252, "longitude": -75.41892}, {"playDate": "2018-11-23T18:47:07.000+0000", "artistId": 2884, "songId": 78166808, "state": "MN", "style": "R&B - SOUL", "latitude": 46.44186, "longitude": -93.36552}, {"playDate": "2018-11-23T18:47:50.000+0000", "artistId": 2884, "songId": 27159804, "state": "OH", "style": "R&B - SOUL", "latitude": 40.19036, "longitude": -82.66925}, {"playDate": "2018-11-23T18:49:17.000+0000", "artistId": 2884, "songId": 32499809, "state": "OH", "style": "ELECTRO - DANCE", "latitude": 40.19036, "longitude": -82.66925}, {"playDate": "2018-11-23T18:51:35.000+0000", "artistId": 2884, "songId": 27152703, "state": "MN", "style": "R&B - SOUL", "latitude": 46.44186, "longitude": -93.36552}, {"playDate": "2018-11-23T18:51:50.000+0000", "artistId": 2884, "songId": 78166808, "state": "MN", "style": "R&B - SOUL", "latitude": 46.44186, "longitude": -93.36552}, {"playDate": "2018-11-23T18:54:56.000+0000", "artistId": 2884, "songId": 27159801, "state": "ND", "style": "R&B - SOUL", "latitude": 47.46788, "longitude": -100.30227}, {"playDate": "2018-11-23T19:00:06.000+0000", "artistId": 2884, "songId": 78166808, "state": "OH", "style": "R&B - SOUL", "latitude": 40.19036, "longitude": -82.66925}, {"playDate": "2018-11-23T19:00:07.000+0000", "artistId": 2884, "songId": 78166802, "state": "NJ", "style": "R&B - SOUL", "latitude": 40.143005, "longitude": -74.73112}, {"playDate": "2018-11-23T19:07:45.000+0000", "artistId": 2884, "songId": 78166851, "state": "OH", "style": "R&B - SOUL", "latitude": 40.19036, "longitude": -82.66925}, {"playDate": "2018-11-23T19:12:01.000+0000", "artistId": 2884, "songId": 79759627, "state": "IL", "style": "R&B - SOUL", "latitude": 39.73932, "longitude": -89.50414}, {"playDate": "2018-11-23T19:12:37.000+0000", "artistId": 2884, "songId": 78166804, "state": "PA", "style": "R&B - SOUL", "latitude": 40.994595, "longitude": -77.6047}, {"playDate": "2018-11-23T19:13:46.000+0000", "artistId": 2884, "songId": 27159806, "state": "TX", "style": "R&B - SOUL", "latitude": 31.169336, "longitude": -100.07684}, {"playDate": "2018-11-23T19:17:56.000+0000", "artistId": 2884, "songId": 21828604, "state": "CA", "style": "R&B - SOUL", "latitude": 37.271873, "longitude": -119.27042}, {"playDate": "2018-11-23T19:24:08.000+0000", "artistId": 2884, "songId": 78166808, "state": "TX", "style": "R&B - SOUL", "latitude": 31.169336, "longitude": -100.07684}, {"playDate": "2018-11-23T19:26:52.000+0000", "artistId": 2884, "songId": 78166808, "state": "TX", "style": "R&B - SOUL", "latitude": 31.169336, "longitude": -100.07684}, {"playDate": "2018-11-23T19:27:01.000+0000", "artistId": 2884, "songId": 27152401, "state": "PA", "style": "R&B - SOUL", "latitude": 40.994595, "longitude": -77.6047}, {"playDate": "2018-11-23T19:35:44.000+0000", "artistId": 2884, "songId": 27159812, "state": "NE", "style": "R&B - SOUL", "latitude": 41.50082, "longitude": -99.6809}, {"playDate": "2018-11-23T19:36:33.000+0000", "artistId": 2884, "songId": 78128005, "state": "NV", "style": "R&B - SOUL", "latitude": 38.502033, "longitude": -117.02306}, {"playDate": "2018-11-23T19:37:29.000+0000", "artistId": 2884, "songId": 27159802, "state": "IL", "style": "R&B - SOUL", "latitude": 39.73932, "longitude": -89.50414}, {"playDate": "2018-11-23T19:40:51.000+0000", "artistId": 2884, "songId": 78166812, "state": "MN", "style": "R&B - SOUL", "latitude": 46.44186, "longitude": -93.36552}, {"playDate": "2018-11-23T19:40:59.000+0000", "artistId": 2884, "songId": 27193401, "state": "SC", "style": "R&B - SOUL", "latitude": 33.62505, "longitude": -80.94704}, {"playDate": "2018-11-23T19:41:05.000+0000", "artistId": 2884, "songId": 78166811, "state": "FL", "style": "R&B - SOUL", "latitude": 27.975727, "longitude": -83.833015}, {"playDate": "2018-11-23T19:41:14.000+0000", "artistId": 2884, "songId": 78166862, "state": "ND", "style": "R&B - SOUL", "latitude": 47.46788, "longitude": -100.30227}, {"playDate": "2018-11-23T19:41:43.000+0000", "artistId": 2884, "songId": 78166802, "state": "KY", "style": "R&B - SOUL", "latitude": 37.822292, "longitude": -85.76824}, {"playDate": "2018-11-23T19:43:13.000+0000", "artistId": 2884, "songId": 78166812, "state": "PA", "style": "R&B - SOUL", "latitude": 40.994595, "longitude": -77.6047}, {"playDate": "2018-11-23T19:48:59.000+0000", "artistId": 2884, "songId": 78166808, "state": "PA", "style": "R&B - SOUL", "latitude": 40.994595, "longitude": -77.6047}, {"playDate": "2018-11-23T19:49:36.000+0000", "artistId": 2884, "songId": 27193401, "state": "CA", "style": "R&B - SOUL", "latitude": 37.271873, "longitude": -119.27042}, {"playDate": "2018-11-23T19:49:40.000+0000", "artistId": 2884, "songId": 21855602, "state": "CA", "style": "R&B - SOUL", "latitude": 37.271873, "longitude": -119.27042}, {"playDate": "2018-11-23T19:54:09.000+0000", "artistId": 2884, "songId": 78166808, "state": "WI", "style": "R&B - SOUL", "latitude": 44.786297, "longitude": -89.826706}, {"playDate": "2018-11-23T19:56:44.000+0000", "artistId": 2884, "songId": 27159806, "state": "NY", "style": "R&B - SOUL", "latitude": 40.705627, "longitude": -73.97968}, {"playDate": "2018-11-23T19:58:41.000+0000", "artistId": 2884, "songId": 32499805, "state": "AZ", "style": "R&B - SOUL", "latitude": 34.168217, "longitude": -111.93091}, {"playDate": "2018-11-23T20:01:37.000+0000", "artistId": 2884, "songId": 27152401, "state": "OH", "style": "R&B - SOUL", "latitude": 40.19036, "longitude": -82.66925}, {"playDate": "2018-11-23T20:02:47.000+0000", "artistId": 2884, "songId": 12732902, "state": "QC", "style": "R&B - SOUL", "latitude": 49.82258, "longitude": -64.34799}, {"playDate": "2018-11-23T20:03:29.000+0000", "artistId": 2884, "songId": 27193401, "state": "LA", "style": "R&B - SOUL", "latitude": 30.973377, "longitude": -91.42991}, {"playDate": "2018-11-23T20:03:41.000+0000", "artistId": 2884, "songId": 27193408, "state": "WI", "style": "R&B - SOUL", "latitude": 44.786297, "longitude": -89.826706}, {"playDate": "2018-11-23T20:06:15.000+0000", "artistId": 2884, "songId": 78166808, "state": "MO", "style": "R&B - SOUL", "latitude": 38.30466, "longitude": -92.437096}, {"playDate": "2018-11-23T20:07:55.000+0000", "artistId": 2884, "songId": 78166808, "state": "FL", "style": "R&B - SOUL", "latitude": 27.975727, "longitude": -83.833015}, {"playDate": "2018-11-23T20:10:09.000+0000", "artistId": 2884, "songId": 78166808, "state": "AB", "style": "R&B - SOUL", "latitude": 53.016697, "longitude": -112.816635}, {"playDate": "2018-11-23T20:11:26.000+0000", "artistId": 2884, "songId": 27159804, "state": "FL", "style": "R&B - SOUL", "latitude": 27.975727, "longitude": -83.833015}, {"playDate": "2018-11-23T20:16:27.000+0000", "artistId": 2884, "songId": 78166808, "state": "MD", "style": "R&B - SOUL", "latitude": 38.80635, "longitude": -77.26842}, {"playDate": "2018-11-23T20:17:14.000+0000", "artistId": 2884, "songId": 27193401, "state": "PA", "style": "R&B - SOUL", "latitude": 40.994595, "longitude": -77.6047}, {"playDate": "2018-11-23T20:17:23.000+0000", "artistId": 2884, "songId": 27193401, "state": "IN", "style": "R&B - SOUL", "latitude": 39.76622, "longitude": -86.44128}, {"playDate": "2018-11-23T20:19:56.000+0000", "artistId": 2884, "songId": 27159806, "state": "TX", "style": "R&B - SOUL", "latitude": 31.169336, "longitude": -100.07684}, {"playDate": "2018-11-23T20:20:06.000+0000", "artistId": 2884, "songId": 27159804, "state": "CA", "style": "R&B - SOUL", "latitude": 37.271873, "longitude": -119.27042}, {"playDate": "2018-11-23T20:30:10.000+0000", "artistId": 2884, "songId": 65017402, "state": "MI", "style": "R&B - SOUL", "latitude": 44.94356, "longitude": -86.4158}, {"playDate": "2018-11-23T20:33:34.000+0000", "artistId": 2884, "songId": 27159806, "state": "NJ", "style": "R&B - SOUL", "latitude": 40.143005, "longitude": -74.73112}, {"playDate": "2018-11-23T20:34:50.000+0000", "artistId": 2884, "songId": 78166802, "state": "AL", "style": "R&B - SOUL", "latitude": 32.60101, "longitude": -86.68073}, {"playDate": "2018-11-23T20:35:16.000+0000", "artistId": 2884, "songId": 78166851, "state": "NY", "style": "R&B - SOUL", "latitude": 40.705627, "longitude": -73.97968}, {"playDate": "2018-11-23T20:36:00.000+0000", "artistId": 2884, "songId": 27193401, "state": "MI", "style": "R&B - SOUL", "latitude": 44.94356, "longitude": -86.4158}, {"playDate": "2018-11-23T20:36:37.000+0000", "artistId": 2884, "songId": 27193408, "state": "MN", "style": "R&B - SOUL", "latitude": 46.44186, "longitude": -93.36552}, {"playDate": "2018-11-23T20:39:17.000+0000", "artistId": 2884, "songId": 27193401, "state": "PA", "style": "R&B - SOUL", "latitude": 40.994595, "longitude": -77.6047}, {"playDate": "2018-11-23T20:39:33.000+0000", "artistId": 2884, "songId": 27159804, "state": "IL", "style": "R&B - SOUL", "latitude": 39.73932, "longitude": -89.50414}, {"playDate": "2018-11-23T20:39:54.000+0000", "artistId": 2884, "songId": 78166808, "state": "IN", "style": "R&B - SOUL", "latitude": 39.76622, "longitude": -86.44128}, {"playDate": "2018-11-23T20:41:12.000+0000", "artistId": 2884, "songId": 78166801, "state": "SC", "style": "R&B - SOUL", "latitude": 33.62505, "longitude": -80.94704}, {"playDate": "2018-11-23T20:42:19.000+0000", "artistId": 2884, "songId": 27193401, "state": "MD", "style": "R&B - SOUL", "latitude": 38.80635, "longitude": -77.26842}, {"playDate": "2018-11-23T20:43:39.000+0000", "artistId": 2884, "songId": 78166808, "state": "PA", "style": "R&B - SOUL", "latitude": 40.994595, "longitude": -77.6047}, {"playDate": "2018-11-23T20:43:58.000+0000", "artistId": 2884, "songId": 78166808, "state": "ID", "style": "R&B - SOUL", "latitude": 45.494576, "longitude": -114.14243}, {"playDate": "2018-11-23T20:55:54.000+0000", "artistId": 2884, "songId": 27159812, "state": "FL", "style": "R&B - SOUL", "latitude": 27.975727, "longitude": -83.833015}, {"playDate": "2018-11-23T21:04:17.000+0000", "artistId": 2884, "songId": 78166803, "state": "PA", "style": "R&B - SOUL", "latitude": 40.994595, "longitude": -77.6047}, {"playDate": "2018-11-23T21:07:39.000+0000", "artistId": 2884, "songId": 27193401, "state": "CA", "style": "R&B - SOUL", "latitude": 37.271873, "longitude": -119.27042}, {"playDate": "2018-11-23T21:11:47.000+0000", "artistId": 2884, "songId": 97983803, "state": "CO", "style": "R&B - SOUL", "latitude": 38.997932, "longitude": -105.55057}, {"playDate": "2018-11-23T21:16:45.000+0000", "artistId": 2884, "songId": 78166801, "state": "TX", "style": "R&B - SOUL", "latitude": 31.169336, "longitude": -100.07684}, {"playDate": "2018-11-23T21:18:41.000+0000", "artistId": 2884, "songId": 12732902, "state": "PA", "style": "R&B - SOUL", "latitude": 40.994595, "longitude": -77.6047}, {"playDate": "2018-11-23T21:25:20.000+0000", "artistId": 2884, "songId": 27193401, "state": "GA", "style": "R&B - SOUL", "latitude": 32.678123, "longitude": -83.22298}, {"playDate": "2018-11-23T21:30:53.000+0000", "artistId": 2884, "songId": 78166856, "state": "IL", "style": "R&B - SOUL", "latitude": 39.73932, "longitude": -89.50414}, {"playDate": "2018-11-23T21:30:54.000+0000", "artistId": 2884, "songId": 27193401, "state": "ON", "style": "R&B - SOUL", "latitude": 44.566647, "longitude": -80.84998}, {"playDate": "2018-11-23T21:31:47.000+0000", "artistId": 2884, "songId": 78166812, "state": "NV", "style": "R&B - SOUL", "latitude": 38.502033, "longitude": -117.02306}, {"playDate": "2018-11-23T21:32:31.000+0000", "artistId": 2884, "songId": 78166812, "state": "QC", "style": "R&B - SOUL", "latitude": 49.82258, "longitude": -64.34799}, {"playDate": "2018-11-23T21:36:30.000+0000", "artistId": 2884, "songId": 78166808, "state": "WV", "style": "R&B - SOUL", "latitude": 38.92017, "longitude": -80.181694}, {"playDate": "2018-11-23T21:36:51.000+0000", "artistId": 2884, "songId": 78166808, "state": "SC", "style": "R&B - SOUL", "latitude": 33.62505, "longitude": -80.94704}, {"playDate": "2018-11-23T21:37:04.000+0000", "artistId": 2884, "songId": 78166862, "state": "NC", "style": "R&B - SOUL", "latitude": 35.21456, "longitude": -79.891266}, {"playDate": "2018-11-23T21:40:40.000+0000", "artistId": 2884, "songId": 78166808, "state": "IN", "style": "R&B - SOUL", "latitude": 39.76622, "longitude": -86.44128}, {"playDate": "2018-11-23T21:45:58.000+0000", "artistId": 2884, "songId": 12732902, "state": "SC", "style": "R&B - SOUL", "latitude": 33.62505, "longitude": -80.94704}, {"playDate": "2018-11-23T21:50:27.000+0000", "artistId": 2884, "songId": 78166808, "state": "LA", "style": "R&B - SOUL", "latitude": 30.973377, "longitude": -91.42991}, {"playDate": "2018-11-23T21:53:46.000+0000", "artistId": 2884, "songId": 27152401, "state": "IL", "style": "R&B - SOUL", "latitude": 39.73932, "longitude": -89.50414}, {"playDate": "2018-11-23T21:53:57.000+0000", "artistId": 2884, "songId": 78166812, "state": "VA", "style": "R&B - SOUL", "latitude": 38.003384, "longitude": -79.458786}, {"playDate": "2018-11-23T21:56:20.000+0000", "artistId": 2884, "songId": 27193401, "state": "IL", "style": "R&B - SOUL", "latitude": 39.73932, "longitude": -89.50414}, {"playDate": "2018-11-23T21:56:25.000+0000", "artistId": 2884, "songId": 78166808, "state": "FL", "style": "R&B - SOUL", "latitude": 27.975727, "longitude": -83.833015}, {"playDate": "2018-11-23T21:58:14.000+0000", "artistId": 2884, "songId": 78166862, "state": "FL", "style": "R&B - SOUL", "latitude": 27.975727, "longitude": -83.833015}, {"playDate": "2018-11-23T21:58:38.000+0000", "artistId": 2884, "songId": 78166808, "state": "QC", "style": "R&B - SOUL", "latitude": 49.82258, "longitude": -64.34799}, {"playDate": "2018-11-23T21:59:10.000+0000", "artistId": 2884, "songId": 21828601, "state": "TX", "style": "R&B - SOUL", "latitude": 31.169336, "longitude": -100.07684}, {"playDate": "2018-11-23T21:59:18.000+0000", "artistId": 2884, "songId": 27193401, "state": "PA", "style": "R&B - SOUL", "latitude": 40.994595, "longitude": -77.6047}, {"playDate": "2018-11-23T22:05:07.000+0000", "artistId": 2884, "songId": 27152401, "state": "NJ", "style": "R&B - SOUL", "latitude": 40.143005, "longitude": -74.73112}, {"playDate": "2018-11-23T22:06:18.000+0000", "artistId": 2884, "songId": 78166808, "state": "MI", "style": "R&B - SOUL", "latitude": 44.94356, "longitude": -86.4158}, {"playDate": "2018-11-23T22:07:00.000+0000", "artistId": 2884, "songId": 27193408, "state": "WI", "style": "R&B - SOUL", "latitude": 44.786297, "longitude": -89.826706}, {"playDate": "2018-11-23T22:08:02.000+0000", "artistId": 2884, "songId": 21828601, "state": "WI", "style": "R&B - SOUL", "latitude": 44.786297, "longitude": -89.826706}, {"playDate": "2018-11-23T22:09:49.000+0000", "artistId": 2884, "songId": 12732902, "state": "QC", "style": "R&B - SOUL", "latitude": 49.82258, "longitude": -64.34799}, {"playDate": "2018-11-23T22:11:34.000+0000", "artistId": 2884, "songId": 78166808, "state": "OH", "style": "R&B - SOUL", "latitude": 40.19036, "longitude": -82.66925}, {"playDate": "2018-11-23T22:14:29.000+0000", "artistId": 2884, "songId": 27152401, "state": "NH", "style": "R&B - SOUL", "latitude": 44.001232, "longitude": -71.579926}, {"playDate": "2018-11-23T22:14:44.000+0000", "artistId": 2884, "songId": 27193408, "state": "MN", "style": "R&B - SOUL", "latitude": 46.44186, "longitude": -93.36552}, {"playDate": "2018-11-23T22:18:45.000+0000", "artistId": 2884, "songId": 78166812, "state": "VT", "style": "R&B - SOUL", "latitude": 43.871754, "longitude": -72.447784}, {"playDate": "2018-11-23T22:19:27.000+0000", "artistId": 2884, "songId": 78166811, "state": "MA", "style": "R&B - SOUL", "latitude": 42.06294, "longitude": -71.71806}, {"playDate": "2018-11-23T22:20:22.000+0000", "artistId": 2884, "songId": 78166808, "state": "WI", "style": "R&B - SOUL", "latitude": 44.786297, "longitude": -89.826706}, {"playDate": "2018-11-23T22:27:54.000+0000", "artistId": 2884, "songId": 12732902, "state": "GA", "style": "R&B - SOUL", "latitude": 32.678123, "longitude": -83.22298}, {"playDate": "2018-11-23T22:28:46.000+0000", "artistId": 2884, "songId": 78166808, "state": "NY", "style": "R&B - SOUL", "latitude": 40.705627, "longitude": -73.97968}, {"playDate": "2018-11-23T22:42:24.000+0000", "artistId": 2884, "songId": 27159813, "state": "GA", "style": "R&B - SOUL", "latitude": 32.678123, "longitude": -83.22298}, {"playDate": "2018-11-23T22:51:56.000+0000", "artistId": 2884, "songId": 27152701, "state": "MI", "style": "R&B - SOUL", "latitude": 44.94356, "longitude": -86.4158}, {"playDate": "2018-11-23T22:54:53.000+0000", "artistId": 2884, "songId": 78166802, "state": "IL", "style": "R&B - SOUL", "latitude": 39.73932, "longitude": -89.50414}, {"playDate": "2018-11-23T23:05:39.000+0000", "artistId": 2884, "songId": 32499811, "state": "CA", "style": "R&B - SOUL", "latitude": 37.271873, "longitude": -119.27042}, {"playDate": "2018-11-23T23:09:44.000+0000", "artistId": 2884, "songId": 78166808, "state": "MI", "style": "R&B - SOUL", "latitude": 44.94356, "longitude": -86.4158}, {"playDate": "2018-11-23T23:12:50.000+0000", "artistId": 2884, "songId": 78166808, "state": "WI", "style": "R&B - SOUL", "latitude": 44.786297, "longitude": -89.826706}, {"playDate": "2018-11-23T23:13:04.000+0000", "artistId": 2884, "songId": 78166802, "state": "IL", "style": "R&B - SOUL", "latitude": 39.73932, "longitude": -89.50414}, {"playDate": "2018-11-23T23:17:29.000+0000", "artistId": 2884, "songId": 32499806, "state": "MN", "style": "R&B - SOUL", "latitude": 46.44186, "longitude": -93.36552}, {"playDate": "2018-11-23T23:18:39.000+0000", "artistId": 2884, "songId": 27159806, "state": "MO", "style": "R&B - SOUL", "latitude": 38.30466, "longitude": -92.437096}, {"playDate": "2018-11-23T23:18:41.000+0000", "artistId": 2884, "songId": 78166801, "state": "NV", "style": "R&B - SOUL", "latitude": 38.502033, "longitude": -117.02306}, {"playDate": "2018-11-23T23:20:19.000+0000", "artistId": 2884, "songId": 27193401, "state": "PA", "style": "R&B - SOUL", "latitude": 40.994595, "longitude": -77.6047}, {"playDate": "2018-11-23T23:23:17.000+0000", "artistId": 2884, "songId": 78166808, "state": "MN", "style": "R&B - SOUL", "latitude": 46.44186, "longitude": -93.36552}, {"playDate": "2018-11-23T23:26:09.000+0000", "artistId": 2884, "songId": 78166811, "state": "QC", "style": "R&B - SOUL", "latitude": 49.82258, "longitude": -64.34799}, {"playDate": "2018-11-23T23:29:06.000+0000", "artistId": 2884, "songId": 27152401, "state": "MI", "style": "R&B - SOUL", "latitude": 44.94356, "longitude": -86.4158}, {"playDate": "2018-11-23T23:29:36.000+0000", "artistId": 2884, "songId": 27152703, "state": "PA", "style": "R&B - SOUL", "latitude": 40.994595, "longitude": -77.6047}, {"playDate": "2018-11-23T23:42:54.000+0000", "artistId": 2884, "songId": 27159806, "state": "MN", "style": "R&B - SOUL", "latitude": 46.44186, "longitude": -93.36552}, {"playDate": "2018-11-23T23:47:49.000+0000", "artistId": 2884, "songId": 27193401, "state": "AK", "style": "R&B - SOUL", "latitude": 61.3025, "longitude": -158.77502}, {"playDate": "2018-11-23T23:50:38.000+0000", "artistId": 2884, "songId": 27193401, "state": "FL", "style": "R&B - SOUL", "latitude": 27.975727, "longitude": -83.833015}, {"playDate": "2018-11-23T23:57:33.000+0000", "artistId": 2884, "songId": 78166802, "state": "MI", "style": "R&B - SOUL", "latitude": 44.94356, "longitude": -86.4158}, {"playDate": "2018-11-23T23:57:34.000+0000", "artistId": 2884, "songId": 78166808, "state": "OH", "style": "R&B - SOUL", "latitude": 40.19036, "longitude": -82.66925}], "totalRecordsCount": 328}