{"plays": [{"playDate": "2018-11-29T00:01:29.000+0000", "artistId": 2884, "songId": 27159806, "state": "AZ", "style": "R&B - SOUL", "latitude": 34.168217, "longitude": -111.93091}, {"playDate": "2018-11-29T00:03:54.000+0000", "artistId": 2884, "songId": 78166808, "state": "TX", "style": "R&B - SOUL", "latitude": 31.169336, "longitude": -100.07684}, {"playDate": "2018-11-29T00:06:03.000+0000", "artistId": 2884, "songId": 12732902, "state": "CA", "style": "R&B - SOUL", "latitude": 37.271873, "longitude": -119.27042}, {"playDate": "2018-11-29T00:07:38.000+0000", "artistId": 2884, "songId": 78166804, "state": "OH", "style": "R&B - SOUL", "latitude": 40.19036, "longitude": -82.66925}, {"playDate": "2018-11-29T00:09:04.000+0000", "artistId": 2884, "songId": 78166802, "state": "IL", "style": "R&B - SOUL", "latitude": 39.73932, "longitude": -89.50414}, {"playDate": "2018-11-29T00:22:18.000+0000", "artistId": 2884, "songId": 78166807, "state": "TX", "style": "R&B - SOUL", "latitude": 31.169336, "longitude": -100.07684}, {"playDate": "2018-11-29T00:36:01.000+0000", "artistId": 2884, "songId": 78166808, "state": "FL", "style": "R&B - SOUL", "latitude": 27.975727, "longitude": -83.833015}, {"playDate": "2018-11-29T00:43:10.000+0000", "artistId": 2884, "songId": 78166802, "state": "RI", "style": "R&B - SOUL", "latitude": 41.58273, "longitude": -71.506454}, {"playDate": "2018-11-29T01:00:24.000+0000", "artistId": 2884, "songId": 27152401, "state": "IL", "style": "R&B - SOUL", "latitude": 39.73932, "longitude": -89.50414}, {"playDate": "2018-11-29T01:04:00.000+0000", "artistId": 2884, "songId": 78166811, "state": "CT", "style": "R&B - SOUL", "latitude": 41.518784, "longitude": -72.75751}, {"playDate": "2018-11-29T01:06:51.000+0000", "artistId": 2884, "songId": 78128005, "state": "WA", "style": "R&B - SOUL", "latitude": 38.89935, "longitude": -77.014565}, {"playDate": "2018-11-29T01:13:37.000+0000", "artistId": 2884, "songId": 78128005, "state": "PA", "style": "R&B - SOUL", "latitude": 40.994595, "longitude": -77.6047}, {"playDate": "2018-11-29T01:19:00.000+0000", "artistId": 2884, "songId": 27152703, "state": "OR", "style": "R&B - SOUL", "latitude": 44.141907, "longitude": -120.5381}, {"playDate": "2018-11-29T01:19:09.000+0000", "artistId": 2884, "songId": 27193408, "state": "WA", "style": "R&B - SOUL", "latitude": 38.89935, "longitude": -77.014565}, {"playDate": "2018-11-29T01:28:56.000+0000", "artistId": 2884, "songId": 27159812, "state": "WI", "style": "R&B - SOUL", "latitude": 44.786297, "longitude": -89.826706}, {"playDate": "2018-11-29T01:56:53.000+0000", "artistId": 2884, "songId": 78166812, "state": "VA", "style": "R&B - SOUL", "latitude": 38.003384, "longitude": -79.458786}, {"playDate": "2018-11-29T01:59:18.000+0000", "artistId": 2884, "songId": 27193408, "state": "QC", "style": "R&B - SOUL", "latitude": 49.82258, "longitude": -64.34799}, {"playDate": "2018-11-29T02:14:29.000+0000", "artistId": 2884, "songId": 12732902, "state": "CA", "style": "R&B - SOUL", "latitude": 37.271873, "longitude": -119.27042}, {"playDate": "2018-11-29T02:35:17.000+0000", "artistId": 2884, "songId": 21898701, "state": "IL", "style": "R&B - SOUL", "latitude": 39.73932, "longitude": -89.50414}, {"playDate": "2018-11-29T02:49:41.000+0000", "artistId": 2884, "songId": 78166851, "state": "PA", "style": "R&B - SOUL", "latitude": 40.994595, "longitude": -77.6047}, {"playDate": "2018-11-29T03:02:59.000+0000", "artistId": 2884, "songId": 78166811, "state": "CA", "style": "R&B - SOUL", "latitude": 37.271873, "longitude": -119.27042}, {"playDate": "2018-11-29T03:23:57.000+0000", "artistId": 2884, "songId": 78166808, "state": "IL", "style": "R&B - SOUL", "latitude": 39.73932, "longitude": -89.50414}, {"playDate": "2018-11-29T03:34:02.000+0000", "artistId": 2884, "songId": 78166808, "state": "OR", "style": "R&B - SOUL", "latitude": 44.141907, "longitude": -120.5381}, {"playDate": "2018-11-29T03:47:54.000+0000", "artistId": 2884, "songId": 12732902, "state": "CA", "style": "R&B - SOUL", "latitude": 37.271873, "longitude": -119.27042}, {"playDate": "2018-11-29T03:52:05.000+0000", "artistId": 2884, "songId": 78166808, "state": "CO", "style": "R&B - SOUL", "latitude": 38.997932, "longitude": -105.55057}, {"playDate": "2018-11-29T03:54:23.000+0000", "artistId": 2884, "songId": 78166808, "state": "NY", "style": "R&B - SOUL", "latitude": 40.705627, "longitude": -73.97968}, {"playDate": "2018-11-29T03:59:22.000+0000", "artistId": 2884, "songId": 78166808, "state": "FL", "style": "R&B - SOUL", "latitude": 27.975727, "longitude": -83.833015}, {"playDate": "2018-11-29T04:19:48.000+0000", "artistId": 2884, "songId": 78166808, "state": "MO", "style": "R&B - SOUL", "latitude": 38.30466, "longitude": -92.437096}, {"playDate": "2018-11-29T04:30:04.000+0000", "artistId": 2884, "songId": 78166811, "state": "OR", "style": "R&B - SOUL", "latitude": 44.141907, "longitude": -120.5381}, {"playDate": "2018-11-29T05:32:19.000+0000", "artistId": 2884, "songId": 27193408, "state": "KY", "style": "R&B - SOUL", "latitude": 37.822292, "longitude": -85.76824}, {"playDate": "2018-11-29T05:47:16.000+0000", "artistId": 2884, "songId": 27193408, "state": "CA", "style": "R&B - SOUL", "latitude": 37.271873, "longitude": -119.27042}, {"playDate": "2018-11-29T06:05:47.000+0000", "artistId": 2884, "songId": 27193408, "state": "CA", "style": "R&B - SOUL", "latitude": 37.271873, "longitude": -119.27042}, {"playDate": "2018-11-29T06:09:30.000+0000", "artistId": 2884, "songId": 78166808, "state": "WV", "style": "R&B - SOUL", "latitude": 38.92017, "longitude": -80.181694}, {"playDate": "2018-11-29T06:14:18.000+0000", "artistId": 2884, "songId": 27193408, "state": "TN", "style": "R&B - SOUL", "latitude": 35.83052, "longitude": -85.9786}, {"playDate": "2018-11-29T07:01:44.000+0000", "artistId": 2884, "songId": 27193401, "state": "GA", "style": "R&B - SOUL", "latitude": 32.678123, "longitude": -83.22298}, {"playDate": "2018-11-29T07:13:40.000+0000", "artistId": 2884, "songId": 21898704, "state": "MN", "style": "R&B - SOUL", "latitude": 46.44186, "longitude": -93.36552}, {"playDate": "2018-11-29T07:26:55.000+0000", "artistId": 2884, "songId": 12732902, "state": "QC", "style": "R&B - SOUL", "latitude": 49.82258, "longitude": -64.34799}, {"playDate": "2018-11-29T07:27:13.000+0000", "artistId": 2884, "songId": 78166808, "state": "CO", "style": "R&B - SOUL", "latitude": 38.997932, "longitude": -105.55057}, {"playDate": "2018-11-29T07:39:51.000+0000", "artistId": 2884, "songId": 78166808, "state": "SC", "style": "R&B - SOUL", "latitude": 33.62505, "longitude": -80.94704}, {"playDate": "2018-11-29T07:58:17.000+0000", "artistId": 2884, "songId": 12732902, "state": "MN", "style": "R&B - SOUL", "latitude": 46.44186, "longitude": -93.36552}, {"playDate": "2018-11-29T08:14:54.000+0000", "artistId": 2884, "songId": 78166808, "state": "MI", "style": "R&B - SOUL", "latitude": 44.94356, "longitude": -86.4158}, {"playDate": "2018-11-29T08:28:11.000+0000", "artistId": 2884, "songId": 78166801, "state": "TN", "style": "R&B - SOUL", "latitude": 35.83052, "longitude": -85.9786}, {"playDate": "2018-11-29T08:28:30.000+0000", "artistId": 2884, "songId": 78166808, "state": "VA", "style": "R&B - SOUL", "latitude": 38.003384, "longitude": -79.458786}, {"playDate": "2018-11-29T08:36:40.000+0000", "artistId": 2884, "songId": 27193408, "state": "IL", "style": "R&B - SOUL", "latitude": 39.73932, "longitude": -89.50414}, {"playDate": "2018-11-29T08:50:26.000+0000", "artistId": 2884, "songId": 27152702, "state": "WA", "style": "R&B - SOUL", "latitude": 38.89935, "longitude": -77.014565}, {"playDate": "2018-11-29T08:56:52.000+0000", "artistId": 2884, "songId": 27193401, "state": "NC", "style": "R&B - SOUL", "latitude": 35.21456, "longitude": -79.891266}, {"playDate": "2018-11-29T09:18:51.000+0000", "artistId": 2884, "songId": 78166801, "state": "MI", "style": "R&B - SOUL", "latitude": 44.94356, "longitude": -86.4158}, {"playDate": "2018-11-29T09:32:04.000+0000", "artistId": 2884, "songId": 27193401, "state": "GA", "style": "R&B - SOUL", "latitude": 32.678123, "longitude": -83.22298}, {"playDate": "2018-11-29T09:32:48.000+0000", "artistId": 2884, "songId": 12732902, "state": "AZ", "style": "R&B - SOUL", "latitude": 34.168217, "longitude": -111.93091}, {"playDate": "2018-11-29T09:36:02.000+0000", "artistId": 2884, "songId": 78166808, "state": "IL", "style": "R&B - SOUL", "latitude": 39.73932, "longitude": -89.50414}, {"playDate": "2018-11-29T10:07:17.000+0000", "artistId": 2884, "songId": 27193408, "state": "KY", "style": "R&B - SOUL", "latitude": 37.822292, "longitude": -85.76824}, {"playDate": "2018-11-29T10:17:25.000+0000", "artistId": 2884, "songId": 27193401, "state": "AR", "style": "R&B - SOUL", "latitude": 34.751926, "longitude": -92.13138}, {"playDate": "2018-11-29T10:20:18.000+0000", "artistId": 2884, "songId": 27152401, "state": "OK", "style": "R&B - SOUL", "latitude": 35.309765, "longitude": -98.71656}, {"playDate": "2018-11-29T10:22:43.000+0000", "artistId": 2884, "songId": 27193401, "state": "NC", "style": "R&B - SOUL", "latitude": 35.21456, "longitude": -79.891266}, {"playDate": "2018-11-29T10:22:55.000+0000", "artistId": 2884, "songId": 78166862, "state": "IL", "style": "R&B - SOUL", "latitude": 39.73932, "longitude": -89.50414}, {"playDate": "2018-11-29T10:27:59.000+0000", "artistId": 2884, "songId": 12732902, "state": "MN", "style": "R&B - SOUL", "latitude": 46.44186, "longitude": -93.36552}, {"playDate": "2018-11-29T10:30:45.000+0000", "artistId": 2884, "songId": 78166808, "state": "QC", "style": "R&B - SOUL", "latitude": 49.82258, "longitude": -64.34799}, {"playDate": "2018-11-29T10:34:11.000+0000", "artistId": 2884, "songId": 68816805, "state": "FL", "style": "ELECTRO - DANCE", "latitude": 27.975727, "longitude": -83.833015}, {"playDate": "2018-11-29T10:35:04.000+0000", "artistId": 2884, "songId": 78166808, "state": "NC", "style": "R&B - SOUL", "latitude": 35.21456, "longitude": -79.891266}, {"playDate": "2018-11-29T10:37:31.000+0000", "artistId": 2884, "songId": 78166812, "state": "WI", "style": "R&B - SOUL", "latitude": 44.786297, "longitude": -89.826706}, {"playDate": "2018-11-29T10:37:38.000+0000", "artistId": 2884, "songId": 27193408, "state": "CA", "style": "R&B - SOUL", "latitude": 37.271873, "longitude": -119.27042}, {"playDate": "2018-11-29T10:43:17.000+0000", "artistId": 2884, "songId": 78166808, "state": "MI", "style": "R&B - SOUL", "latitude": 44.94356, "longitude": -86.4158}, {"playDate": "2018-11-29T10:52:40.000+0000", "artistId": 2884, "songId": 27193401, "state": "AK", "style": "R&B - SOUL", "latitude": 61.3025, "longitude": -158.77502}, {"playDate": "2018-11-29T11:06:19.000+0000", "artistId": 2884, "songId": 27152703, "state": "OH", "style": "R&B - SOUL", "latitude": 40.19036, "longitude": -82.66925}, {"playDate": "2018-11-29T11:06:21.000+0000", "artistId": 2884, "songId": 27193408, "state": "WA", "style": "R&B - SOUL", "latitude": 38.89935, "longitude": -77.014565}, {"playDate": "2018-11-29T11:06:48.000+0000", "artistId": 2884, "songId": 12732902, "state": "MI", "style": "R&B - SOUL", "latitude": 44.94356, "longitude": -86.4158}, {"playDate": "2018-11-29T11:16:25.000+0000", "artistId": 2884, "songId": 78166811, "state": "GA", "style": "R&B - SOUL", "latitude": 32.678123, "longitude": -83.22298}, {"playDate": "2018-11-29T11:18:58.000+0000", "artistId": 2884, "songId": 27152702, "state": "WA", "style": "R&B - SOUL", "latitude": 38.89935, "longitude": -77.014565}, {"playDate": "2018-11-29T11:19:18.000+0000", "artistId": 2884, "songId": 12732902, "state": "AZ", "style": "R&B - SOUL", "latitude": 34.168217, "longitude": -111.93091}, {"playDate": "2018-11-29T11:23:43.000+0000", "artistId": 2884, "songId": 27193408, "state": "QC", "style": "R&B - SOUL", "latitude": 49.82258, "longitude": -64.34799}, {"playDate": "2018-11-29T11:27:00.000+0000", "artistId": 2884, "songId": 27193408, "state": "MN", "style": "R&B - SOUL", "latitude": 46.44186, "longitude": -93.36552}, {"playDate": "2018-11-29T11:30:02.000+0000", "artistId": 2884, "songId": 78166808, "state": "FL", "style": "R&B - SOUL", "latitude": 27.975727, "longitude": -83.833015}, {"playDate": "2018-11-29T11:34:36.000+0000", "artistId": 2884, "songId": 27193408, "state": "PA", "style": "R&B - SOUL", "latitude": 40.994595, "longitude": -77.6047}, {"playDate": "2018-11-29T11:35:44.000+0000", "artistId": 2884, "songId": 78166811, "state": "MN", "style": "R&B - SOUL", "latitude": 46.44186, "longitude": -93.36552}, {"playDate": "2018-11-29T11:38:02.000+0000", "artistId": 2884, "songId": 78166808, "state": "TX", "style": "R&B - SOUL", "latitude": 31.169336, "longitude": -100.07684}, {"playDate": "2018-11-29T11:43:57.000+0000", "artistId": 2884, "songId": 78166808, "state": "WA", "style": "R&B - SOUL", "latitude": 38.89935, "longitude": -77.014565}, {"playDate": "2018-11-29T12:00:42.000+0000", "artistId": 2884, "songId": 27193401, "state": "AL", "style": "R&B - SOUL", "latitude": 32.60101, "longitude": -86.68073}, {"playDate": "2018-11-29T12:04:28.000+0000", "artistId": 2884, "songId": 27152703, "state": "LA", "style": "R&B - SOUL", "latitude": 30.973377, "longitude": -91.42991}, {"playDate": "2018-11-29T12:05:36.000+0000", "artistId": 2884, "songId": 78166808, "state": "CT", "style": "R&B - SOUL", "latitude": 41.518784, "longitude": -72.75751}, {"playDate": "2018-11-29T12:07:41.000+0000", "artistId": 2884, "songId": 78166808, "state": "WA", "style": "R&B - SOUL", "latitude": 38.89935, "longitude": -77.014565}, {"playDate": "2018-11-29T12:09:29.000+0000", "artistId": 2884, "songId": 27152702, "state": "AZ", "style": "R&B - SOUL", "latitude": 34.168217, "longitude": -111.93091}, {"playDate": "2018-11-29T12:11:01.000+0000", "artistId": 2884, "songId": 12732902, "state": "IL", "style": "R&B - SOUL", "latitude": 39.73932, "longitude": -89.50414}, {"playDate": "2018-11-29T12:17:45.000+0000", "artistId": 2884, "songId": 27193408, "state": "CA", "style": "R&B - SOUL", "latitude": 37.271873, "longitude": -119.27042}, {"playDate": "2018-11-29T12:19:38.000+0000", "artistId": 2884, "songId": 27193401, "state": "GA", "style": "R&B - SOUL", "latitude": 32.678123, "longitude": -83.22298}, {"playDate": "2018-11-29T12:21:54.000+0000", "artistId": 2884, "songId": 27193401, "state": "OK", "style": "R&B - SOUL", "latitude": 35.309765, "longitude": -98.71656}, {"playDate": "2018-11-29T12:26:32.000+0000", "artistId": 2884, "songId": 78166808, "state": "IN", "style": "R&B - SOUL", "latitude": 39.76622, "longitude": -86.44128}, {"playDate": "2018-11-29T12:30:18.000+0000", "artistId": 2884, "songId": 78166808, "state": "WA", "style": "R&B - SOUL", "latitude": 38.89935, "longitude": -77.014565}, {"playDate": "2018-11-29T12:31:25.000+0000", "artistId": 2884, "songId": 21898701, "state": "IA", "style": "R&B - SOUL", "latitude": 41.938316, "longitude": -93.3898}, {"playDate": "2018-11-29T12:32:26.000+0000", "artistId": 2884, "songId": 21898701, "state": "MD", "style": "R&B - SOUL", "latitude": 38.80635, "longitude": -77.26842}, {"playDate": "2018-11-29T12:36:58.000+0000", "artistId": 2884, "songId": 78166808, "state": "MI", "style": "R&B - SOUL", "latitude": 44.94356, "longitude": -86.4158}, {"playDate": "2018-11-29T12:39:15.000+0000", "artistId": 2884, "songId": 78166808, "state": "VA", "style": "R&B - SOUL", "latitude": 38.003384, "longitude": -79.458786}, {"playDate": "2018-11-29T12:48:04.000+0000", "artistId": 2884, "songId": 78166812, "state": "AZ", "style": "R&B - SOUL", "latitude": 34.168217, "longitude": -111.93091}, {"playDate": "2018-11-29T12:48:27.000+0000", "artistId": 2884, "songId": 78128005, "state": "VA", "style": "R&B - SOUL", "latitude": 38.003384, "longitude": -79.458786}, {"playDate": "2018-11-29T12:54:02.000+0000", "artistId": 2884, "songId": 78166808, "state": "MD", "style": "R&B - SOUL", "latitude": 38.80635, "longitude": -77.26842}, {"playDate": "2018-11-29T12:57:24.000+0000", "artistId": 2884, "songId": 27193401, "state": "AL", "style": "R&B - SOUL", "latitude": 32.60101, "longitude": -86.68073}, {"playDate": "2018-11-29T12:58:07.000+0000", "artistId": 2884, "songId": 27152401, "state": "IL", "style": "R&B - SOUL", "latitude": 39.73932, "longitude": -89.50414}, {"playDate": "2018-11-29T13:06:17.000+0000", "artistId": 2884, "songId": 78166808, "state": "MI", "style": "R&B - SOUL", "latitude": 44.94356, "longitude": -86.4158}, {"playDate": "2018-11-29T13:11:35.000+0000", "artistId": 2884, "songId": 78166808, "state": "CO", "style": "R&B - SOUL", "latitude": 38.997932, "longitude": -105.55057}, {"playDate": "2018-11-29T13:24:04.000+0000", "artistId": 2884, "songId": 27159813, "state": "IL", "style": "R&B - SOUL", "latitude": 39.73932, "longitude": -89.50414}, {"playDate": "2018-11-29T13:24:34.000+0000", "artistId": 2884, "songId": 78166812, "state": "OH", "style": "R&B - SOUL", "latitude": 40.19036, "longitude": -82.66925}, {"playDate": "2018-11-29T13:30:01.000+0000", "artistId": 2884, "songId": 27193401, "state": "DE", "style": "R&B - SOUL", "latitude": 39.145252, "longitude": -75.41892}, {"playDate": "2018-11-29T13:38:48.000+0000", "artistId": 2884, "songId": 78166801, "state": "PA", "style": "R&B - SOUL", "latitude": 40.994595, "longitude": -77.6047}, {"playDate": "2018-11-29T13:45:03.000+0000", "artistId": 2884, "songId": 27193401, "state": "OH", "style": "R&B - SOUL", "latitude": 40.19036, "longitude": -82.66925}, {"playDate": "2018-11-29T13:45:53.000+0000", "artistId": 2884, "songId": 78166811, "state": "PA", "style": "R&B - SOUL", "latitude": 40.994595, "longitude": -77.6047}, {"playDate": "2018-11-29T13:59:59.000+0000", "artistId": 2884, "songId": 27152401, "state": "DE", "style": "R&B - SOUL", "latitude": 39.145252, "longitude": -75.41892}, {"playDate": "2018-11-29T14:01:46.000+0000", "artistId": 2884, "songId": 78166808, "state": "IL", "style": "R&B - SOUL", "latitude": 39.73932, "longitude": -89.50414}, {"playDate": "2018-11-29T14:03:29.000+0000", "artistId": 2884, "songId": 78166808, "state": "IN", "style": "R&B - SOUL", "latitude": 39.76622, "longitude": -86.44128}, {"playDate": "2018-11-29T14:05:20.000+0000", "artistId": 2884, "songId": 27193406, "state": "NJ", "style": "R&B - SOUL", "latitude": 40.143005, "longitude": -74.73112}, {"playDate": "2018-11-29T14:10:14.000+0000", "artistId": 2884, "songId": 68816807, "state": "FL", "style": "ELECTRO - DANCE", "latitude": 27.975727, "longitude": -83.833015}, {"playDate": "2018-11-29T14:14:36.000+0000", "artistId": 2884, "songId": 27193401, "state": "NJ", "style": "R&B - SOUL", "latitude": 40.143005, "longitude": -74.73112}, {"playDate": "2018-11-29T14:16:39.000+0000", "artistId": 2884, "songId": 78166808, "state": "AZ", "style": "R&B - SOUL", "latitude": 34.168217, "longitude": -111.93091}, {"playDate": "2018-11-29T14:29:31.000+0000", "artistId": 2884, "songId": 27193408, "state": "OR", "style": "R&B - SOUL", "latitude": 44.141907, "longitude": -120.5381}, {"playDate": "2018-11-29T14:30:29.000+0000", "artistId": 2884, "songId": 27152702, "state": "IN", "style": "R&B - SOUL", "latitude": 39.76622, "longitude": -86.44128}, {"playDate": "2018-11-29T14:42:26.000+0000", "artistId": 2884, "songId": 78166808, "state": "MO", "style": "R&B - SOUL", "latitude": 38.30466, "longitude": -92.437096}, {"playDate": "2018-11-29T14:52:44.000+0000", "artistId": 2884, "songId": 78166808, "state": "ND", "style": "R&B - SOUL", "latitude": 47.46788, "longitude": -100.30227}, {"playDate": "2018-11-29T14:54:03.000+0000", "artistId": 2884, "songId": 27159804, "state": "MO", "style": "R&B - SOUL", "latitude": 38.30466, "longitude": -92.437096}, {"playDate": "2018-11-29T14:54:46.000+0000", "artistId": 2884, "songId": 27152703, "state": "IL", "style": "R&B - SOUL", "latitude": 39.73932, "longitude": -89.50414}, {"playDate": "2018-11-29T14:56:34.000+0000", "artistId": 2884, "songId": 78166808, "state": "TX", "style": "R&B - SOUL", "latitude": 31.169336, "longitude": -100.07684}, {"playDate": "2018-11-29T15:09:29.000+0000", "artistId": 2884, "songId": 78166801, "state": "WA", "style": "R&B - SOUL", "latitude": 38.89935, "longitude": -77.014565}, {"playDate": "2018-11-29T15:22:08.000+0000", "artistId": 2884, "songId": 27193408, "state": "NJ", "style": "R&B - SOUL", "latitude": 40.143005, "longitude": -74.73112}, {"playDate": "2018-11-29T15:44:57.000+0000", "artistId": 2884, "songId": 27152401, "state": "TX", "style": "R&B - SOUL", "latitude": 31.169336, "longitude": -100.07684}, {"playDate": "2018-11-29T15:45:31.000+0000", "artistId": 2884, "songId": 27152702, "state": "TX", "style": "R&B - SOUL", "latitude": 31.169336, "longitude": -100.07684}, {"playDate": "2018-11-29T15:49:00.000+0000", "artistId": 2884, "songId": 78166808, "state": "PA", "style": "R&B - SOUL", "latitude": 40.994595, "longitude": -77.6047}, {"playDate": "2018-11-29T15:50:49.000+0000", "artistId": 2884, "songId": 27152401, "state": "WY", "style": "R&B - SOUL", "latitude": 43.000324, "longitude": -107.554565}, {"playDate": "2018-11-29T15:56:18.000+0000", "artistId": 2884, "songId": 21898704, "state": "MI", "style": "R&B - SOUL", "latitude": 44.94356, "longitude": -86.4158}, {"playDate": "2018-11-29T15:59:59.000+0000", "artistId": 2884, "songId": 65017402, "state": "CA", "style": "R&B - SOUL", "latitude": 37.271873, "longitude": -119.27042}, {"playDate": "2018-11-29T16:03:42.000+0000", "artistId": 2884, "songId": 78166804, "state": "AZ", "style": "R&B - SOUL", "latitude": 34.168217, "longitude": -111.93091}, {"playDate": "2018-11-29T16:04:14.000+0000", "artistId": 2884, "songId": 78166808, "state": "CO", "style": "R&B - SOUL", "latitude": 38.997932, "longitude": -105.55057}, {"playDate": "2018-11-29T16:06:50.000+0000", "artistId": 2884, "songId": 27152702, "state": "TX", "style": "R&B - SOUL", "latitude": 31.169336, "longitude": -100.07684}, {"playDate": "2018-11-29T16:07:11.000+0000", "artistId": 2884, "songId": 27193408, "state": "TX", "style": "R&B - SOUL", "latitude": 31.169336, "longitude": -100.07684}, {"playDate": "2018-11-29T16:07:13.000+0000", "artistId": 2884, "songId": 78166808, "state": "MA", "style": "R&B - SOUL", "latitude": 42.06294, "longitude": -71.71806}, {"playDate": "2018-11-29T16:10:23.000+0000", "artistId": 2884, "songId": 78166817, "state": "PA", "style": "R&B - SOUL", "latitude": 40.994595, "longitude": -77.6047}, {"playDate": "2018-11-29T16:13:21.000+0000", "artistId": 2884, "songId": 27193401, "state": "PA", "style": "R&B - SOUL", "latitude": 40.994595, "longitude": -77.6047}, {"playDate": "2018-11-29T16:16:00.000+0000", "artistId": 2884, "songId": 78166808, "state": "FL", "style": "R&B - SOUL", "latitude": 27.975727, "longitude": -83.833015}, {"playDate": "2018-11-29T16:17:18.000+0000", "artistId": 2884, "songId": 27159808, "state": "KY", "style": "R&B - SOUL", "latitude": 37.822292, "longitude": -85.76824}, {"playDate": "2018-11-29T16:17:28.000+0000", "artistId": 2884, "songId": 27193408, "state": "PA", "style": "R&B - SOUL", "latitude": 40.994595, "longitude": -77.6047}, {"playDate": "2018-11-29T16:23:40.000+0000", "artistId": 2884, "songId": 78166808, "state": "LA", "style": "R&B - SOUL", "latitude": 30.973377, "longitude": -91.42991}, {"playDate": "2018-11-29T16:23:58.000+0000", "artistId": 2884, "songId": 97983807, "state": "LA", "style": "R&B - SOUL", "latitude": 30.973377, "longitude": -91.42991}, {"playDate": "2018-11-29T16:28:36.000+0000", "artistId": 2884, "songId": 27193408, "state": "TX", "style": "R&B - SOUL", "latitude": 31.169336, "longitude": -100.07684}, {"playDate": "2018-11-29T16:29:06.000+0000", "artistId": 2884, "songId": 21898701, "state": "GA", "style": "R&B - SOUL", "latitude": 32.678123, "longitude": -83.22298}, {"playDate": "2018-11-29T16:36:51.000+0000", "artistId": 2884, "songId": 78166808, "state": "CO", "style": "R&B - SOUL", "latitude": 38.997932, "longitude": -105.55057}, {"playDate": "2018-11-29T16:44:53.000+0000", "artistId": 2884, "songId": 27193401, "state": "TX", "style": "R&B - SOUL", "latitude": 31.169336, "longitude": -100.07684}, {"playDate": "2018-11-29T16:46:11.000+0000", "artistId": 2884, "songId": 78166808, "state": "OH", "style": "R&B - SOUL", "latitude": 40.19036, "longitude": -82.66925}, {"playDate": "2018-11-29T16:46:37.000+0000", "artistId": 2884, "songId": 27159806, "state": "TX", "style": "R&B - SOUL", "latitude": 31.169336, "longitude": -100.07684}, {"playDate": "2018-11-29T16:48:22.000+0000", "artistId": 2884, "songId": 78166802, "state": "TX", "style": "R&B - SOUL", "latitude": 31.169336, "longitude": -100.07684}, {"playDate": "2018-11-29T16:49:48.000+0000", "artistId": 2884, "songId": 78166801, "state": "OH", "style": "R&B - SOUL", "latitude": 40.19036, "longitude": -82.66925}, {"playDate": "2018-11-29T16:50:13.000+0000", "artistId": 2884, "songId": 27152401, "state": "IL", "style": "R&B - SOUL", "latitude": 39.73932, "longitude": -89.50414}, {"playDate": "2018-11-29T16:51:22.000+0000", "artistId": 2884, "songId": 21898701, "state": "TX", "style": "R&B - SOUL", "latitude": 31.169336, "longitude": -100.07684}, {"playDate": "2018-11-29T16:53:05.000+0000", "artistId": 2884, "songId": 78166808, "state": "MT", "style": "R&B - SOUL", "latitude": 46.6798, "longitude": -110.044785}, {"playDate": "2018-11-29T16:57:11.000+0000", "artistId": 2884, "songId": 27193401, "state": "AL", "style": "R&B - SOUL", "latitude": 32.60101, "longitude": -86.68073}, {"playDate": "2018-11-29T16:57:52.000+0000", "artistId": 2884, "songId": 21828604, "state": "NY", "style": "R&B - SOUL", "latitude": 40.705627, "longitude": -73.97968}, {"playDate": "2018-11-29T17:00:43.000+0000", "artistId": 2884, "songId": 78166808, "state": "CA", "style": "R&B - SOUL", "latitude": 37.271873, "longitude": -119.27042}, {"playDate": "2018-11-29T17:01:46.000+0000", "artistId": 2884, "songId": 32499806, "state": "IA", "style": "R&B - SOUL", "latitude": 41.938316, "longitude": -93.3898}, {"playDate": "2018-11-29T17:05:34.000+0000", "artistId": 2884, "songId": 12302301, "state": "CA", "style": "JAZZ", "latitude": 37.271873, "longitude": -119.27042}, {"playDate": "2018-11-29T17:06:19.000+0000", "artistId": 2884, "songId": 78166808, "state": "MA", "style": "R&B - SOUL", "latitude": 42.06294, "longitude": -71.71806}, {"playDate": "2018-11-29T17:08:18.000+0000", "artistId": 2884, "songId": 27152401, "state": "IL", "style": "R&B - SOUL", "latitude": 39.73932, "longitude": -89.50414}, {"playDate": "2018-11-29T17:12:55.000+0000", "artistId": 2884, "songId": 12732902, "state": "TX", "style": "R&B - SOUL", "latitude": 31.169336, "longitude": -100.07684}, {"playDate": "2018-11-29T17:16:29.000+0000", "artistId": 2884, "songId": 21898701, "state": "PA", "style": "R&B - SOUL", "latitude": 40.994595, "longitude": -77.6047}, {"playDate": "2018-11-29T17:17:05.000+0000", "artistId": 2884, "songId": 78166856, "state": "MO", "style": "R&B - SOUL", "latitude": 38.30466, "longitude": -92.437096}, {"playDate": "2018-11-29T17:17:47.000+0000", "artistId": 2884, "songId": 90703801, "state": "CO", "style": "R&B - SOUL", "latitude": 38.997932, "longitude": -105.55057}, {"playDate": "2018-11-29T17:19:29.000+0000", "artistId": 2884, "songId": 78166808, "state": "QC", "style": "R&B - SOUL", "latitude": 49.82258, "longitude": -64.34799}, {"playDate": "2018-11-29T17:19:31.000+0000", "artistId": 2884, "songId": 21898704, "state": "UT", "style": "R&B - SOUL", "latitude": 39.49976, "longitude": -111.54703}, {"playDate": "2018-11-29T17:21:26.000+0000", "artistId": 2884, "songId": 12302305, "state": "CA", "style": "JAZZ", "latitude": 37.271873, "longitude": -119.27042}, {"playDate": "2018-11-29T17:23:07.000+0000", "artistId": 2884, "songId": 78166853, "state": "PA", "style": "R&B - SOUL", "latitude": 40.994595, "longitude": -77.6047}, {"playDate": "2018-11-29T17:25:48.000+0000", "artistId": 2884, "songId": 78166808, "state": "MA", "style": "R&B - SOUL", "latitude": 42.06294, "longitude": -71.71806}, {"playDate": "2018-11-29T17:26:57.000+0000", "artistId": 2884, "songId": 78166801, "state": "AZ", "style": "R&B - SOUL", "latitude": 34.168217, "longitude": -111.93091}, {"playDate": "2018-11-29T17:27:57.000+0000", "artistId": 2884, "songId": 78166808, "state": "GA", "style": "R&B - SOUL", "latitude": 32.678123, "longitude": -83.22298}, {"playDate": "2018-11-29T17:34:28.000+0000", "artistId": 2884, "songId": 27159806, "state": "MO", "style": "R&B - SOUL", "latitude": 38.30466, "longitude": -92.437096}, {"playDate": "2018-11-29T17:35:39.000+0000", "artistId": 2884, "songId": 78166808, "state": "FL", "style": "R&B - SOUL", "latitude": 27.975727, "longitude": -83.833015}, {"playDate": "2018-11-29T17:36:20.000+0000", "artistId": 2884, "songId": 12302305, "state": "CA", "style": "JAZZ", "latitude": 37.271873, "longitude": -119.27042}, {"playDate": "2018-11-29T17:40:29.000+0000", "artistId": 2884, "songId": 12302301, "state": "CA", "style": "JAZZ", "latitude": 37.271873, "longitude": -119.27042}, {"playDate": "2018-11-29T17:42:31.000+0000", "artistId": 2884, "songId": 32499806, "state": "FL", "style": "R&B - SOUL", "latitude": 27.975727, "longitude": -83.833015}, {"playDate": "2018-11-29T17:44:21.000+0000", "artistId": 2884, "songId": 78166808, "state": "MO", "style": "R&B - SOUL", "latitude": 38.30466, "longitude": -92.437096}, {"playDate": "2018-11-29T17:47:37.000+0000", "artistId": 2884, "songId": 27152401, "state": "WY", "style": "R&B - SOUL", "latitude": 43.000324, "longitude": -107.554565}, {"playDate": "2018-11-29T17:48:18.000+0000", "artistId": 2884, "songId": 78166808, "state": "CO", "style": "R&B - SOUL", "latitude": 38.997932, "longitude": -105.55057}, {"playDate": "2018-11-29T17:48:24.000+0000", "artistId": 2884, "songId": 12732902, "state": "WY", "style": "R&B - SOUL", "latitude": 43.000324, "longitude": -107.554565}, {"playDate": "2018-11-29T17:48:25.000+0000", "artistId": 2884, "songId": 78166808, "state": "PA", "style": "R&B - SOUL", "latitude": 40.994595, "longitude": -77.6047}, {"playDate": "2018-11-29T17:52:31.000+0000", "artistId": 2884, "songId": 27152702, "state": "NY", "style": "R&B - SOUL", "latitude": 40.705627, "longitude": -73.97968}, {"playDate": "2018-11-29T17:56:35.000+0000", "artistId": 2884, "songId": 12302301, "state": "CA", "style": "JAZZ", "latitude": 37.271873, "longitude": -119.27042}, {"playDate": "2018-11-29T17:58:41.000+0000", "artistId": 2884, "songId": 12302301, "state": "CA", "style": "JAZZ", "latitude": 37.271873, "longitude": -119.27042}, {"playDate": "2018-11-29T18:01:39.000+0000", "artistId": 2884, "songId": 32499806, "state": "PA", "style": "R&B - SOUL", "latitude": 40.994595, "longitude": -77.6047}, {"playDate": "2018-11-29T18:03:02.000+0000", "artistId": 2884, "songId": 27193408, "state": "PA", "style": "R&B - SOUL", "latitude": 40.994595, "longitude": -77.6047}, {"playDate": "2018-11-29T18:04:01.000+0000", "artistId": 2884, "songId": 12302305, "state": "CA", "style": "JAZZ", "latitude": 37.271873, "longitude": -119.27042}, {"playDate": "2018-11-29T18:04:59.000+0000", "artistId": 2884, "songId": 78166808, "state": "ON", "style": "R&B - SOUL", "latitude": 44.566647, "longitude": -80.84998}, {"playDate": "2018-11-29T18:12:30.000+0000", "artistId": 2884, "songId": 27159806, "state": "OH", "style": "R&B - SOUL", "latitude": 40.19036, "longitude": -82.66925}, {"playDate": "2018-11-29T18:12:42.000+0000", "artistId": 2884, "songId": 90703802, "state": "FL", "style": "R&B - SOUL", "latitude": 27.975727, "longitude": -83.833015}, {"playDate": "2018-11-29T18:12:45.000+0000", "artistId": 2884, "songId": 46620104, "state": "IN", "style": "R&B - SOUL", "latitude": 39.76622, "longitude": -86.44128}, {"playDate": "2018-11-29T18:15:26.000+0000", "artistId": 2884, "songId": 27152401, "state": "NJ", "style": "R&B - SOUL", "latitude": 40.143005, "longitude": -74.73112}, {"playDate": "2018-11-29T18:17:12.000+0000", "artistId": 2884, "songId": 27152702, "state": "MD", "style": "R&B - SOUL", "latitude": 38.80635, "longitude": -77.26842}, {"playDate": "2018-11-29T18:29:03.000+0000", "artistId": 2884, "songId": 27159811, "state": "MT", "style": "R&B - SOUL", "latitude": 46.6798, "longitude": -110.044785}, {"playDate": "2018-11-29T18:33:08.000+0000", "artistId": 2884, "songId": 78166862, "state": "FL", "style": "R&B - SOUL", "latitude": 27.975727, "longitude": -83.833015}, {"playDate": "2018-11-29T18:36:27.000+0000", "artistId": 2884, "songId": 27193408, "state": "BC", "style": "R&B - SOUL", "latitude": 49.09996, "longitude": -116.5167}, {"playDate": "2018-11-29T18:36:48.000+0000", "artistId": 2884, "songId": 78166808, "state": "MT", "style": "R&B - SOUL", "latitude": 46.6798, "longitude": -110.044785}, {"playDate": "2018-11-29T18:39:18.000+0000", "artistId": 2884, "songId": 78166808, "state": "IL", "style": "R&B - SOUL", "latitude": 39.73932, "longitude": -89.50414}, {"playDate": "2018-11-29T18:41:45.000+0000", "artistId": 2884, "songId": 78166812, "state": "SC", "style": "R&B - SOUL", "latitude": 33.62505, "longitude": -80.94704}, {"playDate": "2018-11-29T18:43:44.000+0000", "artistId": 2884, "songId": 78166808, "state": "OH", "style": "R&B - SOUL", "latitude": 40.19036, "longitude": -82.66925}, {"playDate": "2018-11-29T18:44:13.000+0000", "artistId": 2884, "songId": 78166808, "state": "FL", "style": "R&B - SOUL", "latitude": 27.975727, "longitude": -83.833015}, {"playDate": "2018-11-29T18:47:29.000+0000", "artistId": 2884, "songId": 27152401, "state": "NH", "style": "R&B - SOUL", "latitude": 44.001232, "longitude": -71.579926}, {"playDate": "2018-11-29T18:48:35.000+0000", "artistId": 2884, "songId": 46620104, "state": "IL", "style": "R&B - SOUL", "latitude": 39.73932, "longitude": -89.50414}, {"playDate": "2018-11-29T18:58:16.000+0000", "artistId": 2884, "songId": 78166853, "state": "IL", "style": "R&B - SOUL", "latitude": 39.73932, "longitude": -89.50414}, {"playDate": "2018-11-29T18:59:18.000+0000", "artistId": 2884, "songId": 32499811, "state": "FL", "style": "R&B - SOUL", "latitude": 27.975727, "longitude": -83.833015}, {"playDate": "2018-11-29T18:59:57.000+0000", "artistId": 2884, "songId": 12732902, "state": "TX", "style": "R&B - SOUL", "latitude": 31.169336, "longitude": -100.07684}, {"playDate": "2018-11-29T19:02:54.000+0000", "artistId": 2884, "songId": 74664768, "state": "FL", "style": "R&B - SOUL", "latitude": 27.975727, "longitude": -83.833015}, {"playDate": "2018-11-29T19:05:39.000+0000", "artistId": 2884, "songId": 27193401, "state": "OK", "style": "R&B - SOUL", "latitude": 35.309765, "longitude": -98.71656}, {"playDate": "2018-11-29T19:07:33.000+0000", "artistId": 2884, "songId": 97983810, "state": "FL", "style": "R&B - SOUL", "latitude": 27.975727, "longitude": -83.833015}, {"playDate": "2018-11-29T19:07:45.000+0000", "artistId": 2884, "songId": 78166808, "state": "IA", "style": "R&B - SOUL", "latitude": 41.938316, "longitude": -93.3898}, {"playDate": "2018-11-29T19:10:13.000+0000", "artistId": 2884, "songId": 32499806, "state": "LA", "style": "R&B - SOUL", "latitude": 30.973377, "longitude": -91.42991}, {"playDate": "2018-11-29T19:11:52.000+0000", "artistId": 2884, "songId": 27152401, "state": "TN", "style": "R&B - SOUL", "latitude": 35.83052, "longitude": -85.9786}, {"playDate": "2018-11-29T19:12:38.000+0000", "artistId": 2884, "songId": 27193401, "state": "TN", "style": "R&B - SOUL", "latitude": 35.83052, "longitude": -85.9786}, {"playDate": "2018-11-29T19:13:51.000+0000", "artistId": 2884, "songId": 78166802, "state": "WI", "style": "R&B - SOUL", "latitude": 44.786297, "longitude": -89.826706}, {"playDate": "2018-11-29T19:16:30.000+0000", "artistId": 2884, "songId": 27152401, "state": "OH", "style": "R&B - SOUL", "latitude": 40.19036, "longitude": -82.66925}, {"playDate": "2018-11-29T19:23:47.000+0000", "artistId": 2884, "songId": 27152401, "state": "CA", "style": "R&B - SOUL", "latitude": 37.271873, "longitude": -119.27042}, {"playDate": "2018-11-29T19:34:04.000+0000", "artistId": 2884, "songId": 78166808, "state": "KS", "style": "R&B - SOUL", "latitude": 38.49878, "longitude": -98.320076}, {"playDate": "2018-11-29T19:34:18.000+0000", "artistId": 2884, "songId": 27193401, "state": "SC", "style": "R&B - SOUL", "latitude": 33.62505, "longitude": -80.94704}, {"playDate": "2018-11-29T19:37:51.000+0000", "artistId": 2884, "songId": 27193401, "state": "WA", "style": "R&B - SOUL", "latitude": 38.89935, "longitude": -77.014565}, {"playDate": "2018-11-29T19:45:23.000+0000", "artistId": 2884, "songId": 27193401, "state": "PA", "style": "R&B - SOUL", "latitude": 40.994595, "longitude": -77.6047}, {"playDate": "2018-11-29T19:48:16.000+0000", "artistId": 2884, "songId": 27159801, "state": "ND", "style": "R&B - SOUL", "latitude": 47.46788, "longitude": -100.30227}, {"playDate": "2018-11-29T19:52:02.000+0000", "artistId": 2884, "songId": 32499808, "state": "PA", "style": "R&B - SOUL", "latitude": 40.994595, "longitude": -77.6047}, {"playDate": "2018-11-29T19:53:46.000+0000", "artistId": 2884, "songId": 27152401, "state": "KS", "style": "R&B - SOUL", "latitude": 38.49878, "longitude": -98.320076}, {"playDate": "2018-11-29T19:58:29.000+0000", "artistId": 2884, "songId": 78166804, "state": "NV", "style": "R&B - SOUL", "latitude": 38.502033, "longitude": -117.02306}, {"playDate": "2018-11-29T19:59:21.000+0000", "artistId": 2884, "songId": 78166862, "state": "PA", "style": "R&B - SOUL", "latitude": 40.994595, "longitude": -77.6047}, {"playDate": "2018-11-29T19:59:42.000+0000", "artistId": 2884, "songId": 27152703, "state": "IL", "style": "R&B - SOUL", "latitude": 39.73932, "longitude": -89.50414}, {"playDate": "2018-11-29T20:00:49.000+0000", "artistId": 2884, "songId": 27152401, "state": "OH", "style": "R&B - SOUL", "latitude": 40.19036, "longitude": -82.66925}, {"playDate": "2018-11-29T20:10:43.000+0000", "artistId": 2884, "songId": 78166808, "state": "PA", "style": "R&B - SOUL", "latitude": 40.994595, "longitude": -77.6047}, {"playDate": "2018-11-29T20:12:42.000+0000", "artistId": 2884, "songId": 21828604, "state": "IL", "style": "R&B - SOUL", "latitude": 39.73932, "longitude": -89.50414}, {"playDate": "2018-11-29T20:13:44.000+0000", "artistId": 2884, "songId": 12732902, "state": "SC", "style": "R&B - SOUL", "latitude": 33.62505, "longitude": -80.94704}, {"playDate": "2018-11-29T20:16:19.000+0000", "artistId": 2884, "songId": 27152401, "state": "NJ", "style": "R&B - SOUL", "latitude": 40.143005, "longitude": -74.73112}, {"playDate": "2018-11-29T20:20:22.000+0000", "artistId": 2884, "songId": 27193401, "state": "SC", "style": "R&B - SOUL", "latitude": 33.62505, "longitude": -80.94704}, {"playDate": "2018-11-29T20:20:49.000+0000", "artistId": 2884, "songId": 78166851, "state": "MN", "style": "R&B - SOUL", "latitude": 46.44186, "longitude": -93.36552}, {"playDate": "2018-11-29T20:23:28.000+0000", "artistId": 2884, "songId": 78166812, "state": "CA", "style": "R&B - SOUL", "latitude": 37.271873, "longitude": -119.27042}, {"playDate": "2018-11-29T20:28:50.000+0000", "artistId": 2884, "songId": 27152401, "state": "IL", "style": "R&B - SOUL", "latitude": 39.73932, "longitude": -89.50414}, {"playDate": "2018-11-29T20:29:38.000+0000", "artistId": 2884, "songId": 27152702, "state": "QC", "style": "R&B - SOUL", "latitude": 49.82258, "longitude": -64.34799}, {"playDate": "2018-11-29T20:30:36.000+0000", "artistId": 2884, "songId": 27193401, "state": "IA", "style": "R&B - SOUL", "latitude": 41.938316, "longitude": -93.3898}, {"playDate": "2018-11-29T20:39:08.000+0000", "artistId": 2884, "songId": 27193401, "state": "TX", "style": "R&B - SOUL", "latitude": 31.169336, "longitude": -100.07684}, {"playDate": "2018-11-29T20:42:34.000+0000", "artistId": 2884, "songId": 78166856, "state": "IN", "style": "R&B - SOUL", "latitude": 39.76622, "longitude": -86.44128}, {"playDate": "2018-11-29T20:43:32.000+0000", "artistId": 2884, "songId": 27152703, "state": "GA", "style": "R&B - SOUL", "latitude": 32.678123, "longitude": -83.22298}, {"playDate": "2018-11-29T20:46:53.000+0000", "artistId": 2884, "songId": 78166804, "state": "PA", "style": "R&B - SOUL", "latitude": 40.994595, "longitude": -77.6047}, {"playDate": "2018-11-29T20:48:17.000+0000", "artistId": 2884, "songId": 86619914, "state": "QC", "style": "R&B - SOUL", "latitude": 49.82258, "longitude": -64.34799}, {"playDate": "2018-11-29T20:50:46.000+0000", "artistId": 2884, "songId": 77935110, "state": "LA", "style": "ELECTRO - DANCE", "latitude": 30.973377, "longitude": -91.42991}, {"playDate": "2018-11-29T20:57:17.000+0000", "artistId": 2884, "songId": 27193401, "state": "ID", "style": "R&B - SOUL", "latitude": 45.494576, "longitude": -114.14243}, {"playDate": "2018-11-29T20:58:50.000+0000", "artistId": 2884, "songId": 27193401, "state": "CA", "style": "R&B - SOUL", "latitude": 37.271873, "longitude": -119.27042}, {"playDate": "2018-11-29T21:01:04.000+0000", "artistId": 2884, "songId": 78128005, "state": "NY", "style": "R&B - SOUL", "latitude": 40.705627, "longitude": -73.97968}, {"playDate": "2018-11-29T21:05:29.000+0000", "artistId": 2884, "songId": 86619906, "state": "MD", "style": "R&B - SOUL", "latitude": 38.80635, "longitude": -77.26842}, {"playDate": "2018-11-29T21:12:52.000+0000", "artistId": 2884, "songId": 78166807, "state": "NC", "style": "R&B - SOUL", "latitude": 35.21456, "longitude": -79.891266}, {"playDate": "2018-11-29T21:28:25.000+0000", "artistId": 2884, "songId": 27193401, "state": "IL", "style": "R&B - SOUL", "latitude": 39.73932, "longitude": -89.50414}, {"playDate": "2018-11-29T21:29:11.000+0000", "artistId": 2884, "songId": 78166808, "state": "WI", "style": "R&B - SOUL", "latitude": 44.786297, "longitude": -89.826706}, {"playDate": "2018-11-29T21:30:45.000+0000", "artistId": 2884, "songId": 27159812, "state": "IN", "style": "R&B - SOUL", "latitude": 39.76622, "longitude": -86.44128}, {"playDate": "2018-11-29T21:31:30.000+0000", "artistId": 2884, "songId": 27193401, "state": "MN", "style": "R&B - SOUL", "latitude": 46.44186, "longitude": -93.36552}, {"playDate": "2018-11-29T21:42:42.000+0000", "artistId": 2884, "songId": 12732902, "state": "MN", "style": "R&B - SOUL", "latitude": 46.44186, "longitude": -93.36552}, {"playDate": "2018-11-29T21:48:10.000+0000", "artistId": 2884, "songId": 78128005, "state": "OK", "style": "R&B - SOUL", "latitude": 35.309765, "longitude": -98.71656}, {"playDate": "2018-11-29T21:52:23.000+0000", "artistId": 2884, "songId": 27159806, "state": "MO", "style": "R&B - SOUL", "latitude": 38.30466, "longitude": -92.437096}, {"playDate": "2018-11-29T21:53:51.000+0000", "artistId": 2884, "songId": 27193408, "state": "MN", "style": "R&B - SOUL", "latitude": 46.44186, "longitude": -93.36552}, {"playDate": "2018-11-29T21:54:24.000+0000", "artistId": 2884, "songId": 27193408, "state": "KY", "style": "R&B - SOUL", "latitude": 37.822292, "longitude": -85.76824}, {"playDate": "2018-11-29T21:55:52.000+0000", "artistId": 2884, "songId": 27159806, "state": "MA", "style": "R&B - SOUL", "latitude": 42.06294, "longitude": -71.71806}, {"playDate": "2018-11-29T21:57:01.000+0000", "artistId": 2884, "songId": 78166808, "state": "AL", "style": "R&B - SOUL", "latitude": 32.60101, "longitude": -86.68073}, {"playDate": "2018-11-29T21:57:15.000+0000", "artistId": 2884, "songId": 27159813, "state": "IA", "style": "R&B - SOUL", "latitude": 41.938316, "longitude": -93.3898}, {"playDate": "2018-11-29T22:01:43.000+0000", "artistId": 2884, "songId": 78166808, "state": "KY", "style": "R&B - SOUL", "latitude": 37.822292, "longitude": -85.76824}, {"playDate": "2018-11-29T22:16:22.000+0000", "artistId": 2884, "songId": 78166801, "state": "CA", "style": "R&B - SOUL", "latitude": 37.271873, "longitude": -119.27042}, {"playDate": "2018-11-29T22:16:54.000+0000", "artistId": 2884, "songId": 21828604, "state": "NV", "style": "R&B - SOUL", "latitude": 38.502033, "longitude": -117.02306}, {"playDate": "2018-11-29T22:18:15.000+0000", "artistId": 2884, "songId": 78166804, "state": "PA", "style": "R&B - SOUL", "latitude": 40.994595, "longitude": -77.6047}, {"playDate": "2018-11-29T22:18:57.000+0000", "artistId": 2884, "songId": 27193401, "state": "PA", "style": "R&B - SOUL", "latitude": 40.994595, "longitude": -77.6047}, {"playDate": "2018-11-29T22:27:45.000+0000", "artistId": 2884, "songId": 78166808, "state": "OH", "style": "R&B - SOUL", "latitude": 40.19036, "longitude": -82.66925}, {"playDate": "2018-11-29T22:29:07.000+0000", "artistId": 2884, "songId": 78166862, "state": "IL", "style": "R&B - SOUL", "latitude": 39.73932, "longitude": -89.50414}, {"playDate": "2018-11-29T22:31:57.000+0000", "artistId": 2884, "songId": 21828601, "state": "IN", "style": "R&B - SOUL", "latitude": 39.76622, "longitude": -86.44128}, {"playDate": "2018-11-29T22:36:22.000+0000", "artistId": 2884, "songId": 32499811, "state": "FL", "style": "R&B - SOUL", "latitude": 27.975727, "longitude": -83.833015}, {"playDate": "2018-11-29T22:41:02.000+0000", "artistId": 2884, "songId": 78166811, "state": "OH", "style": "R&B - SOUL", "latitude": 40.19036, "longitude": -82.66925}, {"playDate": "2018-11-29T22:41:56.000+0000", "artistId": 2884, "songId": 27193408, "state": "WI", "style": "R&B - SOUL", "latitude": 44.786297, "longitude": -89.826706}, {"playDate": "2018-11-29T22:44:10.000+0000", "artistId": 2884, "songId": 27159806, "state": "IL", "style": "R&B - SOUL", "latitude": 39.73932, "longitude": -89.50414}, {"playDate": "2018-11-29T22:51:12.000+0000", "artistId": 2884, "songId": 27193401, "state": "MI", "style": "R&B - SOUL", "latitude": 44.94356, "longitude": -86.4158}, {"playDate": "2018-11-29T22:52:13.000+0000", "artistId": 2884, "songId": 79759603, "state": "GA", "style": "R&B - SOUL", "latitude": 32.678123, "longitude": -83.22298}, {"playDate": "2018-11-29T22:56:43.000+0000", "artistId": 2884, "songId": 27193401, "state": "FL", "style": "R&B - SOUL", "latitude": 27.975727, "longitude": -83.833015}, {"playDate": "2018-11-29T23:04:48.000+0000", "artistId": 2884, "songId": 27193401, "state": "WY", "style": "R&B - SOUL", "latitude": 43.000324, "longitude": -107.554565}, {"playDate": "2018-11-29T23:13:43.000+0000", "artistId": 2884, "songId": 27159808, "state": "IL", "style": "R&B - SOUL", "latitude": 39.73932, "longitude": -89.50414}, {"playDate": "2018-11-29T23:13:46.000+0000", "artistId": 2884, "songId": 78166812, "state": "FL", "style": "R&B - SOUL", "latitude": 27.975727, "longitude": -83.833015}, {"playDate": "2018-11-29T23:16:06.000+0000", "artistId": 2884, "songId": 78166808, "state": "WA", "style": "R&B - SOUL", "latitude": 38.89935, "longitude": -77.014565}, {"playDate": "2018-11-29T23:16:28.000+0000", "artistId": 2884, "songId": 27114804, "state": "CA", "style": "R&B - SOUL", "latitude": 37.271873, "longitude": -119.27042}, {"playDate": "2018-11-29T23:16:34.000+0000", "artistId": 2884, "songId": 90703802, "state": "IL", "style": "R&B - SOUL", "latitude": 39.73932, "longitude": -89.50414}, {"playDate": "2018-11-29T23:16:40.000+0000", "artistId": 2884, "songId": 27159804, "state": "IN", "style": "R&B - SOUL", "latitude": 39.76622, "longitude": -86.44128}, {"playDate": "2018-11-29T23:18:35.000+0000", "artistId": 2884, "songId": 27193401, "state": "OH", "style": "R&B - SOUL", "latitude": 40.19036, "longitude": -82.66925}, {"playDate": "2018-11-29T23:23:08.000+0000", "artistId": 2884, "songId": 27193406, "state": "IL", "style": "R&B - SOUL", "latitude": 39.73932, "longitude": -89.50414}, {"playDate": "2018-11-29T23:25:27.000+0000", "artistId": 2884, "songId": 27193401, "state": "CO", "style": "R&B - SOUL", "latitude": 38.997932, "longitude": -105.55057}, {"playDate": "2018-11-29T23:39:47.000+0000", "artistId": 2884, "songId": 78166808, "state": "IA", "style": "R&B - SOUL", "latitude": 41.938316, "longitude": -93.3898}, {"playDate": "2018-11-29T23:57:44.000+0000", "artistId": 2884, "songId": 27193401, "state": "WI", "style": "R&B - SOUL", "latitude": 44.786297, "longitude": -89.826706}], "totalRecordsCount": 283}