{"plays": [{"playDate": "2018-02-27T00:05:00.000+0000", "artistId": 2884, "songId": 27193401, "state": "TX", "style": "R&B - SOUL", "latitude": 31.169336, "longitude": -100.07684}, {"playDate": "2018-02-27T00:08:43.000+0000", "artistId": 2884, "songId": 78166811, "state": "CA", "style": "R&B - SOUL", "latitude": 37.271873, "longitude": -119.27042}, {"playDate": "2018-02-27T00:10:57.000+0000", "artistId": 2884, "songId": 21828604, "state": "IL", "style": "R&B - SOUL", "latitude": 39.73932, "longitude": -89.50414}, {"playDate": "2018-02-27T00:24:44.000+0000", "artistId": 2884, "songId": 78166856, "state": "CA", "style": "R&B - SOUL", "latitude": 37.271873, "longitude": -119.27042}, {"playDate": "2018-02-27T00:49:29.000+0000", "artistId": 2884, "songId": 86619906, "state": "TX", "style": "R&B - SOUL", "latitude": 31.169336, "longitude": -100.07684}, {"playDate": "2018-02-27T00:51:14.000+0000", "artistId": 2884, "songId": 21898701, "state": "AL", "style": "R&B - SOUL", "latitude": 32.60101, "longitude": -86.68073}, {"playDate": "2018-02-27T00:51:23.000+0000", "artistId": 2884, "songId": 78166808, "state": "IL", "style": "R&B - SOUL", "latitude": 39.73932, "longitude": -89.50414}, {"playDate": "2018-02-27T00:57:58.000+0000", "artistId": 2884, "songId": 78166802, "state": "AB", "style": "R&B - SOUL", "latitude": 53.016697, "longitude": -112.816635}, {"playDate": "2018-02-27T00:59:17.000+0000", "artistId": 2884, "songId": 12732902, "state": "CA", "style": "R&B - SOUL", "latitude": 37.271873, "longitude": -119.27042}, {"playDate": "2018-02-27T01:01:19.000+0000", "artistId": 2884, "songId": 65017402, "state": "IL", "style": "R&B - SOUL", "latitude": 39.73932, "longitude": -89.50414}, {"playDate": "2018-02-27T01:11:13.000+0000", "artistId": 2884, "songId": 27152702, "state": "CA", "style": "R&B - SOUL", "latitude": 37.271873, "longitude": -119.27042}, {"playDate": "2018-02-27T01:18:54.000+0000", "artistId": 2884, "songId": 46620104, "state": "OR", "style": "R&B - SOUL", "latitude": 44.141907, "longitude": -120.5381}, {"playDate": "2018-02-27T01:29:17.000+0000", "artistId": 2884, "songId": 46620104, "state": "CO", "style": "R&B - SOUL", "latitude": 38.997932, "longitude": -105.55057}, {"playDate": "2018-02-27T01:43:24.000+0000", "artistId": 2884, "songId": 27159806, "state": "CA", "style": "R&B - SOUL", "latitude": 37.271873, "longitude": -119.27042}, {"playDate": "2018-02-27T01:51:59.000+0000", "artistId": 2884, "songId": 78166808, "state": "MT", "style": "R&B - SOUL", "latitude": 46.6798, "longitude": -110.044785}, {"playDate": "2018-02-27T02:08:15.000+0000", "artistId": 2884, "songId": 21898704, "state": "CO", "style": "R&B - SOUL", "latitude": 38.997932, "longitude": -105.55057}, {"playDate": "2018-02-27T02:21:25.000+0000", "artistId": 2884, "songId": 34176008, "state": "TN", "style": "R&B - OLDIES", "latitude": 35.83052, "longitude": -85.9786}, {"playDate": "2018-02-27T02:24:11.000+0000", "artistId": 2884, "songId": 78166808, "state": "OR", "style": "R&B - SOUL", "latitude": 44.141907, "longitude": -120.5381}, {"playDate": "2018-02-27T02:34:38.000+0000", "artistId": 2884, "songId": 46620104, "state": "VA", "style": "R&B - SOUL", "latitude": 38.003384, "longitude": -79.458786}, {"playDate": "2018-02-27T02:35:31.000+0000", "artistId": 2884, "songId": 78166812, "state": "GA", "style": "R&B - SOUL", "latitude": 32.678123, "longitude": -83.22298}, {"playDate": "2018-02-27T02:53:05.000+0000", "artistId": 2884, "songId": 21898701, "state": "OR", "style": "R&B - SOUL", "latitude": 44.141907, "longitude": -120.5381}, {"playDate": "2018-02-27T03:00:44.000+0000", "artistId": 2884, "songId": 78166811, "state": "OH", "style": "R&B - SOUL", "latitude": 40.19036, "longitude": -82.66925}, {"playDate": "2018-02-27T03:25:19.000+0000", "artistId": 2884, "songId": 78166812, "state": "OH", "style": "R&B - SOUL", "latitude": 40.19036, "longitude": -82.66925}, {"playDate": "2018-02-27T03:34:21.000+0000", "artistId": 2884, "songId": 78166808, "state": "NY", "style": "R&B - SOUL", "latitude": 40.705627, "longitude": -73.97968}, {"playDate": "2018-02-27T04:37:15.000+0000", "artistId": 2884, "songId": 12732902, "state": "SC", "style": "R&B - SOUL", "latitude": 33.62505, "longitude": -80.94704}, {"playDate": "2018-02-27T04:37:44.000+0000", "artistId": 2884, "songId": 12732902, "state": "CA", "style": "R&B - SOUL", "latitude": 37.271873, "longitude": -119.27042}, {"playDate": "2018-02-27T04:38:33.000+0000", "artistId": 2884, "songId": 78166808, "state": "CA", "style": "R&B - SOUL", "latitude": 37.271873, "longitude": -119.27042}, {"playDate": "2018-02-27T05:20:36.000+0000", "artistId": 2884, "songId": 78166811, "state": "WA", "style": "R&B - SOUL", "latitude": 38.89935, "longitude": -77.014565}, {"playDate": "2018-02-27T05:35:41.000+0000", "artistId": 2884, "songId": 27193408, "state": "NY", "style": "R&B - SOUL", "latitude": 40.705627, "longitude": -73.97968}, {"playDate": "2018-02-27T05:43:57.000+0000", "artistId": 2884, "songId": 12732902, "state": "CA", "style": "R&B - SOUL", "latitude": 37.271873, "longitude": -119.27042}, {"playDate": "2018-02-27T05:53:24.000+0000", "artistId": 2884, "songId": 78166808, "state": "BC", "style": "R&B - SOUL", "latitude": 49.09996, "longitude": -116.5167}, {"playDate": "2018-02-27T06:10:15.000+0000", "artistId": 2884, "songId": 27193401, "state": "DE", "style": "R&B - SOUL", "latitude": 39.145252, "longitude": -75.41892}, {"playDate": "2018-02-27T06:13:13.000+0000", "artistId": 2884, "songId": 21898704, "state": "IL", "style": "R&B - SOUL", "latitude": 39.73932, "longitude": -89.50414}, {"playDate": "2018-02-27T06:18:13.000+0000", "artistId": 2884, "songId": 21898704, "state": "IL", "style": "R&B - SOUL", "latitude": 39.73932, "longitude": -89.50414}, {"playDate": "2018-02-27T06:32:12.000+0000", "artistId": 2884, "songId": 27193401, "state": "NJ", "style": "R&B - SOUL", "latitude": 40.143005, "longitude": -74.73112}, {"playDate": "2018-02-27T06:38:37.000+0000", "artistId": 2884, "songId": 78166812, "state": "CA", "style": "R&B - SOUL", "latitude": 37.271873, "longitude": -119.27042}, {"playDate": "2018-02-27T06:46:38.000+0000", "artistId": 2884, "songId": 27193401, "state": "NJ", "style": "R&B - SOUL", "latitude": 40.143005, "longitude": -74.73112}, {"playDate": "2018-02-27T06:49:54.000+0000", "artistId": 2884, "songId": 27193408, "state": "CA", "style": "R&B - SOUL", "latitude": 37.271873, "longitude": -119.27042}, {"playDate": "2018-02-27T06:51:15.000+0000", "artistId": 2884, "songId": 78166808, "state": "MO", "style": "R&B - SOUL", "latitude": 38.30466, "longitude": -92.437096}, {"playDate": "2018-02-27T07:18:40.000+0000", "artistId": 2884, "songId": 12732905, "state": "NV", "style": "R&B - SOUL", "latitude": 38.502033, "longitude": -117.02306}, {"playDate": "2018-02-27T07:21:13.000+0000", "artistId": 2884, "songId": 78166808, "state": "SC", "style": "R&B - SOUL", "latitude": 33.62505, "longitude": -80.94704}, {"playDate": "2018-02-27T07:35:14.000+0000", "artistId": 2884, "songId": 78166808, "state": "CA", "style": "R&B - SOUL", "latitude": 37.271873, "longitude": -119.27042}, {"playDate": "2018-02-27T07:35:37.000+0000", "artistId": 2884, "songId": 12732905, "state": "TX", "style": "R&B - SOUL", "latitude": 31.169336, "longitude": -100.07684}, {"playDate": "2018-02-27T07:40:22.000+0000", "artistId": 2884, "songId": 12732905, "state": "OR", "style": "R&B - SOUL", "latitude": 44.141907, "longitude": -120.5381}, {"playDate": "2018-02-27T07:55:13.000+0000", "artistId": 2884, "songId": 21898704, "state": "IL", "style": "R&B - SOUL", "latitude": 39.73932, "longitude": -89.50414}, {"playDate": "2018-02-27T08:16:12.000+0000", "artistId": 2884, "songId": 27159806, "state": "TX", "style": "R&B - SOUL", "latitude": 31.169336, "longitude": -100.07684}, {"playDate": "2018-02-27T08:55:18.000+0000", "artistId": 2884, "songId": 27193408, "state": "MN", "style": "R&B - SOUL", "latitude": 46.44186, "longitude": -93.36552}, {"playDate": "2018-02-27T09:10:21.000+0000", "artistId": 2884, "songId": 12732902, "state": "CA", "style": "R&B - SOUL", "latitude": 37.271873, "longitude": -119.27042}, {"playDate": "2018-02-27T09:12:36.000+0000", "artistId": 2884, "songId": 78166811, "state": "NV", "style": "R&B - SOUL", "latitude": 38.502033, "longitude": -117.02306}, {"playDate": "2018-02-27T09:18:34.000+0000", "artistId": 2884, "songId": 78166812, "state": "CO", "style": "R&B - SOUL", "latitude": 38.997932, "longitude": -105.55057}, {"playDate": "2018-02-27T09:37:12.000+0000", "artistId": 2884, "songId": 27193408, "state": "CA", "style": "R&B - SOUL", "latitude": 37.271873, "longitude": -119.27042}, {"playDate": "2018-02-27T09:57:00.000+0000", "artistId": 2884, "songId": 78166808, "state": "VA", "style": "R&B - SOUL", "latitude": 38.003384, "longitude": -79.458786}, {"playDate": "2018-02-27T10:03:12.000+0000", "artistId": 2884, "songId": 27193401, "state": "OH", "style": "R&B - SOUL", "latitude": 40.19036, "longitude": -82.66925}, {"playDate": "2018-02-27T10:07:18.000+0000", "artistId": 2884, "songId": 78166802, "state": "GA", "style": "R&B - SOUL", "latitude": 32.678123, "longitude": -83.22298}, {"playDate": "2018-02-27T10:10:26.000+0000", "artistId": 2884, "songId": 27152703, "state": "CA", "style": "R&B - SOUL", "latitude": 37.271873, "longitude": -119.27042}, {"playDate": "2018-02-27T10:19:24.000+0000", "artistId": 2884, "songId": 78166808, "state": "NV", "style": "R&B - SOUL", "latitude": 38.502033, "longitude": -117.02306}, {"playDate": "2018-02-27T10:26:56.000+0000", "artistId": 2884, "songId": 27193408, "state": "FL", "style": "R&B - SOUL", "latitude": 27.975727, "longitude": -83.833015}, {"playDate": "2018-02-27T10:29:47.000+0000", "artistId": 2884, "songId": 78166812, "state": "FL", "style": "R&B - SOUL", "latitude": 27.975727, "longitude": -83.833015}, {"playDate": "2018-02-27T10:34:03.000+0000", "artistId": 2884, "songId": 27193401, "state": "IL", "style": "R&B - SOUL", "latitude": 39.73932, "longitude": -89.50414}, {"playDate": "2018-02-27T10:36:54.000+0000", "artistId": 2884, "songId": 78166807, "state": "NC", "style": "R&B - SOUL", "latitude": 35.21456, "longitude": -79.891266}, {"playDate": "2018-02-27T10:38:37.000+0000", "artistId": 2884, "songId": 27159808, "state": "CA", "style": "R&B - SOUL", "latitude": 37.271873, "longitude": -119.27042}, {"playDate": "2018-02-27T10:41:36.000+0000", "artistId": 2884, "songId": 78166802, "state": "FL", "style": "R&B - SOUL", "latitude": 27.975727, "longitude": -83.833015}, {"playDate": "2018-02-27T10:46:41.000+0000", "artistId": 2884, "songId": 46620104, "state": "QC", "style": "R&B - SOUL", "latitude": 49.82258, "longitude": -64.34799}, {"playDate": "2018-02-27T10:48:44.000+0000", "artistId": 2884, "songId": 12732905, "state": "CA", "style": "R&B - SOUL", "latitude": 37.271873, "longitude": -119.27042}, {"playDate": "2018-02-27T10:49:23.000+0000", "artistId": 2884, "songId": 78166802, "state": "GA", "style": "R&B - SOUL", "latitude": 32.678123, "longitude": -83.22298}, {"playDate": "2018-02-27T10:55:09.000+0000", "artistId": 2884, "songId": 27193408, "state": "FL", "style": "R&B - SOUL", "latitude": 27.975727, "longitude": -83.833015}, {"playDate": "2018-02-27T10:59:27.000+0000", "artistId": 2884, "songId": 78166808, "state": "NY", "style": "R&B - SOUL", "latitude": 40.705627, "longitude": -73.97968}, {"playDate": "2018-02-27T11:02:16.000+0000", "artistId": 2884, "songId": 78166808, "state": "NY", "style": "R&B - SOUL", "latitude": 40.705627, "longitude": -73.97968}, {"playDate": "2018-02-27T11:21:44.000+0000", "artistId": 2884, "songId": 27193408, "state": "FL", "style": "R&B - SOUL", "latitude": 27.975727, "longitude": -83.833015}, {"playDate": "2018-02-27T11:24:05.000+0000", "artistId": 2884, "songId": 27193408, "state": "MI", "style": "R&B - SOUL", "latitude": 44.94356, "longitude": -86.4158}, {"playDate": "2018-02-27T11:34:19.000+0000", "artistId": 2884, "songId": 78166812, "state": "AZ", "style": "R&B - SOUL", "latitude": 34.168217, "longitude": -111.93091}, {"playDate": "2018-02-27T11:43:53.000+0000", "artistId": 2884, "songId": 21898704, "state": "MN", "style": "R&B - SOUL", "latitude": 46.44186, "longitude": -93.36552}, {"playDate": "2018-02-27T11:59:32.000+0000", "artistId": 2884, "songId": 27193401, "state": "IL", "style": "R&B - SOUL", "latitude": 39.73932, "longitude": -89.50414}, {"playDate": "2018-02-27T12:01:43.000+0000", "artistId": 2884, "songId": 21898701, "state": "IA", "style": "R&B - SOUL", "latitude": 41.938316, "longitude": -93.3898}, {"playDate": "2018-02-27T12:18:02.000+0000", "artistId": 2884, "songId": 78166808, "state": "WA", "style": "R&B - SOUL", "latitude": 38.89935, "longitude": -77.014565}, {"playDate": "2018-02-27T12:28:16.000+0000", "artistId": 2884, "songId": 78166808, "state": "NC", "style": "R&B - SOUL", "latitude": 35.21456, "longitude": -79.891266}, {"playDate": "2018-02-27T12:36:30.000+0000", "artistId": 2884, "songId": 78166808, "state": "NC", "style": "R&B - SOUL", "latitude": 35.21456, "longitude": -79.891266}, {"playDate": "2018-02-27T12:44:16.000+0000", "artistId": 2884, "songId": 78166812, "state": "FL", "style": "R&B - SOUL", "latitude": 27.975727, "longitude": -83.833015}, {"playDate": "2018-02-27T12:44:26.000+0000", "artistId": 2884, "songId": 21898704, "state": "NY", "style": "R&B - SOUL", "latitude": 40.705627, "longitude": -73.97968}, {"playDate": "2018-02-27T12:45:05.000+0000", "artistId": 2884, "songId": 78166811, "state": "MI", "style": "R&B - SOUL", "latitude": 44.94356, "longitude": -86.4158}, {"playDate": "2018-02-27T13:01:37.000+0000", "artistId": 2884, "songId": 27193408, "state": "OR", "style": "R&B - SOUL", "latitude": 44.141907, "longitude": -120.5381}, {"playDate": "2018-02-27T13:05:25.000+0000", "artistId": 2884, "songId": 78166808, "state": "WI", "style": "R&B - SOUL", "latitude": 44.786297, "longitude": -89.826706}, {"playDate": "2018-02-27T13:06:01.000+0000", "artistId": 2884, "songId": 78166812, "state": "QC", "style": "R&B - SOUL", "latitude": 49.82258, "longitude": -64.34799}, {"playDate": "2018-02-27T13:06:17.000+0000", "artistId": 2884, "songId": 27152703, "state": "NM", "style": "R&B - SOUL", "latitude": 34.166233, "longitude": -106.02607}, {"playDate": "2018-02-27T13:06:59.000+0000", "artistId": 2884, "songId": 78166812, "state": "MI", "style": "R&B - SOUL", "latitude": 44.94356, "longitude": -86.4158}, {"playDate": "2018-02-27T13:21:03.000+0000", "artistId": 2884, "songId": 78166808, "state": "SD", "style": "R&B - SOUL", "latitude": 44.2127, "longitude": -100.24716}, {"playDate": "2018-02-27T13:37:22.000+0000", "artistId": 2884, "songId": 78166811, "state": "CA", "style": "R&B - SOUL", "latitude": 37.271873, "longitude": -119.27042}, {"playDate": "2018-02-27T13:39:49.000+0000", "artistId": 2884, "songId": 21898701, "state": "LA", "style": "R&B - SOUL", "latitude": 30.973377, "longitude": -91.42991}, {"playDate": "2018-02-27T13:42:04.000+0000", "artistId": 2884, "songId": 78166811, "state": "IL", "style": "R&B - SOUL", "latitude": 39.73932, "longitude": -89.50414}, {"playDate": "2018-02-27T13:48:15.000+0000", "artistId": 2884, "songId": 78166808, "state": "FL", "style": "R&B - SOUL", "latitude": 27.975727, "longitude": -83.833015}, {"playDate": "2018-02-27T13:50:14.000+0000", "artistId": 2884, "songId": 27193401, "state": "IL", "style": "R&B - SOUL", "latitude": 39.73932, "longitude": -89.50414}, {"playDate": "2018-02-27T13:56:20.000+0000", "artistId": 2884, "songId": 78166802, "state": "CA", "style": "R&B - SOUL", "latitude": 37.271873, "longitude": -119.27042}, {"playDate": "2018-02-27T13:56:59.000+0000", "artistId": 2884, "songId": 78166812, "state": "CA", "style": "R&B - SOUL", "latitude": 37.271873, "longitude": -119.27042}, {"playDate": "2018-02-27T14:01:37.000+0000", "artistId": 2884, "songId": 78166808, "state": "ME", "style": "R&B - SOUL", "latitude": 45.218513, "longitude": -69.01486}, {"playDate": "2018-02-27T14:03:16.000+0000", "artistId": 2884, "songId": 78166811, "state": "IL", "style": "R&B - SOUL", "latitude": 39.73932, "longitude": -89.50414}, {"playDate": "2018-02-27T14:09:48.000+0000", "artistId": 2884, "songId": 12732902, "state": "WA", "style": "R&B - SOUL", "latitude": 38.89935, "longitude": -77.014565}, {"playDate": "2018-02-27T14:12:52.000+0000", "artistId": 2884, "songId": 12732902, "state": "MN", "style": "R&B - SOUL", "latitude": 46.44186, "longitude": -93.36552}, {"playDate": "2018-02-27T14:14:35.000+0000", "artistId": 2884, "songId": 78166811, "state": "CA", "style": "R&B - SOUL", "latitude": 37.271873, "longitude": -119.27042}, {"playDate": "2018-02-27T14:24:59.000+0000", "artistId": 2884, "songId": 78166812, "state": "WA", "style": "R&B - SOUL", "latitude": 38.89935, "longitude": -77.014565}, {"playDate": "2018-02-27T14:25:03.000+0000", "artistId": 2884, "songId": 27193408, "state": "IL", "style": "R&B - SOUL", "latitude": 39.73932, "longitude": -89.50414}, {"playDate": "2018-02-27T14:25:31.000+0000", "artistId": 2884, "songId": 78166808, "state": "OH", "style": "R&B - SOUL", "latitude": 40.19036, "longitude": -82.66925}, {"playDate": "2018-02-27T14:26:21.000+0000", "artistId": 2884, "songId": 77935113, "state": "MI", "style": "ELECTRO - DANCE", "latitude": 44.94356, "longitude": -86.4158}, {"playDate": "2018-02-27T14:28:32.000+0000", "artistId": 2884, "songId": 21828604, "state": "NJ", "style": "R&B - SOUL", "latitude": 40.143005, "longitude": -74.73112}, {"playDate": "2018-02-27T14:35:47.000+0000", "artistId": 2884, "songId": 27193401, "state": "MA", "style": "R&B - SOUL", "latitude": 42.06294, "longitude": -71.71806}, {"playDate": "2018-02-27T14:38:12.000+0000", "artistId": 2884, "songId": 78166802, "state": "TX", "style": "R&B - SOUL", "latitude": 31.169336, "longitude": -100.07684}, {"playDate": "2018-02-27T14:38:25.000+0000", "artistId": 2884, "songId": 78166808, "state": "ME", "style": "R&B - SOUL", "latitude": 45.218513, "longitude": -69.01486}, {"playDate": "2018-02-27T14:41:54.000+0000", "artistId": 2884, "songId": 78166808, "state": "OH", "style": "R&B - SOUL", "latitude": 40.19036, "longitude": -82.66925}, {"playDate": "2018-02-27T14:47:17.000+0000", "artistId": 2884, "songId": 46620104, "state": "CA", "style": "R&B - SOUL", "latitude": 37.271873, "longitude": -119.27042}, {"playDate": "2018-02-27T15:13:36.000+0000", "artistId": 2884, "songId": 78166808, "state": "CA", "style": "R&B - SOUL", "latitude": 37.271873, "longitude": -119.27042}, {"playDate": "2018-02-27T15:18:11.000+0000", "artistId": 2884, "songId": 78166808, "state": "FL", "style": "R&B - SOUL", "latitude": 27.975727, "longitude": -83.833015}, {"playDate": "2018-02-27T15:19:06.000+0000", "artistId": 2884, "songId": 78166812, "state": "IA", "style": "R&B - SOUL", "latitude": 41.938316, "longitude": -93.3898}, {"playDate": "2018-02-27T15:19:22.000+0000", "artistId": 2884, "songId": 78166812, "state": "TX", "style": "R&B - SOUL", "latitude": 31.169336, "longitude": -100.07684}, {"playDate": "2018-02-27T15:25:49.000+0000", "artistId": 2884, "songId": 78128005, "state": "OH", "style": "R&B - SOUL", "latitude": 40.19036, "longitude": -82.66925}, {"playDate": "2018-02-27T15:25:50.000+0000", "artistId": 2884, "songId": 12732902, "state": "NC", "style": "R&B - SOUL", "latitude": 35.21456, "longitude": -79.891266}, {"playDate": "2018-02-27T15:30:19.000+0000", "artistId": 2884, "songId": 27193408, "state": "AZ", "style": "R&B - SOUL", "latitude": 34.168217, "longitude": -111.93091}, {"playDate": "2018-02-27T15:31:41.000+0000", "artistId": 2884, "songId": 78166801, "state": "FL", "style": "R&B - SOUL", "latitude": 27.975727, "longitude": -83.833015}, {"playDate": "2018-02-27T15:32:12.000+0000", "artistId": 2884, "songId": 78166811, "state": "WA", "style": "R&B - SOUL", "latitude": 38.89935, "longitude": -77.014565}, {"playDate": "2018-02-27T15:39:21.000+0000", "artistId": 2884, "songId": 78166811, "state": "CA", "style": "R&B - SOUL", "latitude": 37.271873, "longitude": -119.27042}, {"playDate": "2018-02-27T15:42:35.000+0000", "artistId": 2884, "songId": 78166808, "state": "GA", "style": "R&B - SOUL", "latitude": 32.678123, "longitude": -83.22298}, {"playDate": "2018-02-27T15:54:03.000+0000", "artistId": 2884, "songId": 78166808, "state": "MA", "style": "R&B - SOUL", "latitude": 42.06294, "longitude": -71.71806}, {"playDate": "2018-02-27T15:55:25.000+0000", "artistId": 2884, "songId": 78166808, "state": "MI", "style": "R&B - SOUL", "latitude": 44.94356, "longitude": -86.4158}, {"playDate": "2018-02-27T15:56:45.000+0000", "artistId": 2884, "songId": 12732902, "state": "CA", "style": "R&B - SOUL", "latitude": 37.271873, "longitude": -119.27042}, {"playDate": "2018-02-27T16:04:19.000+0000", "artistId": 2884, "songId": 21855602, "state": "MD", "style": "R&B - SOUL", "latitude": 38.80635, "longitude": -77.26842}, {"playDate": "2018-02-27T16:08:48.000+0000", "artistId": 2884, "songId": 12732905, "state": "CA", "style": "R&B - SOUL", "latitude": 37.271873, "longitude": -119.27042}, {"playDate": "2018-02-27T16:10:07.000+0000", "artistId": 2884, "songId": 21855602, "state": "FL", "style": "R&B - SOUL", "latitude": 27.975727, "longitude": -83.833015}, {"playDate": "2018-02-27T16:10:07.000+0000", "artistId": 2884, "songId": 21855602, "state": "FL", "style": "R&B - SOUL", "latitude": 27.975727, "longitude": -83.833015}, {"playDate": "2018-02-27T16:10:52.000+0000", "artistId": 2884, "songId": 27193401, "state": "DE", "style": "R&B - SOUL", "latitude": 39.145252, "longitude": -75.41892}, {"playDate": "2018-02-27T16:12:54.000+0000", "artistId": 2884, "songId": 12732902, "state": "MN", "style": "R&B - SOUL", "latitude": 46.44186, "longitude": -93.36552}, {"playDate": "2018-02-27T16:13:33.000+0000", "artistId": 2884, "songId": 78128005, "state": "HI", "style": "R&B - SOUL", "latitude": 20.46, "longitude": -157.505}, {"playDate": "2018-02-27T16:14:14.000+0000", "artistId": 2884, "songId": 27193408, "state": "IL", "style": "R&B - SOUL", "latitude": 39.73932, "longitude": -89.50414}, {"playDate": "2018-02-27T16:15:05.000+0000", "artistId": 2884, "songId": 78166808, "state": "NY", "style": "R&B - SOUL", "latitude": 40.705627, "longitude": -73.97968}, {"playDate": "2018-02-27T16:17:35.000+0000", "artistId": 2884, "songId": 78166808, "state": "NJ", "style": "R&B - SOUL", "latitude": 40.143005, "longitude": -74.73112}, {"playDate": "2018-02-27T16:20:51.000+0000", "artistId": 2884, "songId": 21828604, "state": "MA", "style": "R&B - SOUL", "latitude": 42.06294, "longitude": -71.71806}, {"playDate": "2018-02-27T16:21:17.000+0000", "artistId": 2884, "songId": 78166808, "state": "IL", "style": "R&B - SOUL", "latitude": 39.73932, "longitude": -89.50414}, {"playDate": "2018-02-27T16:23:20.000+0000", "artistId": 2884, "songId": 78166808, "state": "TX", "style": "R&B - SOUL", "latitude": 31.169336, "longitude": -100.07684}, {"playDate": "2018-02-27T16:25:41.000+0000", "artistId": 2884, "songId": 27152702, "state": "IN", "style": "R&B - SOUL", "latitude": 39.76622, "longitude": -86.44128}, {"playDate": "2018-02-27T16:29:31.000+0000", "artistId": 2884, "songId": 78166856, "state": "MT", "style": "R&B - SOUL", "latitude": 46.6798, "longitude": -110.044785}, {"playDate": "2018-02-27T16:30:20.000+0000", "artistId": 2884, "songId": 78166808, "state": "OH", "style": "R&B - SOUL", "latitude": 40.19036, "longitude": -82.66925}, {"playDate": "2018-02-27T16:47:04.000+0000", "artistId": 2884, "songId": 21898704, "state": "NY", "style": "R&B - SOUL", "latitude": 40.705627, "longitude": -73.97968}, {"playDate": "2018-02-27T16:58:48.000+0000", "artistId": 2884, "songId": 12732902, "state": "CA", "style": "R&B - SOUL", "latitude": 37.271873, "longitude": -119.27042}, {"playDate": "2018-02-27T17:00:40.000+0000", "artistId": 2884, "songId": 78166808, "state": "NY", "style": "R&B - SOUL", "latitude": 40.705627, "longitude": -73.97968}, {"playDate": "2018-02-27T17:02:00.000+0000", "artistId": 2884, "songId": 78166808, "state": "BC", "style": "R&B - SOUL", "latitude": 49.09996, "longitude": -116.5167}, {"playDate": "2018-02-27T17:03:49.000+0000", "artistId": 2884, "songId": 78166808, "state": "WA", "style": "R&B - SOUL", "latitude": 38.89935, "longitude": -77.014565}, {"playDate": "2018-02-27T17:05:05.000+0000", "artistId": 2884, "songId": 78166808, "state": "IA", "style": "R&B - SOUL", "latitude": 41.938316, "longitude": -93.3898}, {"playDate": "2018-02-27T17:11:21.000+0000", "artistId": 2884, "songId": 78166808, "state": "GA", "style": "R&B - SOUL", "latitude": 32.678123, "longitude": -83.22298}, {"playDate": "2018-02-27T17:18:45.000+0000", "artistId": 2884, "songId": 46620104, "state": "WA", "style": "R&B - SOUL", "latitude": 38.89935, "longitude": -77.014565}, {"playDate": "2018-02-27T17:27:09.000+0000", "artistId": 2884, "songId": 78166811, "state": "PA", "style": "R&B - SOUL", "latitude": 40.994595, "longitude": -77.6047}, {"playDate": "2018-02-27T17:36:11.000+0000", "artistId": 2884, "songId": 27159813, "state": "CO", "style": "R&B - SOUL", "latitude": 38.997932, "longitude": -105.55057}, {"playDate": "2018-02-27T17:36:12.000+0000", "artistId": 2884, "songId": 27193408, "state": "OR", "style": "R&B - SOUL", "latitude": 44.141907, "longitude": -120.5381}, {"playDate": "2018-02-27T17:38:36.000+0000", "artistId": 2884, "songId": 27152401, "state": "PA", "style": "R&B - SOUL", "latitude": 40.994595, "longitude": -77.6047}, {"playDate": "2018-02-27T17:38:43.000+0000", "artistId": 2884, "songId": 78166808, "state": "CA", "style": "R&B - SOUL", "latitude": 37.271873, "longitude": -119.27042}, {"playDate": "2018-02-27T17:41:14.000+0000", "artistId": 2884, "songId": 78166807, "state": "MO", "style": "R&B - SOUL", "latitude": 38.30466, "longitude": -92.437096}, {"playDate": "2018-02-27T17:45:25.000+0000", "artistId": 2884, "songId": 21901307, "state": "CA", "style": "R&B - SOUL", "latitude": 37.271873, "longitude": -119.27042}, {"playDate": "2018-02-27T17:46:06.000+0000", "artistId": 2884, "songId": 27159806, "state": "IL", "style": "R&B - SOUL", "latitude": 39.73932, "longitude": -89.50414}, {"playDate": "2018-02-27T17:47:00.000+0000", "artistId": 2884, "songId": 78166802, "state": "CO", "style": "R&B - SOUL", "latitude": 38.997932, "longitude": -105.55057}, {"playDate": "2018-02-27T17:57:00.000+0000", "artistId": 2884, "songId": 78128005, "state": "NY", "style": "R&B - SOUL", "latitude": 40.705627, "longitude": -73.97968}, {"playDate": "2018-02-27T17:58:22.000+0000", "artistId": 2884, "songId": 12732902, "state": "FL", "style": "R&B - SOUL", "latitude": 27.975727, "longitude": -83.833015}, {"playDate": "2018-02-27T17:58:44.000+0000", "artistId": 2884, "songId": 78166812, "state": "WA", "style": "R&B - SOUL", "latitude": 38.89935, "longitude": -77.014565}, {"playDate": "2018-02-27T18:01:15.000+0000", "artistId": 2884, "songId": 78166808, "state": "TX", "style": "R&B - SOUL", "latitude": 31.169336, "longitude": -100.07684}, {"playDate": "2018-02-27T18:01:36.000+0000", "artistId": 2884, "songId": 27193408, "state": "CA", "style": "R&B - SOUL", "latitude": 37.271873, "longitude": -119.27042}, {"playDate": "2018-02-27T18:05:51.000+0000", "artistId": 2884, "songId": 78166808, "state": "KS", "style": "R&B - SOUL", "latitude": 38.49878, "longitude": -98.320076}, {"playDate": "2018-02-27T18:14:13.000+0000", "artistId": 2884, "songId": 27193408, "state": "MB", "style": "R&B - SOUL", "latitude": 50.150024, "longitude": -96.88332}, {"playDate": "2018-02-27T18:29:11.000+0000", "artistId": 2884, "songId": 78166808, "state": "FL", "style": "R&B - SOUL", "latitude": 27.975727, "longitude": -83.833015}, {"playDate": "2018-02-27T18:32:50.000+0000", "artistId": 2884, "songId": 29317401, "state": "NC", "style": "R&B - SOUL", "latitude": 35.21456, "longitude": -79.891266}, {"playDate": "2018-02-27T18:34:54.000+0000", "artistId": 2884, "songId": 27159813, "state": "NY", "style": "R&B - SOUL", "latitude": 40.705627, "longitude": -73.97968}, {"playDate": "2018-02-27T18:34:57.000+0000", "artistId": 2884, "songId": 78166808, "state": "IL", "style": "R&B - SOUL", "latitude": 39.73932, "longitude": -89.50414}, {"playDate": "2018-02-27T18:41:23.000+0000", "artistId": 2884, "songId": 12732902, "state": "NY", "style": "R&B - SOUL", "latitude": 40.705627, "longitude": -73.97968}, {"playDate": "2018-02-27T18:45:48.000+0000", "artistId": 2884, "songId": 27159801, "state": "OR", "style": "R&B - SOUL", "latitude": 44.141907, "longitude": -120.5381}, {"playDate": "2018-02-27T18:46:27.000+0000", "artistId": 2884, "songId": 27193408, "state": "MN", "style": "R&B - SOUL", "latitude": 46.44186, "longitude": -93.36552}, {"playDate": "2018-02-27T18:47:13.000+0000", "artistId": 2884, "songId": 78166808, "state": "MT", "style": "R&B - SOUL", "latitude": 46.6798, "longitude": -110.044785}, {"playDate": "2018-02-27T18:48:39.000+0000", "artistId": 2884, "songId": 78166812, "state": "IL", "style": "R&B - SOUL", "latitude": 39.73932, "longitude": -89.50414}, {"playDate": "2018-02-27T18:51:02.000+0000", "artistId": 2884, "songId": 78128005, "state": "WI", "style": "R&B - SOUL", "latitude": 44.786297, "longitude": -89.826706}, {"playDate": "2018-02-27T18:51:30.000+0000", "artistId": 2884, "songId": 27159808, "state": "OK", "style": "R&B - SOUL", "latitude": 35.309765, "longitude": -98.71656}, {"playDate": "2018-02-27T18:53:13.000+0000", "artistId": 2884, "songId": 27193408, "state": "CA", "style": "R&B - SOUL", "latitude": 37.271873, "longitude": -119.27042}, {"playDate": "2018-02-27T18:58:10.000+0000", "artistId": 2884, "songId": 12732902, "state": "CA", "style": "R&B - SOUL", "latitude": 37.271873, "longitude": -119.27042}, {"playDate": "2018-02-27T18:59:37.000+0000", "artistId": 2884, "songId": 12732902, "state": "CA", "style": "R&B - SOUL", "latitude": 37.271873, "longitude": -119.27042}, {"playDate": "2018-02-27T19:04:53.000+0000", "artistId": 2884, "songId": 21898701, "state": "CA", "style": "R&B - SOUL", "latitude": 37.271873, "longitude": -119.27042}, {"playDate": "2018-02-27T19:05:05.000+0000", "artistId": 2884, "songId": 78166808, "state": "CT", "style": "R&B - SOUL", "latitude": 41.518784, "longitude": -72.75751}, {"playDate": "2018-02-27T19:06:33.000+0000", "artistId": 2884, "songId": 78166802, "state": "FL", "style": "R&B - SOUL", "latitude": 27.975727, "longitude": -83.833015}, {"playDate": "2018-02-27T19:08:30.000+0000", "artistId": 2884, "songId": 27193408, "state": "QC", "style": "R&B - SOUL", "latitude": 49.82258, "longitude": -64.34799}, {"playDate": "2018-02-27T19:09:39.000+0000", "artistId": 2884, "songId": 78166808, "state": "IN", "style": "R&B - SOUL", "latitude": 39.76622, "longitude": -86.44128}, {"playDate": "2018-02-27T19:13:11.000+0000", "artistId": 2884, "songId": 78166801, "state": "CA", "style": "R&B - SOUL", "latitude": 37.271873, "longitude": -119.27042}, {"playDate": "2018-02-27T19:16:04.000+0000", "artistId": 2884, "songId": 78166808, "state": "MD", "style": "R&B - SOUL", "latitude": 38.80635, "longitude": -77.26842}, {"playDate": "2018-02-27T19:16:21.000+0000", "artistId": 2884, "songId": 21898701, "state": "KY", "style": "R&B - SOUL", "latitude": 37.822292, "longitude": -85.76824}, {"playDate": "2018-02-27T19:17:13.000+0000", "artistId": 2884, "songId": 78166808, "state": "IA", "style": "R&B - SOUL", "latitude": 41.938316, "longitude": -93.3898}, {"playDate": "2018-02-27T19:18:49.000+0000", "artistId": 2884, "songId": 12732902, "state": "OR", "style": "R&B - SOUL", "latitude": 44.141907, "longitude": -120.5381}, {"playDate": "2018-02-27T19:30:36.000+0000", "artistId": 2884, "songId": 21828601, "state": "MN", "style": "R&B - SOUL", "latitude": 46.44186, "longitude": -93.36552}, {"playDate": "2018-02-27T19:35:24.000+0000", "artistId": 2884, "songId": 78166808, "state": "NJ", "style": "R&B - SOUL", "latitude": 40.143005, "longitude": -74.73112}, {"playDate": "2018-02-27T19:37:27.000+0000", "artistId": 2884, "songId": 78166808, "state": "QC", "style": "R&B - SOUL", "latitude": 49.82258, "longitude": -64.34799}, {"playDate": "2018-02-27T19:37:30.000+0000", "artistId": 2884, "songId": 78166808, "state": "PA", "style": "R&B - SOUL", "latitude": 40.994595, "longitude": -77.6047}, {"playDate": "2018-02-27T19:37:44.000+0000", "artistId": 2884, "songId": 21898701, "state": "PA", "style": "R&B - SOUL", "latitude": 40.994595, "longitude": -77.6047}, {"playDate": "2018-02-27T19:41:19.000+0000", "artistId": 2884, "songId": 27159804, "state": "MT", "style": "R&B - SOUL", "latitude": 46.6798, "longitude": -110.044785}, {"playDate": "2018-02-27T19:43:34.000+0000", "artistId": 2884, "songId": 78166808, "state": "TN", "style": "R&B - SOUL", "latitude": 35.83052, "longitude": -85.9786}, {"playDate": "2018-02-27T19:47:08.000+0000", "artistId": 2884, "songId": 12732902, "state": "NY", "style": "R&B - SOUL", "latitude": 40.705627, "longitude": -73.97968}, {"playDate": "2018-02-27T19:47:33.000+0000", "artistId": 2884, "songId": 78166808, "state": "PA", "style": "R&B - SOUL", "latitude": 40.994595, "longitude": -77.6047}, {"playDate": "2018-02-27T19:51:51.000+0000", "artistId": 2884, "songId": 78128005, "state": "GA", "style": "R&B - SOUL", "latitude": 32.678123, "longitude": -83.22298}, {"playDate": "2018-02-27T19:55:13.000+0000", "artistId": 2884, "songId": 46620104, "state": "NY", "style": "R&B - SOUL", "latitude": 40.705627, "longitude": -73.97968}, {"playDate": "2018-02-27T19:55:14.000+0000", "artistId": 2884, "songId": 78166811, "state": "CA", "style": "R&B - SOUL", "latitude": 37.271873, "longitude": -119.27042}, {"playDate": "2018-02-27T19:58:57.000+0000", "artistId": 2884, "songId": 78166802, "state": "NC", "style": "R&B - SOUL", "latitude": 35.21456, "longitude": -79.891266}, {"playDate": "2018-02-27T20:02:59.000+0000", "artistId": 2884, "songId": 21898704, "state": "TN", "style": "R&B - SOUL", "latitude": 35.83052, "longitude": -85.9786}, {"playDate": "2018-02-27T20:04:39.000+0000", "artistId": 2884, "songId": 27193401, "state": "AZ", "style": "R&B - SOUL", "latitude": 34.168217, "longitude": -111.93091}, {"playDate": "2018-02-27T20:09:51.000+0000", "artistId": 2884, "songId": 77041212, "state": "OH", "style": "R&B - SOUL", "latitude": 40.19036, "longitude": -82.66925}, {"playDate": "2018-02-27T20:10:07.000+0000", "artistId": 2884, "songId": 78128005, "state": "LA", "style": "R&B - SOUL", "latitude": 30.973377, "longitude": -91.42991}, {"playDate": "2018-02-27T20:11:08.000+0000", "artistId": 2884, "songId": 12732901, "state": "CO", "style": "R&B - SOUL", "latitude": 38.997932, "longitude": -105.55057}, {"playDate": "2018-02-27T20:15:31.000+0000", "artistId": 2884, "songId": 27159804, "state": "MA", "style": "R&B - SOUL", "latitude": 42.06294, "longitude": -71.71806}, {"playDate": "2018-02-27T20:16:15.000+0000", "artistId": 2884, "songId": 78166808, "state": "MO", "style": "R&B - SOUL", "latitude": 38.30466, "longitude": -92.437096}, {"playDate": "2018-02-27T20:19:37.000+0000", "artistId": 2884, "songId": 27159806, "state": "NJ", "style": "R&B - SOUL", "latitude": 40.143005, "longitude": -74.73112}, {"playDate": "2018-02-27T20:24:28.000+0000", "artistId": 2884, "songId": 12732905, "state": "CA", "style": "R&B - SOUL", "latitude": 37.271873, "longitude": -119.27042}, {"playDate": "2018-02-27T20:37:01.000+0000", "artistId": 2884, "songId": 21828601, "state": "MA", "style": "R&B - SOUL", "latitude": 42.06294, "longitude": -71.71806}, {"playDate": "2018-02-27T20:42:07.000+0000", "artistId": 2884, "songId": 21898701, "state": "GA", "style": "R&B - SOUL", "latitude": 32.678123, "longitude": -83.22298}, {"playDate": "2018-02-27T20:47:22.000+0000", "artistId": 2884, "songId": 27159806, "state": "TX", "style": "R&B - SOUL", "latitude": 31.169336, "longitude": -100.07684}, {"playDate": "2018-02-27T20:48:20.000+0000", "artistId": 2884, "songId": 27152702, "state": "GA", "style": "R&B - SOUL", "latitude": 32.678123, "longitude": -83.22298}, {"playDate": "2018-02-27T20:50:14.000+0000", "artistId": 2884, "songId": 12732905, "state": "AZ", "style": "R&B - SOUL", "latitude": 34.168217, "longitude": -111.93091}, {"playDate": "2018-02-27T20:53:22.000+0000", "artistId": 2884, "songId": 27193406, "state": "OH", "style": "R&B - SOUL", "latitude": 40.19036, "longitude": -82.66925}, {"playDate": "2018-02-27T20:55:58.000+0000", "artistId": 2884, "songId": 78166808, "state": "FL", "style": "R&B - SOUL", "latitude": 27.975727, "longitude": -83.833015}, {"playDate": "2018-02-27T21:03:43.000+0000", "artistId": 2884, "songId": 78166812, "state": "KY", "style": "R&B - SOUL", "latitude": 37.822292, "longitude": -85.76824}, {"playDate": "2018-02-27T21:09:06.000+0000", "artistId": 2884, "songId": 27114804, "state": "WA", "style": "R&B - SOUL", "latitude": 38.89935, "longitude": -77.014565}, {"playDate": "2018-02-27T21:10:31.000+0000", "artistId": 2884, "songId": 27193401, "state": "PA", "style": "R&B - SOUL", "latitude": 40.994595, "longitude": -77.6047}, {"playDate": "2018-02-27T21:11:06.000+0000", "artistId": 2884, "songId": 78166802, "state": "IL", "style": "R&B - SOUL", "latitude": 39.73932, "longitude": -89.50414}, {"playDate": "2018-02-27T21:13:54.000+0000", "artistId": 2884, "songId": 27159806, "state": "GA", "style": "R&B - SOUL", "latitude": 32.678123, "longitude": -83.22298}, {"playDate": "2018-02-27T21:16:08.000+0000", "artistId": 2884, "songId": 46620104, "state": "OH", "style": "R&B - SOUL", "latitude": 40.19036, "longitude": -82.66925}, {"playDate": "2018-02-27T21:16:39.000+0000", "artistId": 2884, "songId": 12732902, "state": "OR", "style": "R&B - SOUL", "latitude": 44.141907, "longitude": -120.5381}, {"playDate": "2018-02-27T21:21:49.000+0000", "artistId": 2884, "songId": 78166801, "state": "MA", "style": "R&B - SOUL", "latitude": 42.06294, "longitude": -71.71806}, {"playDate": "2018-02-27T21:27:53.000+0000", "artistId": 2884, "songId": 78166808, "state": "OR", "style": "R&B - SOUL", "latitude": 44.141907, "longitude": -120.5381}, {"playDate": "2018-02-27T21:33:48.000+0000", "artistId": 2884, "songId": 27193408, "state": "WI", "style": "R&B - SOUL", "latitude": 44.786297, "longitude": -89.826706}, {"playDate": "2018-02-27T21:34:02.000+0000", "artistId": 2884, "songId": 21898701, "state": "FL", "style": "R&B - SOUL", "latitude": 27.975727, "longitude": -83.833015}, {"playDate": "2018-02-27T21:34:56.000+0000", "artistId": 2884, "songId": 78166808, "state": "IL", "style": "R&B - SOUL", "latitude": 39.73932, "longitude": -89.50414}, {"playDate": "2018-02-27T21:37:00.000+0000", "artistId": 2884, "songId": 12732902, "state": "NC", "style": "R&B - SOUL", "latitude": 35.21456, "longitude": -79.891266}, {"playDate": "2018-02-27T21:43:26.000+0000", "artistId": 2884, "songId": 27193401, "state": "OK", "style": "R&B - SOUL", "latitude": 35.309765, "longitude": -98.71656}, {"playDate": "2018-02-27T21:44:36.000+0000", "artistId": 2884, "songId": 78166808, "state": "WA", "style": "R&B - SOUL", "latitude": 38.89935, "longitude": -77.014565}, {"playDate": "2018-02-27T21:45:21.000+0000", "artistId": 2884, "songId": 78166808, "state": "OH", "style": "R&B - SOUL", "latitude": 40.19036, "longitude": -82.66925}, {"playDate": "2018-02-27T21:48:05.000+0000", "artistId": 2884, "songId": 78166808, "state": "VA", "style": "R&B - SOUL", "latitude": 38.003384, "longitude": -79.458786}, {"playDate": "2018-02-27T21:51:46.000+0000", "artistId": 2884, "songId": 78166811, "state": "CA", "style": "R&B - SOUL", "latitude": 37.271873, "longitude": -119.27042}, {"playDate": "2018-02-27T21:51:55.000+0000", "artistId": 2884, "songId": 78166803, "state": "MN", "style": "R&B - SOUL", "latitude": 46.44186, "longitude": -93.36552}, {"playDate": "2018-02-27T22:02:20.000+0000", "artistId": 2884, "songId": 78166812, "state": "CA", "style": "R&B - SOUL", "latitude": 37.271873, "longitude": -119.27042}, {"playDate": "2018-02-27T22:15:22.000+0000", "artistId": 2884, "songId": 27114804, "state": "IN", "style": "R&B - SOUL", "latitude": 39.76622, "longitude": -86.44128}, {"playDate": "2018-02-27T22:17:03.000+0000", "artistId": 2884, "songId": 78166853, "state": "IL", "style": "R&B - SOUL", "latitude": 39.73932, "longitude": -89.50414}, {"playDate": "2018-02-27T22:19:10.000+0000", "artistId": 2884, "songId": 78166812, "state": "FL", "style": "R&B - SOUL", "latitude": 27.975727, "longitude": -83.833015}, {"playDate": "2018-02-27T22:20:21.000+0000", "artistId": 2884, "songId": 78166804, "state": "PA", "style": "R&B - SOUL", "latitude": 40.994595, "longitude": -77.6047}, {"playDate": "2018-02-27T22:24:15.000+0000", "artistId": 2884, "songId": 12302308, "state": "IL", "style": "JAZZ", "latitude": 39.73932, "longitude": -89.50414}, {"playDate": "2018-02-27T22:25:45.000+0000", "artistId": 2884, "songId": 27159802, "state": "WI", "style": "R&B - SOUL", "latitude": 44.786297, "longitude": -89.826706}, {"playDate": "2018-02-27T22:26:45.000+0000", "artistId": 2884, "songId": 27193409, "state": "PA", "style": "R&B - SOUL", "latitude": 40.994595, "longitude": -77.6047}, {"playDate": "2018-02-27T22:36:26.000+0000", "artistId": 2884, "songId": 78166808, "state": "CA", "style": "R&B - SOUL", "latitude": 37.271873, "longitude": -119.27042}, {"playDate": "2018-02-27T22:37:52.000+0000", "artistId": 2884, "songId": 27159806, "state": "NJ", "style": "R&B - SOUL", "latitude": 40.143005, "longitude": -74.73112}, {"playDate": "2018-02-27T22:48:52.000+0000", "artistId": 2884, "songId": 27193401, "state": "AL", "style": "R&B - SOUL", "latitude": 32.60101, "longitude": -86.68073}, {"playDate": "2018-02-27T22:50:17.000+0000", "artistId": 2884, "songId": 27193408, "state": "MO", "style": "R&B - SOUL", "latitude": 38.30466, "longitude": -92.437096}, {"playDate": "2018-02-27T22:56:10.000+0000", "artistId": 2884, "songId": 27152401, "state": "IL", "style": "R&B - SOUL", "latitude": 39.73932, "longitude": -89.50414}, {"playDate": "2018-02-27T22:56:36.000+0000", "artistId": 2884, "songId": 78166808, "state": "IL", "style": "R&B - SOUL", "latitude": 39.73932, "longitude": -89.50414}, {"playDate": "2018-02-27T23:09:48.000+0000", "artistId": 2884, "songId": 90703802, "state": "NJ", "style": "R&B - SOUL", "latitude": 40.143005, "longitude": -74.73112}, {"playDate": "2018-02-27T23:13:24.000+0000", "artistId": 2884, "songId": 99327350, "state": "SC", "style": "R&B - SOUL", "latitude": 33.62505, "longitude": -80.94704}, {"playDate": "2018-02-27T23:16:39.000+0000", "artistId": 2884, "songId": 27193408, "state": "DE", "style": "R&B - SOUL", "latitude": 39.145252, "longitude": -75.41892}, {"playDate": "2018-02-27T23:26:03.000+0000", "artistId": 2884, "songId": 78166808, "state": "TX", "style": "R&B - SOUL", "latitude": 31.169336, "longitude": -100.07684}, {"playDate": "2018-02-27T23:35:28.000+0000", "artistId": 2884, "songId": 27193401, "state": "NY", "style": "R&B - SOUL", "latitude": 40.705627, "longitude": -73.97968}, {"playDate": "2018-02-27T23:36:06.000+0000", "artistId": 2884, "songId": 27152401, "state": "IL", "style": "R&B - SOUL", "latitude": 39.73932, "longitude": -89.50414}, {"playDate": "2018-02-27T23:40:03.000+0000", "artistId": 2884, "songId": 78166802, "state": "WI", "style": "R&B - SOUL", "latitude": 44.786297, "longitude": -89.826706}, {"playDate": "2018-02-27T23:40:54.000+0000", "artistId": 2884, "songId": 27193408, "state": "OK", "style": "R&B - SOUL", "latitude": 35.309765, "longitude": -98.71656}, {"playDate": "2018-02-27T23:41:57.000+0000", "artistId": 2884, "songId": 78166812, "state": "OR", "style": "R&B - SOUL", "latitude": 44.141907, "longitude": -120.5381}, {"playDate": "2018-02-27T23:44:33.000+0000", "artistId": 2884, "songId": 78166808, "state": "MI", "style": "R&B - SOUL", "latitude": 44.94356, "longitude": -86.4158}, {"playDate": "2018-02-27T23:50:49.000+0000", "artistId": 2884, "songId": 27193408, "state": "IL", "style": "R&B - SOUL", "latitude": 39.73932, "longitude": -89.50414}, {"playDate": "2018-02-27T23:53:31.000+0000", "artistId": 2884, "songId": 78166801, "state": "OH", "style": "R&B - SOUL", "latitude": 40.19036, "longitude": -82.66925}], "totalRecordsCount": 260}