{"plays": [{"playDate": "2018-07-29T00:11:17.000+0000", "artistId": 2884, "songId": 27152703, "state": "NJ", "style": "R&B - SOUL", "latitude": 40.143005, "longitude": -74.73112}, {"playDate": "2018-07-29T00:11:35.000+0000", "artistId": 2884, "songId": 78166811, "state": "NY", "style": "R&B - SOUL", "latitude": 40.705627, "longitude": -73.97968}, {"playDate": "2018-07-29T00:14:30.000+0000", "artistId": 2884, "songId": 27193408, "state": "NH", "style": "R&B - SOUL", "latitude": 44.001232, "longitude": -71.579926}, {"playDate": "2018-07-29T00:20:01.000+0000", "artistId": 2884, "songId": 78166808, "state": "MD", "style": "R&B - SOUL", "latitude": 38.80635, "longitude": -77.26842}, {"playDate": "2018-07-29T00:53:42.000+0000", "artistId": 2884, "songId": 21828601, "state": "OH", "style": "R&B - SOUL", "latitude": 40.19036, "longitude": -82.66925}], "totalRecordsCount": 5}