{"plays": [{"playDate": "2018-12-07T00:02:19.000+0000", "artistId": 2884, "songId": 27159806, "state": "QC", "style": "R&B - SOUL", "latitude": 49.82258, "longitude": -64.34799}, {"playDate": "2018-12-07T00:06:02.000+0000", "artistId": 2884, "songId": 27159802, "state": "KY", "style": "R&B - SOUL", "latitude": 37.822292, "longitude": -85.76824}, {"playDate": "2018-12-07T00:11:09.000+0000", "artistId": 2884, "songId": 78166808, "state": "MO", "style": "R&B - SOUL", "latitude": 38.30466, "longitude": -92.437096}, {"playDate": "2018-12-07T00:11:49.000+0000", "artistId": 2884, "songId": 27159813, "state": "CA", "style": "R&B - SOUL", "latitude": 37.271873, "longitude": -119.27042}, {"playDate": "2018-12-07T00:17:16.000+0000", "artistId": 2884, "songId": 78166808, "state": "MI", "style": "R&B - SOUL", "latitude": 44.94356, "longitude": -86.4158}, {"playDate": "2018-12-07T00:22:41.000+0000", "artistId": 2884, "songId": 78128005, "state": "TN", "style": "R&B - SOUL", "latitude": 35.83052, "longitude": -85.9786}, {"playDate": "2018-12-07T00:23:47.000+0000", "artistId": 2884, "songId": 27193408, "state": "CA", "style": "R&B - SOUL", "latitude": 37.271873, "longitude": -119.27042}, {"playDate": "2018-12-07T00:28:17.000+0000", "artistId": 2884, "songId": 78166802, "state": "MT", "style": "R&B - SOUL", "latitude": 46.6798, "longitude": -110.044785}, {"playDate": "2018-12-07T00:29:02.000+0000", "artistId": 2884, "songId": 27159806, "state": "TX", "style": "R&B - SOUL", "latitude": 31.169336, "longitude": -100.07684}, {"playDate": "2018-12-07T00:40:41.000+0000", "artistId": 2884, "songId": 78166808, "state": "IL", "style": "R&B - SOUL", "latitude": 39.73932, "longitude": -89.50414}, {"playDate": "2018-12-07T00:46:34.000+0000", "artistId": 2884, "songId": 99812905, "state": "WI", "style": "R&B - SOUL", "latitude": 44.786297, "longitude": -89.826706}, {"playDate": "2018-12-07T00:53:46.000+0000", "artistId": 2884, "songId": 27193401, "state": "TN", "style": "R&B - SOUL", "latitude": 35.83052, "longitude": -85.9786}, {"playDate": "2018-12-07T01:03:53.000+0000", "artistId": 2884, "songId": 32499811, "state": "TX", "style": "R&B - SOUL", "latitude": 31.169336, "longitude": -100.07684}, {"playDate": "2018-12-07T01:08:34.000+0000", "artistId": 2884, "songId": 78166811, "state": "WI", "style": "R&B - SOUL", "latitude": 44.786297, "longitude": -89.826706}, {"playDate": "2018-12-07T01:13:48.000+0000", "artistId": 2884, "songId": 27159806, "state": "FL", "style": "R&B - SOUL", "latitude": 27.975727, "longitude": -83.833015}, {"playDate": "2018-12-07T01:14:10.000+0000", "artistId": 2884, "songId": 78166802, "state": "MO", "style": "R&B - SOUL", "latitude": 38.30466, "longitude": -92.437096}, {"playDate": "2018-12-07T01:15:17.000+0000", "artistId": 2884, "songId": 78166808, "state": "CO", "style": "R&B - SOUL", "latitude": 38.997932, "longitude": -105.55057}, {"playDate": "2018-12-07T01:26:20.000+0000", "artistId": 2884, "songId": 78166801, "state": "KY", "style": "R&B - SOUL", "latitude": 37.822292, "longitude": -85.76824}, {"playDate": "2018-12-07T01:27:37.000+0000", "artistId": 2884, "songId": 46620104, "state": "WI", "style": "R&B - SOUL", "latitude": 44.786297, "longitude": -89.826706}, {"playDate": "2018-12-07T01:42:33.000+0000", "artistId": 2884, "songId": 27159813, "state": "OR", "style": "R&B - SOUL", "latitude": 44.141907, "longitude": -120.5381}, {"playDate": "2018-12-07T02:13:36.000+0000", "artistId": 2884, "songId": 78166862, "state": "WI", "style": "R&B - SOUL", "latitude": 44.786297, "longitude": -89.826706}, {"playDate": "2018-12-07T02:20:18.000+0000", "artistId": 2884, "songId": 78166808, "state": "MI", "style": "R&B - SOUL", "latitude": 44.94356, "longitude": -86.4158}, {"playDate": "2018-12-07T02:24:52.000+0000", "artistId": 2884, "songId": 78166808, "state": "AZ", "style": "R&B - SOUL", "latitude": 34.168217, "longitude": -111.93091}, {"playDate": "2018-12-07T03:20:52.000+0000", "artistId": 2884, "songId": 27193404, "state": "LA", "style": "R&B - SOUL", "latitude": 30.973377, "longitude": -91.42991}, {"playDate": "2018-12-07T03:30:27.000+0000", "artistId": 2884, "songId": 27152401, "state": "LA", "style": "R&B - SOUL", "latitude": 30.973377, "longitude": -91.42991}, {"playDate": "2018-12-07T03:45:29.000+0000", "artistId": 2884, "songId": 78166808, "state": "QC", "style": "R&B - SOUL", "latitude": 49.82258, "longitude": -64.34799}, {"playDate": "2018-12-07T04:25:44.000+0000", "artistId": 2884, "songId": 78166808, "state": "VA", "style": "R&B - SOUL", "latitude": 38.003384, "longitude": -79.458786}, {"playDate": "2018-12-07T04:44:49.000+0000", "artistId": 2884, "songId": 27152703, "state": "TX", "style": "R&B - SOUL", "latitude": 31.169336, "longitude": -100.07684}, {"playDate": "2018-12-07T06:13:55.000+0000", "artistId": 2884, "songId": 27193408, "state": "CA", "style": "R&B - SOUL", "latitude": 37.271873, "longitude": -119.27042}, {"playDate": "2018-12-07T06:22:45.000+0000", "artistId": 2884, "songId": 27193401, "state": "TN", "style": "R&B - SOUL", "latitude": 35.83052, "longitude": -85.9786}, {"playDate": "2018-12-07T07:02:16.000+0000", "artistId": 2884, "songId": 27159806, "state": "SC", "style": "R&B - SOUL", "latitude": 33.62505, "longitude": -80.94704}, {"playDate": "2018-12-07T07:07:07.000+0000", "artistId": 2884, "songId": 27114802, "state": "VA", "style": "R&B - SOUL", "latitude": 38.003384, "longitude": -79.458786}, {"playDate": "2018-12-07T07:16:53.000+0000", "artistId": 2884, "songId": 27193408, "state": "AZ", "style": "R&B - SOUL", "latitude": 34.168217, "longitude": -111.93091}, {"playDate": "2018-12-07T07:20:21.000+0000", "artistId": 2884, "songId": 27193408, "state": "MN", "style": "R&B - SOUL", "latitude": 46.44186, "longitude": -93.36552}, {"playDate": "2018-12-07T07:26:05.000+0000", "artistId": 2884, "songId": 27193401, "state": "MD", "style": "R&B - SOUL", "latitude": 38.80635, "longitude": -77.26842}, {"playDate": "2018-12-07T07:44:29.000+0000", "artistId": 2884, "songId": 78128005, "state": "CA", "style": "R&B - SOUL", "latitude": 37.271873, "longitude": -119.27042}, {"playDate": "2018-12-07T07:50:26.000+0000", "artistId": 2884, "songId": 12732902, "state": "CA", "style": "R&B - SOUL", "latitude": 37.271873, "longitude": -119.27042}, {"playDate": "2018-12-07T07:50:59.000+0000", "artistId": 2884, "songId": 27193401, "state": "SC", "style": "R&B - SOUL", "latitude": 33.62505, "longitude": -80.94704}, {"playDate": "2018-12-07T07:59:56.000+0000", "artistId": 2884, "songId": 12732902, "state": "CA", "style": "R&B - SOUL", "latitude": 37.271873, "longitude": -119.27042}, {"playDate": "2018-12-07T08:11:08.000+0000", "artistId": 2884, "songId": 78166807, "state": "LA", "style": "R&B - SOUL", "latitude": 30.973377, "longitude": -91.42991}, {"playDate": "2018-12-07T08:20:38.000+0000", "artistId": 2884, "songId": 78166808, "state": "CO", "style": "R&B - SOUL", "latitude": 38.997932, "longitude": -105.55057}, {"playDate": "2018-12-07T08:28:01.000+0000", "artistId": 2884, "songId": 78166812, "state": "SC", "style": "R&B - SOUL", "latitude": 33.62505, "longitude": -80.94704}, {"playDate": "2018-12-07T08:29:58.000+0000", "artistId": 2884, "songId": 27193401, "state": "TN", "style": "R&B - SOUL", "latitude": 35.83052, "longitude": -85.9786}, {"playDate": "2018-12-07T08:33:15.000+0000", "artistId": 2884, "songId": 27193408, "state": "VT", "style": "R&B - SOUL", "latitude": 43.871754, "longitude": -72.447784}, {"playDate": "2018-12-07T08:36:14.000+0000", "artistId": 2884, "songId": 12732902, "state": "CA", "style": "R&B - SOUL", "latitude": 37.271873, "longitude": -119.27042}, {"playDate": "2018-12-07T09:02:18.000+0000", "artistId": 2884, "songId": 78166808, "state": "AR", "style": "R&B - SOUL", "latitude": 34.751926, "longitude": -92.13138}, {"playDate": "2018-12-07T09:06:26.000+0000", "artistId": 2884, "songId": 27193401, "state": "LA", "style": "R&B - SOUL", "latitude": 30.973377, "longitude": -91.42991}, {"playDate": "2018-12-07T09:12:03.000+0000", "artistId": 2884, "songId": 78166808, "state": "GA", "style": "R&B - SOUL", "latitude": 32.678123, "longitude": -83.22298}, {"playDate": "2018-12-07T09:27:59.000+0000", "artistId": 2884, "songId": 27193408, "state": "OR", "style": "R&B - SOUL", "latitude": 44.141907, "longitude": -120.5381}, {"playDate": "2018-12-07T09:34:36.000+0000", "artistId": 2884, "songId": 78166816, "state": "LA", "style": "R&B - SOUL", "latitude": 30.973377, "longitude": -91.42991}, {"playDate": "2018-12-07T09:36:50.000+0000", "artistId": 2884, "songId": 78166802, "state": "TN", "style": "R&B - SOUL", "latitude": 35.83052, "longitude": -85.9786}, {"playDate": "2018-12-07T09:42:04.000+0000", "artistId": 2884, "songId": 27193408, "state": "LA", "style": "R&B - SOUL", "latitude": 30.973377, "longitude": -91.42991}, {"playDate": "2018-12-07T09:54:29.000+0000", "artistId": 2884, "songId": 78166808, "state": "MB", "style": "R&B - SOUL", "latitude": 50.150024, "longitude": -96.88332}, {"playDate": "2018-12-07T10:14:15.000+0000", "artistId": 2884, "songId": 27193408, "state": "CA", "style": "R&B - SOUL", "latitude": 37.271873, "longitude": -119.27042}, {"playDate": "2018-12-07T10:22:44.000+0000", "artistId": 2884, "songId": 78166808, "state": "TN", "style": "R&B - SOUL", "latitude": 35.83052, "longitude": -85.9786}, {"playDate": "2018-12-07T10:23:55.000+0000", "artistId": 2884, "songId": 78166808, "state": "QC", "style": "R&B - SOUL", "latitude": 49.82258, "longitude": -64.34799}, {"playDate": "2018-12-07T10:26:05.000+0000", "artistId": 2884, "songId": 27193408, "state": "CA", "style": "R&B - SOUL", "latitude": 37.271873, "longitude": -119.27042}, {"playDate": "2018-12-07T10:30:10.000+0000", "artistId": 2884, "songId": 78166812, "state": "GA", "style": "R&B - SOUL", "latitude": 32.678123, "longitude": -83.22298}, {"playDate": "2018-12-07T10:42:22.000+0000", "artistId": 2884, "songId": 27193401, "state": "CO", "style": "R&B - SOUL", "latitude": 38.997932, "longitude": -105.55057}, {"playDate": "2018-12-07T10:44:40.000+0000", "artistId": 2884, "songId": 78166808, "state": "MA", "style": "R&B - SOUL", "latitude": 42.06294, "longitude": -71.71806}, {"playDate": "2018-12-07T10:45:03.000+0000", "artistId": 2884, "songId": 78166808, "state": "KY", "style": "R&B - SOUL", "latitude": 37.822292, "longitude": -85.76824}, {"playDate": "2018-12-07T10:55:27.000+0000", "artistId": 2884, "songId": 78166812, "state": "IL", "style": "R&B - SOUL", "latitude": 39.73932, "longitude": -89.50414}, {"playDate": "2018-12-07T10:57:46.000+0000", "artistId": 2884, "songId": 78166808, "state": "AZ", "style": "R&B - SOUL", "latitude": 34.168217, "longitude": -111.93091}, {"playDate": "2018-12-07T11:02:28.000+0000", "artistId": 2884, "songId": 27193408, "state": "CA", "style": "R&B - SOUL", "latitude": 37.271873, "longitude": -119.27042}, {"playDate": "2018-12-07T11:05:13.000+0000", "artistId": 2884, "songId": 78166808, "state": "TX", "style": "R&B - SOUL", "latitude": 31.169336, "longitude": -100.07684}, {"playDate": "2018-12-07T11:05:27.000+0000", "artistId": 2884, "songId": 78166808, "state": "WY", "style": "R&B - SOUL", "latitude": 43.000324, "longitude": -107.554565}, {"playDate": "2018-12-07T11:11:26.000+0000", "artistId": 2884, "songId": 78166808, "state": "AZ", "style": "R&B - SOUL", "latitude": 34.168217, "longitude": -111.93091}, {"playDate": "2018-12-07T11:22:53.000+0000", "artistId": 2884, "songId": 78166812, "state": "NY", "style": "R&B - SOUL", "latitude": 40.705627, "longitude": -73.97968}, {"playDate": "2018-12-07T11:26:21.000+0000", "artistId": 2884, "songId": 46620104, "state": "TN", "style": "R&B - SOUL", "latitude": 35.83052, "longitude": -85.9786}, {"playDate": "2018-12-07T11:29:07.000+0000", "artistId": 2884, "songId": 27193401, "state": "CA", "style": "R&B - SOUL", "latitude": 37.271873, "longitude": -119.27042}, {"playDate": "2018-12-07T11:40:21.000+0000", "artistId": 2884, "songId": 27193408, "state": "CA", "style": "R&B - SOUL", "latitude": 37.271873, "longitude": -119.27042}, {"playDate": "2018-12-07T11:41:26.000+0000", "artistId": 2884, "songId": 12732902, "state": "IA", "style": "R&B - SOUL", "latitude": 41.938316, "longitude": -93.3898}, {"playDate": "2018-12-07T11:51:09.000+0000", "artistId": 2884, "songId": 27193408, "state": "CA", "style": "R&B - SOUL", "latitude": 37.271873, "longitude": -119.27042}, {"playDate": "2018-12-07T11:54:09.000+0000", "artistId": 2884, "songId": 78166808, "state": "MI", "style": "R&B - SOUL", "latitude": 44.94356, "longitude": -86.4158}, {"playDate": "2018-12-07T11:55:01.000+0000", "artistId": 2884, "songId": 21898701, "state": "PA", "style": "R&B - SOUL", "latitude": 40.994595, "longitude": -77.6047}, {"playDate": "2018-12-07T11:55:31.000+0000", "artistId": 2884, "songId": 27193408, "state": "CA", "style": "R&B - SOUL", "latitude": 37.271873, "longitude": -119.27042}, {"playDate": "2018-12-07T11:55:59.000+0000", "artistId": 2884, "songId": 21898701, "state": "OR", "style": "R&B - SOUL", "latitude": 44.141907, "longitude": -120.5381}, {"playDate": "2018-12-07T11:59:20.000+0000", "artistId": 2884, "songId": 21898704, "state": "TX", "style": "R&B - SOUL", "latitude": 31.169336, "longitude": -100.07684}, {"playDate": "2018-12-07T12:02:07.000+0000", "artistId": 2884, "songId": 78166808, "state": "WA", "style": "R&B - SOUL", "latitude": 38.89935, "longitude": -77.014565}, {"playDate": "2018-12-07T12:13:43.000+0000", "artistId": 2884, "songId": 78166808, "state": "TX", "style": "R&B - SOUL", "latitude": 31.169336, "longitude": -100.07684}, {"playDate": "2018-12-07T12:20:41.000+0000", "artistId": 2884, "songId": 78166808, "state": "OH", "style": "R&B - SOUL", "latitude": 40.19036, "longitude": -82.66925}, {"playDate": "2018-12-07T12:24:30.000+0000", "artistId": 2884, "songId": 27193401, "state": "FL", "style": "R&B - SOUL", "latitude": 27.975727, "longitude": -83.833015}, {"playDate": "2018-12-07T12:29:36.000+0000", "artistId": 2884, "songId": 78166808, "state": "VA", "style": "R&B - SOUL", "latitude": 38.003384, "longitude": -79.458786}, {"playDate": "2018-12-07T12:30:01.000+0000", "artistId": 2884, "songId": 78166808, "state": "SC", "style": "R&B - SOUL", "latitude": 33.62505, "longitude": -80.94704}, {"playDate": "2018-12-07T12:37:24.000+0000", "artistId": 2884, "songId": 12732902, "state": "WA", "style": "R&B - SOUL", "latitude": 38.89935, "longitude": -77.014565}, {"playDate": "2018-12-07T12:37:32.000+0000", "artistId": 2884, "songId": 78166808, "state": "MO", "style": "R&B - SOUL", "latitude": 38.30466, "longitude": -92.437096}, {"playDate": "2018-12-07T12:38:35.000+0000", "artistId": 2884, "songId": 78166808, "state": "FL", "style": "R&B - SOUL", "latitude": 27.975727, "longitude": -83.833015}, {"playDate": "2018-12-07T12:46:19.000+0000", "artistId": 2884, "songId": 12732902, "state": "FL", "style": "R&B - SOUL", "latitude": 27.975727, "longitude": -83.833015}, {"playDate": "2018-12-07T12:54:10.000+0000", "artistId": 2884, "songId": 27193408, "state": "MT", "style": "R&B - SOUL", "latitude": 46.6798, "longitude": -110.044785}, {"playDate": "2018-12-07T12:56:52.000+0000", "artistId": 2884, "songId": 27193408, "state": "NE", "style": "R&B - SOUL", "latitude": 41.50082, "longitude": -99.6809}, {"playDate": "2018-12-07T13:02:49.000+0000", "artistId": 2884, "songId": 78166808, "state": "AZ", "style": "R&B - SOUL", "latitude": 34.168217, "longitude": -111.93091}, {"playDate": "2018-12-07T13:04:50.000+0000", "artistId": 2884, "songId": 78166811, "state": "WI", "style": "R&B - SOUL", "latitude": 44.786297, "longitude": -89.826706}, {"playDate": "2018-12-07T13:05:49.000+0000", "artistId": 2884, "songId": 27152703, "state": "MA", "style": "R&B - SOUL", "latitude": 42.06294, "longitude": -71.71806}, {"playDate": "2018-12-07T13:09:44.000+0000", "artistId": 2884, "songId": 27193401, "state": "TN", "style": "R&B - SOUL", "latitude": 35.83052, "longitude": -85.9786}, {"playDate": "2018-12-07T13:12:53.000+0000", "artistId": 2884, "songId": 21898701, "state": "GA", "style": "R&B - SOUL", "latitude": 32.678123, "longitude": -83.22298}, {"playDate": "2018-12-07T13:18:41.000+0000", "artistId": 2884, "songId": 78166808, "state": "DE", "style": "R&B - SOUL", "latitude": 39.145252, "longitude": -75.41892}, {"playDate": "2018-12-07T13:33:58.000+0000", "artistId": 2884, "songId": 78166808, "state": "WA", "style": "R&B - SOUL", "latitude": 38.89935, "longitude": -77.014565}, {"playDate": "2018-12-07T13:35:00.000+0000", "artistId": 2884, "songId": 46620104, "state": "AB", "style": "R&B - SOUL", "latitude": 53.016697, "longitude": -112.816635}, {"playDate": "2018-12-07T13:36:14.000+0000", "artistId": 2884, "songId": 78166808, "state": "QC", "style": "R&B - SOUL", "latitude": 49.82258, "longitude": -64.34799}, {"playDate": "2018-12-07T13:36:41.000+0000", "artistId": 2884, "songId": 78166808, "state": "FL", "style": "R&B - SOUL", "latitude": 27.975727, "longitude": -83.833015}, {"playDate": "2018-12-07T13:38:11.000+0000", "artistId": 2884, "songId": 78166808, "state": "VA", "style": "R&B - SOUL", "latitude": 38.003384, "longitude": -79.458786}, {"playDate": "2018-12-07T13:40:53.000+0000", "artistId": 2884, "songId": 78166802, "state": "GA", "style": "R&B - SOUL", "latitude": 32.678123, "longitude": -83.22298}, {"playDate": "2018-12-07T13:41:24.000+0000", "artistId": 2884, "songId": 12732902, "state": "MN", "style": "R&B - SOUL", "latitude": 46.44186, "longitude": -93.36552}, {"playDate": "2018-12-07T13:42:46.000+0000", "artistId": 2884, "songId": 27193408, "state": "FL", "style": "R&B - SOUL", "latitude": 27.975727, "longitude": -83.833015}, {"playDate": "2018-12-07T13:49:19.000+0000", "artistId": 2884, "songId": 27152703, "state": "CA", "style": "R&B - SOUL", "latitude": 37.271873, "longitude": -119.27042}, {"playDate": "2018-12-07T13:50:55.000+0000", "artistId": 2884, "songId": 27159805, "state": "LA", "style": "R&B - SOUL", "latitude": 30.973377, "longitude": -91.42991}, {"playDate": "2018-12-07T14:01:02.000+0000", "artistId": 2884, "songId": 12732902, "state": "OH", "style": "R&B - SOUL", "latitude": 40.19036, "longitude": -82.66925}, {"playDate": "2018-12-07T14:09:19.000+0000", "artistId": 2884, "songId": 27193408, "state": "WI", "style": "R&B - SOUL", "latitude": 44.786297, "longitude": -89.826706}, {"playDate": "2018-12-07T14:09:42.000+0000", "artistId": 2884, "songId": 27193401, "state": "SC", "style": "R&B - SOUL", "latitude": 33.62505, "longitude": -80.94704}, {"playDate": "2018-12-07T14:11:22.000+0000", "artistId": 2884, "songId": 27193408, "state": "MD", "style": "R&B - SOUL", "latitude": 38.80635, "longitude": -77.26842}, {"playDate": "2018-12-07T14:16:22.000+0000", "artistId": 2884, "songId": 46620104, "state": "CO", "style": "R&B - SOUL", "latitude": 38.997932, "longitude": -105.55057}, {"playDate": "2018-12-07T14:19:29.000+0000", "artistId": 2884, "songId": 78166801, "state": "BC", "style": "R&B - SOUL", "latitude": 49.09996, "longitude": -116.5167}, {"playDate": "2018-12-07T14:21:51.000+0000", "artistId": 2884, "songId": 78166812, "state": "PA", "style": "R&B - SOUL", "latitude": 40.994595, "longitude": -77.6047}, {"playDate": "2018-12-07T14:30:25.000+0000", "artistId": 2884, "songId": 27193408, "state": "MI", "style": "R&B - SOUL", "latitude": 44.94356, "longitude": -86.4158}, {"playDate": "2018-12-07T14:33:08.000+0000", "artistId": 2884, "songId": 27152401, "state": "ON", "style": "R&B - SOUL", "latitude": 44.566647, "longitude": -80.84998}, {"playDate": "2018-12-07T14:33:54.000+0000", "artistId": 2884, "songId": 10548303, "state": "CA", "style": "R&B - SOUL", "latitude": 37.271873, "longitude": -119.27042}, {"playDate": "2018-12-07T14:39:39.000+0000", "artistId": 2884, "songId": 27193408, "state": "MT", "style": "R&B - SOUL", "latitude": 46.6798, "longitude": -110.044785}, {"playDate": "2018-12-07T14:47:53.000+0000", "artistId": 2884, "songId": 27193408, "state": "NY", "style": "R&B - SOUL", "latitude": 40.705627, "longitude": -73.97968}, {"playDate": "2018-12-07T14:55:03.000+0000", "artistId": 2884, "songId": 78166808, "state": "WI", "style": "R&B - SOUL", "latitude": 44.786297, "longitude": -89.826706}, {"playDate": "2018-12-07T15:10:31.000+0000", "artistId": 2884, "songId": 27193401, "state": "ND", "style": "R&B - SOUL", "latitude": 47.46788, "longitude": -100.30227}, {"playDate": "2018-12-07T15:17:23.000+0000", "artistId": 2884, "songId": 27193408, "state": "CA", "style": "R&B - SOUL", "latitude": 37.271873, "longitude": -119.27042}, {"playDate": "2018-12-07T15:22:36.000+0000", "artistId": 2884, "songId": 78166808, "state": "FL", "style": "R&B - SOUL", "latitude": 27.975727, "longitude": -83.833015}, {"playDate": "2018-12-07T15:23:30.000+0000", "artistId": 2884, "songId": 79759612, "state": "WA", "style": "R&B - SOUL", "latitude": 38.89935, "longitude": -77.014565}, {"playDate": "2018-12-07T15:25:39.000+0000", "artistId": 2884, "songId": 27193401, "state": "NC", "style": "R&B - SOUL", "latitude": 35.21456, "longitude": -79.891266}, {"playDate": "2018-12-07T15:35:06.000+0000", "artistId": 2884, "songId": 78166813, "state": "OR", "style": "R&B - SOUL", "latitude": 44.141907, "longitude": -120.5381}, {"playDate": "2018-12-07T15:38:37.000+0000", "artistId": 2884, "songId": 12732902, "state": "NY", "style": "R&B - SOUL", "latitude": 40.705627, "longitude": -73.97968}, {"playDate": "2018-12-07T15:39:25.000+0000", "artistId": 2884, "songId": 21898701, "state": "CA", "style": "R&B - SOUL", "latitude": 37.271873, "longitude": -119.27042}, {"playDate": "2018-12-07T15:39:57.000+0000", "artistId": 2884, "songId": 46620104, "state": "MO", "style": "R&B - SOUL", "latitude": 38.30466, "longitude": -92.437096}, {"playDate": "2018-12-07T15:40:14.000+0000", "artistId": 2884, "songId": 12732902, "state": "NE", "style": "R&B - SOUL", "latitude": 41.50082, "longitude": -99.6809}, {"playDate": "2018-12-07T15:43:18.000+0000", "artistId": 2884, "songId": 27193408, "state": "MN", "style": "R&B - SOUL", "latitude": 46.44186, "longitude": -93.36552}, {"playDate": "2018-12-07T15:48:25.000+0000", "artistId": 2884, "songId": 78166811, "state": "CA", "style": "R&B - SOUL", "latitude": 37.271873, "longitude": -119.27042}, {"playDate": "2018-12-07T15:50:29.000+0000", "artistId": 2884, "songId": 27193408, "state": "OH", "style": "R&B - SOUL", "latitude": 40.19036, "longitude": -82.66925}, {"playDate": "2018-12-07T15:55:27.000+0000", "artistId": 2884, "songId": 78166808, "state": "WI", "style": "R&B - SOUL", "latitude": 44.786297, "longitude": -89.826706}, {"playDate": "2018-12-07T16:00:39.000+0000", "artistId": 2884, "songId": 78166808, "state": "MA", "style": "R&B - SOUL", "latitude": 42.06294, "longitude": -71.71806}, {"playDate": "2018-12-07T16:04:51.000+0000", "artistId": 2884, "songId": 21855602, "state": "TX", "style": "R&B - SOUL", "latitude": 31.169336, "longitude": -100.07684}, {"playDate": "2018-12-07T16:10:25.000+0000", "artistId": 2884, "songId": 78166808, "state": "CO", "style": "R&B - SOUL", "latitude": 38.997932, "longitude": -105.55057}, {"playDate": "2018-12-07T16:26:48.000+0000", "artistId": 2884, "songId": 78166808, "state": "FL", "style": "R&B - SOUL", "latitude": 27.975727, "longitude": -83.833015}, {"playDate": "2018-12-07T16:30:14.000+0000", "artistId": 2884, "songId": 78166811, "state": "NJ", "style": "R&B - SOUL", "latitude": 40.143005, "longitude": -74.73112}, {"playDate": "2018-12-07T16:31:20.000+0000", "artistId": 2884, "songId": 78166808, "state": "WA", "style": "R&B - SOUL", "latitude": 38.89935, "longitude": -77.014565}, {"playDate": "2018-12-07T16:34:53.000+0000", "artistId": 2884, "songId": 27193408, "state": "CA", "style": "R&B - SOUL", "latitude": 37.271873, "longitude": -119.27042}, {"playDate": "2018-12-07T16:36:14.000+0000", "artistId": 2884, "songId": 27152401, "state": "OH", "style": "R&B - SOUL", "latitude": 40.19036, "longitude": -82.66925}, {"playDate": "2018-12-07T16:38:21.000+0000", "artistId": 2884, "songId": 27159806, "state": "TX", "style": "R&B - SOUL", "latitude": 31.169336, "longitude": -100.07684}, {"playDate": "2018-12-07T16:40:56.000+0000", "artistId": 2884, "songId": 78166808, "state": "NE", "style": "R&B - SOUL", "latitude": 41.50082, "longitude": -99.6809}, {"playDate": "2018-12-07T16:42:01.000+0000", "artistId": 2884, "songId": 27152401, "state": "PA", "style": "R&B - SOUL", "latitude": 40.994595, "longitude": -77.6047}, {"playDate": "2018-12-07T16:47:55.000+0000", "artistId": 2884, "songId": 46620104, "state": "QC", "style": "R&B - SOUL", "latitude": 49.82258, "longitude": -64.34799}, {"playDate": "2018-12-07T16:47:57.000+0000", "artistId": 2884, "songId": 78166808, "state": "IL", "style": "R&B - SOUL", "latitude": 39.73932, "longitude": -89.50414}, {"playDate": "2018-12-07T16:52:12.000+0000", "artistId": 2884, "songId": 21828601, "state": "MA", "style": "R&B - SOUL", "latitude": 42.06294, "longitude": -71.71806}, {"playDate": "2018-12-07T16:52:23.000+0000", "artistId": 2884, "songId": 85453001, "state": "OH", "style": "R&B - XMAS", "latitude": 40.19036, "longitude": -82.66925}, {"playDate": "2018-12-07T16:52:35.000+0000", "artistId": 2884, "songId": 21828604, "state": "WA", "style": "R&B - SOUL", "latitude": 38.89935, "longitude": -77.014565}, {"playDate": "2018-12-07T16:53:06.000+0000", "artistId": 2884, "songId": 78166808, "state": "MI", "style": "R&B - SOUL", "latitude": 44.94356, "longitude": -86.4158}, {"playDate": "2018-12-07T16:59:22.000+0000", "artistId": 2884, "songId": 86619904, "state": "IL", "style": "R&B - SOUL", "latitude": 39.73932, "longitude": -89.50414}, {"playDate": "2018-12-07T17:01:58.000+0000", "artistId": 2884, "songId": 78166801, "state": "OR", "style": "R&B - SOUL", "latitude": 44.141907, "longitude": -120.5381}, {"playDate": "2018-12-07T17:02:12.000+0000", "artistId": 2884, "songId": 78166803, "state": "TX", "style": "R&B - SOUL", "latitude": 31.169336, "longitude": -100.07684}, {"playDate": "2018-12-07T17:03:03.000+0000", "artistId": 2884, "songId": 78166812, "state": "VA", "style": "R&B - SOUL", "latitude": 38.003384, "longitude": -79.458786}, {"playDate": "2018-12-07T17:03:58.000+0000", "artistId": 2884, "songId": 78166816, "state": "LA", "style": "R&B - SOUL", "latitude": 30.973377, "longitude": -91.42991}, {"playDate": "2018-12-07T17:06:34.000+0000", "artistId": 2884, "songId": 78166808, "state": "TX", "style": "R&B - SOUL", "latitude": 31.169336, "longitude": -100.07684}, {"playDate": "2018-12-07T17:13:28.000+0000", "artistId": 2884, "songId": 78166808, "state": "LA", "style": "R&B - SOUL", "latitude": 30.973377, "longitude": -91.42991}, {"playDate": "2018-12-07T17:23:07.000+0000", "artistId": 2884, "songId": 27193408, "state": "MN", "style": "R&B - SOUL", "latitude": 46.44186, "longitude": -93.36552}, {"playDate": "2018-12-07T17:29:02.000+0000", "artistId": 2884, "songId": 78166808, "state": "MD", "style": "R&B - SOUL", "latitude": 38.80635, "longitude": -77.26842}, {"playDate": "2018-12-07T17:29:47.000+0000", "artistId": 2884, "songId": 27193411, "state": "VA", "style": "R&B - SOUL", "latitude": 38.003384, "longitude": -79.458786}, {"playDate": "2018-12-07T17:33:09.000+0000", "artistId": 2884, "songId": 86619914, "state": "QC", "style": "R&B - SOUL", "latitude": 49.82258, "longitude": -64.34799}, {"playDate": "2018-12-07T17:33:27.000+0000", "artistId": 2884, "songId": 27159804, "state": "IL", "style": "R&B - SOUL", "latitude": 39.73932, "longitude": -89.50414}, {"playDate": "2018-12-07T17:37:44.000+0000", "artistId": 2884, "songId": 78166808, "state": "NY", "style": "R&B - SOUL", "latitude": 40.705627, "longitude": -73.97968}, {"playDate": "2018-12-07T17:41:24.000+0000", "artistId": 2884, "songId": 86619907, "state": "CA", "style": "R&B - SOUL", "latitude": 37.271873, "longitude": -119.27042}, {"playDate": "2018-12-07T17:47:21.000+0000", "artistId": 2884, "songId": 27159806, "state": "WA", "style": "R&B - SOUL", "latitude": 38.89935, "longitude": -77.014565}, {"playDate": "2018-12-07T17:48:02.000+0000", "artistId": 2884, "songId": 78166808, "state": "FL", "style": "R&B - SOUL", "latitude": 27.975727, "longitude": -83.833015}, {"playDate": "2018-12-07T17:50:38.000+0000", "artistId": 2884, "songId": 68816807, "state": "IL", "style": "ELECTRO - DANCE", "latitude": 39.73932, "longitude": -89.50414}, {"playDate": "2018-12-07T17:51:25.000+0000", "artistId": 2884, "songId": 78166808, "state": "SC", "style": "R&B - SOUL", "latitude": 33.62505, "longitude": -80.94704}, {"playDate": "2018-12-07T17:52:01.000+0000", "artistId": 2884, "songId": 12732902, "state": "MD", "style": "R&B - SOUL", "latitude": 38.80635, "longitude": -77.26842}, {"playDate": "2018-12-07T17:52:13.000+0000", "artistId": 2884, "songId": 78166808, "state": "MO", "style": "R&B - SOUL", "latitude": 38.30466, "longitude": -92.437096}, {"playDate": "2018-12-07T17:53:59.000+0000", "artistId": 2884, "songId": 78166808, "state": "WI", "style": "R&B - SOUL", "latitude": 44.786297, "longitude": -89.826706}, {"playDate": "2018-12-07T17:54:12.000+0000", "artistId": 2884, "songId": 78166808, "state": "KS", "style": "R&B - SOUL", "latitude": 38.49878, "longitude": -98.320076}, {"playDate": "2018-12-07T17:54:53.000+0000", "artistId": 2884, "songId": 78166808, "state": "MO", "style": "R&B - SOUL", "latitude": 38.30466, "longitude": -92.437096}, {"playDate": "2018-12-07T18:04:42.000+0000", "artistId": 2884, "songId": 78166808, "state": "QC", "style": "R&B - SOUL", "latitude": 49.82258, "longitude": -64.34799}, {"playDate": "2018-12-07T18:08:27.000+0000", "artistId": 2884, "songId": 21828601, "state": "AR", "style": "R&B - SOUL", "latitude": 34.751926, "longitude": -92.13138}, {"playDate": "2018-12-07T18:13:50.000+0000", "artistId": 2884, "songId": 21901301, "state": "RI", "style": "R&B - SOUL", "latitude": 41.58273, "longitude": -71.506454}, {"playDate": "2018-12-07T18:14:00.000+0000", "artistId": 2884, "songId": 27193401, "state": "NY", "style": "R&B - SOUL", "latitude": 40.705627, "longitude": -73.97968}, {"playDate": "2018-12-07T18:17:55.000+0000", "artistId": 2884, "songId": 27193401, "state": "CA", "style": "R&B - SOUL", "latitude": 37.271873, "longitude": -119.27042}, {"playDate": "2018-12-07T18:19:25.000+0000", "artistId": 2884, "songId": 27193401, "state": "IN", "style": "R&B - SOUL", "latitude": 39.76622, "longitude": -86.44128}, {"playDate": "2018-12-07T18:21:31.000+0000", "artistId": 2884, "songId": 27193408, "state": "SC", "style": "R&B - SOUL", "latitude": 33.62505, "longitude": -80.94704}, {"playDate": "2018-12-07T18:24:38.000+0000", "artistId": 2884, "songId": 27185308, "state": "PA", "style": "R&B - SOUL", "latitude": 40.994595, "longitude": -77.6047}, {"playDate": "2018-12-07T18:26:03.000+0000", "artistId": 2884, "songId": 78166808, "state": "AZ", "style": "R&B - SOUL", "latitude": 34.168217, "longitude": -111.93091}, {"playDate": "2018-12-07T18:26:29.000+0000", "artistId": 2884, "songId": 21901301, "state": "LA", "style": "R&B - SOUL", "latitude": 30.973377, "longitude": -91.42991}, {"playDate": "2018-12-07T18:37:46.000+0000", "artistId": 2884, "songId": 21898701, "state": "OH", "style": "R&B - SOUL", "latitude": 40.19036, "longitude": -82.66925}, {"playDate": "2018-12-07T18:39:34.000+0000", "artistId": 2884, "songId": 78166808, "state": "FL", "style": "R&B - SOUL", "latitude": 27.975727, "longitude": -83.833015}, {"playDate": "2018-12-07T18:40:21.000+0000", "artistId": 2884, "songId": 27193414, "state": "PA", "style": "R&B - SOUL", "latitude": 40.994595, "longitude": -77.6047}, {"playDate": "2018-12-07T18:42:34.000+0000", "artistId": 2884, "songId": 90703802, "state": "SC", "style": "R&B - SOUL", "latitude": 33.62505, "longitude": -80.94704}, {"playDate": "2018-12-07T18:42:43.000+0000", "artistId": 2884, "songId": 78166808, "state": "IL", "style": "R&B - SOUL", "latitude": 39.73932, "longitude": -89.50414}, {"playDate": "2018-12-07T18:43:00.000+0000", "artistId": 2884, "songId": 78166802, "state": "OK", "style": "R&B - SOUL", "latitude": 35.309765, "longitude": -98.71656}, {"playDate": "2018-12-07T18:45:54.000+0000", "artistId": 2884, "songId": 78166808, "state": "FL", "style": "R&B - SOUL", "latitude": 27.975727, "longitude": -83.833015}, {"playDate": "2018-12-07T18:47:35.000+0000", "artistId": 2884, "songId": 78166808, "state": "WA", "style": "R&B - SOUL", "latitude": 38.89935, "longitude": -77.014565}, {"playDate": "2018-12-07T18:49:58.000+0000", "artistId": 2884, "songId": 78166812, "state": "RI", "style": "R&B - SOUL", "latitude": 41.58273, "longitude": -71.506454}, {"playDate": "2018-12-07T18:52:52.000+0000", "artistId": 2884, "songId": 78166808, "state": "OK", "style": "R&B - SOUL", "latitude": 35.309765, "longitude": -98.71656}, {"playDate": "2018-12-07T18:55:36.000+0000", "artistId": 2884, "songId": 78128005, "state": "IL", "style": "R&B - SOUL", "latitude": 39.73932, "longitude": -89.50414}, {"playDate": "2018-12-07T18:55:59.000+0000", "artistId": 2884, "songId": 32499805, "state": "NC", "style": "R&B - SOUL", "latitude": 35.21456, "longitude": -79.891266}, {"playDate": "2018-12-07T18:57:26.000+0000", "artistId": 2884, "songId": 27159806, "state": "OH", "style": "R&B - SOUL", "latitude": 40.19036, "longitude": -82.66925}, {"playDate": "2018-12-07T19:01:42.000+0000", "artistId": 2884, "songId": 27152401, "state": "PA", "style": "R&B - SOUL", "latitude": 40.994595, "longitude": -77.6047}, {"playDate": "2018-12-07T19:02:27.000+0000", "artistId": 2884, "songId": 27193401, "state": "MN", "style": "R&B - SOUL", "latitude": 46.44186, "longitude": -93.36552}, {"playDate": "2018-12-07T19:02:30.000+0000", "artistId": 2884, "songId": 78166803, "state": "OH", "style": "R&B - SOUL", "latitude": 40.19036, "longitude": -82.66925}, {"playDate": "2018-12-07T19:08:49.000+0000", "artistId": 2884, "songId": 27193401, "state": "QC", "style": "R&B - SOUL", "latitude": 49.82258, "longitude": -64.34799}, {"playDate": "2018-12-07T19:11:22.000+0000", "artistId": 2884, "songId": 78166801, "state": "MN", "style": "R&B - SOUL", "latitude": 46.44186, "longitude": -93.36552}, {"playDate": "2018-12-07T19:11:31.000+0000", "artistId": 2884, "songId": 27159806, "state": "AZ", "style": "R&B - SOUL", "latitude": 34.168217, "longitude": -111.93091}, {"playDate": "2018-12-07T19:12:41.000+0000", "artistId": 2884, "songId": 78166804, "state": "IL", "style": "R&B - SOUL", "latitude": 39.73932, "longitude": -89.50414}, {"playDate": "2018-12-07T19:13:17.000+0000", "artistId": 2884, "songId": 78166811, "state": "PA", "style": "R&B - SOUL", "latitude": 40.994595, "longitude": -77.6047}, {"playDate": "2018-12-07T19:14:51.000+0000", "artistId": 2884, "songId": 65017402, "state": "MN", "style": "R&B - SOUL", "latitude": 46.44186, "longitude": -93.36552}, {"playDate": "2018-12-07T19:16:16.000+0000", "artistId": 2884, "songId": 78166808, "state": "IL", "style": "R&B - SOUL", "latitude": 39.73932, "longitude": -89.50414}, {"playDate": "2018-12-07T19:18:08.000+0000", "artistId": 2884, "songId": 86619904, "state": "ON", "style": "R&B - SOUL", "latitude": 44.566647, "longitude": -80.84998}, {"playDate": "2018-12-07T19:19:18.000+0000", "artistId": 2884, "songId": 21898701, "state": "TX", "style": "R&B - SOUL", "latitude": 31.169336, "longitude": -100.07684}, {"playDate": "2018-12-07T19:21:08.000+0000", "artistId": 2884, "songId": 32499806, "state": "PA", "style": "R&B - SOUL", "latitude": 40.994595, "longitude": -77.6047}, {"playDate": "2018-12-07T19:22:01.000+0000", "artistId": 2884, "songId": 21898704, "state": "FL", "style": "R&B - SOUL", "latitude": 27.975727, "longitude": -83.833015}, {"playDate": "2018-12-07T19:24:06.000+0000", "artistId": 2884, "songId": 78166808, "state": "KS", "style": "R&B - SOUL", "latitude": 38.49878, "longitude": -98.320076}, {"playDate": "2018-12-07T19:27:57.000+0000", "artistId": 2884, "songId": 27193401, "state": "CT", "style": "R&B - SOUL", "latitude": 41.518784, "longitude": -72.75751}, {"playDate": "2018-12-07T19:28:19.000+0000", "artistId": 2884, "songId": 21898701, "state": "VT", "style": "R&B - SOUL", "latitude": 43.871754, "longitude": -72.447784}, {"playDate": "2018-12-07T19:28:36.000+0000", "artistId": 2884, "songId": 46620104, "state": "FL", "style": "R&B - SOUL", "latitude": 27.975727, "longitude": -83.833015}, {"playDate": "2018-12-07T19:32:19.000+0000", "artistId": 2884, "songId": 27193401, "state": "OK", "style": "R&B - SOUL", "latitude": 35.309765, "longitude": -98.71656}, {"playDate": "2018-12-07T19:33:47.000+0000", "artistId": 2884, "songId": 27152401, "state": "ME", "style": "R&B - SOUL", "latitude": 45.218513, "longitude": -69.01486}, {"playDate": "2018-12-07T19:33:49.000+0000", "artistId": 2884, "songId": 78166812, "state": "SC", "style": "R&B - SOUL", "latitude": 33.62505, "longitude": -80.94704}, {"playDate": "2018-12-07T19:35:35.000+0000", "artistId": 2884, "songId": 78166811, "state": "CO", "style": "R&B - SOUL", "latitude": 38.997932, "longitude": -105.55057}, {"playDate": "2018-12-07T19:38:31.000+0000", "artistId": 2884, "songId": 27193401, "state": "LA", "style": "R&B - SOUL", "latitude": 30.973377, "longitude": -91.42991}, {"playDate": "2018-12-07T19:38:33.000+0000", "artistId": 2884, "songId": 12732902, "state": "MN", "style": "R&B - SOUL", "latitude": 46.44186, "longitude": -93.36552}, {"playDate": "2018-12-07T19:40:02.000+0000", "artistId": 2884, "songId": 27193401, "state": "MI", "style": "R&B - SOUL", "latitude": 44.94356, "longitude": -86.4158}, {"playDate": "2018-12-07T19:40:48.000+0000", "artistId": 2884, "songId": 27159806, "state": "VA", "style": "R&B - SOUL", "latitude": 38.003384, "longitude": -79.458786}, {"playDate": "2018-12-07T19:43:35.000+0000", "artistId": 2884, "songId": 27193408, "state": "WI", "style": "R&B - SOUL", "latitude": 44.786297, "longitude": -89.826706}, {"playDate": "2018-12-07T19:44:36.000+0000", "artistId": 2884, "songId": 85453001, "state": "IN", "style": "R&B - XMAS", "latitude": 39.76622, "longitude": -86.44128}, {"playDate": "2018-12-07T19:48:58.000+0000", "artistId": 2884, "songId": 27159813, "state": "AL", "style": "R&B - SOUL", "latitude": 32.60101, "longitude": -86.68073}, {"playDate": "2018-12-07T19:50:46.000+0000", "artistId": 2884, "songId": 78123017, "state": "IL", "style": "R&B - SOUL", "latitude": 39.73932, "longitude": -89.50414}, {"playDate": "2018-12-07T19:53:52.000+0000", "artistId": 2884, "songId": 27193401, "state": "AR", "style": "R&B - SOUL", "latitude": 34.751926, "longitude": -92.13138}, {"playDate": "2018-12-07T19:55:49.000+0000", "artistId": 2884, "songId": 78166804, "state": "PA", "style": "R&B - SOUL", "latitude": 40.994595, "longitude": -77.6047}, {"playDate": "2018-12-07T19:59:17.000+0000", "artistId": 2884, "songId": 78166808, "state": "TX", "style": "R&B - SOUL", "latitude": 31.169336, "longitude": -100.07684}, {"playDate": "2018-12-07T20:01:38.000+0000", "artistId": 2884, "songId": 32499815, "state": "OH", "style": "R&B - SOUL", "latitude": 40.19036, "longitude": -82.66925}, {"playDate": "2018-12-07T20:04:20.000+0000", "artistId": 2884, "songId": 27159812, "state": "NJ", "style": "R&B - SOUL", "latitude": 40.143005, "longitude": -74.73112}, {"playDate": "2018-12-07T20:06:06.000+0000", "artistId": 2884, "songId": 90576879, "state": "WV", "style": "R&B - URBAN", "latitude": 38.92017, "longitude": -80.181694}, {"playDate": "2018-12-07T20:07:21.000+0000", "artistId": 2884, "songId": 27193403, "state": "CA", "style": "R&B - SOUL", "latitude": 37.271873, "longitude": -119.27042}, {"playDate": "2018-12-07T20:11:28.000+0000", "artistId": 2884, "songId": 78166808, "state": "PA", "style": "R&B - SOUL", "latitude": 40.994595, "longitude": -77.6047}, {"playDate": "2018-12-07T20:15:38.000+0000", "artistId": 2884, "songId": 58020004, "state": "FL", "style": "R&B - SOUL", "latitude": 27.975727, "longitude": -83.833015}, {"playDate": "2018-12-07T20:17:31.000+0000", "artistId": 2884, "songId": 27193408, "state": "CA", "style": "R&B - SOUL", "latitude": 37.271873, "longitude": -119.27042}, {"playDate": "2018-12-07T20:18:46.000+0000", "artistId": 2884, "songId": 27193401, "state": "AL", "style": "R&B - SOUL", "latitude": 32.60101, "longitude": -86.68073}, {"playDate": "2018-12-07T20:23:11.000+0000", "artistId": 2884, "songId": 27152703, "state": "TX", "style": "R&B - SOUL", "latitude": 31.169336, "longitude": -100.07684}, {"playDate": "2018-12-07T20:30:53.000+0000", "artistId": 2884, "songId": 27193401, "state": "FL", "style": "R&B - SOUL", "latitude": 27.975727, "longitude": -83.833015}, {"playDate": "2018-12-07T20:38:54.000+0000", "artistId": 2884, "songId": 85453001, "state": "MI", "style": "R&B - XMAS", "latitude": 44.94356, "longitude": -86.4158}, {"playDate": "2018-12-07T20:40:52.000+0000", "artistId": 2884, "songId": 78128005, "state": "IL", "style": "R&B - SOUL", "latitude": 39.73932, "longitude": -89.50414}, {"playDate": "2018-12-07T20:48:16.000+0000", "artistId": 2884, "songId": 78166808, "state": "KY", "style": "R&B - SOUL", "latitude": 37.822292, "longitude": -85.76824}, {"playDate": "2018-12-07T20:48:22.000+0000", "artistId": 2884, "songId": 78166804, "state": "IL", "style": "R&B - SOUL", "latitude": 39.73932, "longitude": -89.50414}, {"playDate": "2018-12-07T20:50:41.000+0000", "artistId": 2884, "songId": 78166801, "state": "TX", "style": "R&B - SOUL", "latitude": 31.169336, "longitude": -100.07684}, {"playDate": "2018-12-07T20:53:34.000+0000", "artistId": 2884, "songId": 78166812, "state": "TN", "style": "R&B - SOUL", "latitude": 35.83052, "longitude": -85.9786}, {"playDate": "2018-12-07T20:54:47.000+0000", "artistId": 2884, "songId": 27152702, "state": "NY", "style": "R&B - SOUL", "latitude": 40.705627, "longitude": -73.97968}, {"playDate": "2018-12-07T20:54:54.000+0000", "artistId": 2884, "songId": 21898704, "state": "MS", "style": "R&B - SOUL", "latitude": 32.585106, "longitude": -89.87722}, {"playDate": "2018-12-07T20:55:28.000+0000", "artistId": 2884, "songId": 78166808, "state": "OK", "style": "R&B - SOUL", "latitude": 35.309765, "longitude": -98.71656}, {"playDate": "2018-12-07T20:58:24.000+0000", "artistId": 2884, "songId": 27159813, "state": "GA", "style": "R&B - SOUL", "latitude": 32.678123, "longitude": -83.22298}, {"playDate": "2018-12-07T20:58:24.000+0000", "artistId": 2884, "songId": 27159813, "state": "GA", "style": "R&B - SOUL", "latitude": 32.678123, "longitude": -83.22298}, {"playDate": "2018-12-07T21:02:57.000+0000", "artistId": 2884, "songId": 27159813, "state": "MI", "style": "R&B - SOUL", "latitude": 44.94356, "longitude": -86.4158}, {"playDate": "2018-12-07T21:04:05.000+0000", "artistId": 2884, "songId": 78166811, "state": "MO", "style": "R&B - SOUL", "latitude": 38.30466, "longitude": -92.437096}, {"playDate": "2018-12-07T21:05:33.000+0000", "artistId": 2884, "songId": 27159808, "state": "NY", "style": "R&B - SOUL", "latitude": 40.705627, "longitude": -73.97968}, {"playDate": "2018-12-07T21:08:10.000+0000", "artistId": 2884, "songId": 27152401, "state": "MO", "style": "R&B - SOUL", "latitude": 38.30466, "longitude": -92.437096}, {"playDate": "2018-12-07T21:08:25.000+0000", "artistId": 2884, "songId": 78166804, "state": "DC", "style": "R&B - SOUL", "latitude": 38.89935, "longitude": -77.014565}, {"playDate": "2018-12-07T21:12:26.000+0000", "artistId": 2884, "songId": 78166808, "state": "PA", "style": "R&B - SOUL", "latitude": 40.994595, "longitude": -77.6047}, {"playDate": "2018-12-07T21:13:42.000+0000", "artistId": 2884, "songId": 27152401, "state": "ND", "style": "R&B - SOUL", "latitude": 47.46788, "longitude": -100.30227}, {"playDate": "2018-12-07T21:18:54.000+0000", "artistId": 2884, "songId": 27193401, "state": "IL", "style": "R&B - SOUL", "latitude": 39.73932, "longitude": -89.50414}, {"playDate": "2018-12-07T21:20:38.000+0000", "artistId": 2884, "songId": 78128005, "state": "CT", "style": "R&B - SOUL", "latitude": 41.518784, "longitude": -72.75751}, {"playDate": "2018-12-07T21:33:47.000+0000", "artistId": 2884, "songId": 27152401, "state": "FL", "style": "R&B - SOUL", "latitude": 27.975727, "longitude": -83.833015}, {"playDate": "2018-12-07T21:38:59.000+0000", "artistId": 2884, "songId": 27193401, "state": "PA", "style": "R&B - SOUL", "latitude": 40.994595, "longitude": -77.6047}, {"playDate": "2018-12-07T21:45:44.000+0000", "artistId": 2884, "songId": 78166811, "state": "WI", "style": "R&B - SOUL", "latitude": 44.786297, "longitude": -89.826706}, {"playDate": "2018-12-07T21:46:42.000+0000", "artistId": 2884, "songId": 86619908, "state": "IL", "style": "R&B - SOUL", "latitude": 39.73932, "longitude": -89.50414}, {"playDate": "2018-12-07T21:46:56.000+0000", "artistId": 2884, "songId": 27193401, "state": "IA", "style": "R&B - SOUL", "latitude": 41.938316, "longitude": -93.3898}, {"playDate": "2018-12-07T21:48:48.000+0000", "artistId": 2884, "songId": 78166856, "state": "WY", "style": "R&B - SOUL", "latitude": 43.000324, "longitude": -107.554565}, {"playDate": "2018-12-07T21:53:12.000+0000", "artistId": 2884, "songId": 78166808, "state": "IL", "style": "R&B - SOUL", "latitude": 39.73932, "longitude": -89.50414}, {"playDate": "2018-12-07T21:53:17.000+0000", "artistId": 2884, "songId": 78166802, "state": "AR", "style": "R&B - SOUL", "latitude": 34.751926, "longitude": -92.13138}, {"playDate": "2018-12-07T21:53:21.000+0000", "artistId": 2884, "songId": 78166811, "state": "OH", "style": "R&B - SOUL", "latitude": 40.19036, "longitude": -82.66925}, {"playDate": "2018-12-07T21:53:24.000+0000", "artistId": 2884, "songId": 27193401, "state": "WI", "style": "R&B - SOUL", "latitude": 44.786297, "longitude": -89.826706}, {"playDate": "2018-12-07T21:58:33.000+0000", "artistId": 2884, "songId": 27159806, "state": "PA", "style": "R&B - SOUL", "latitude": 40.994595, "longitude": -77.6047}, {"playDate": "2018-12-07T21:59:06.000+0000", "artistId": 2884, "songId": 78166862, "state": "FL", "style": "R&B - SOUL", "latitude": 27.975727, "longitude": -83.833015}, {"playDate": "2018-12-07T21:59:56.000+0000", "artistId": 2884, "songId": 21828604, "state": "NE", "style": "R&B - SOUL", "latitude": 41.50082, "longitude": -99.6809}, {"playDate": "2018-12-07T22:07:17.000+0000", "artistId": 2884, "songId": 78166808, "state": "IN", "style": "R&B - SOUL", "latitude": 39.76622, "longitude": -86.44128}, {"playDate": "2018-12-07T22:08:29.000+0000", "artistId": 2884, "songId": 27152703, "state": "SC", "style": "R&B - SOUL", "latitude": 33.62505, "longitude": -80.94704}, {"playDate": "2018-12-07T22:17:45.000+0000", "artistId": 2884, "songId": 78166808, "state": "HI", "style": "R&B - SOUL", "latitude": 20.46, "longitude": -157.505}, {"playDate": "2018-12-07T22:19:15.000+0000", "artistId": 2884, "songId": 27193401, "state": "LA", "style": "R&B - SOUL", "latitude": 30.973377, "longitude": -91.42991}, {"playDate": "2018-12-07T22:25:44.000+0000", "artistId": 2884, "songId": 78128005, "state": "IN", "style": "R&B - SOUL", "latitude": 39.76622, "longitude": -86.44128}, {"playDate": "2018-12-07T22:28:34.000+0000", "artistId": 2884, "songId": 27159806, "state": "TX", "style": "R&B - SOUL", "latitude": 31.169336, "longitude": -100.07684}, {"playDate": "2018-12-07T22:29:09.000+0000", "artistId": 2884, "songId": 27193401, "state": "NY", "style": "R&B - SOUL", "latitude": 40.705627, "longitude": -73.97968}, {"playDate": "2018-12-07T22:29:11.000+0000", "artistId": 2884, "songId": 21828604, "state": "NY", "style": "R&B - SOUL", "latitude": 40.705627, "longitude": -73.97968}, {"playDate": "2018-12-07T22:30:20.000+0000", "artistId": 2884, "songId": 78166808, "state": "FL", "style": "R&B - SOUL", "latitude": 27.975727, "longitude": -83.833015}, {"playDate": "2018-12-07T22:31:01.000+0000", "artistId": 2884, "songId": 78166808, "state": "TX", "style": "R&B - SOUL", "latitude": 31.169336, "longitude": -100.07684}, {"playDate": "2018-12-07T22:36:15.000+0000", "artistId": 2884, "songId": 78166808, "state": "TX", "style": "R&B - SOUL", "latitude": 31.169336, "longitude": -100.07684}, {"playDate": "2018-12-07T22:36:30.000+0000", "artistId": 2884, "songId": 27193408, "state": "FL", "style": "R&B - SOUL", "latitude": 27.975727, "longitude": -83.833015}, {"playDate": "2018-12-07T22:37:45.000+0000", "artistId": 2884, "songId": 27193401, "state": "IL", "style": "R&B - SOUL", "latitude": 39.73932, "longitude": -89.50414}, {"playDate": "2018-12-07T22:37:49.000+0000", "artistId": 2884, "songId": 78128008, "state": "IN", "style": "ELECTRO - DANCE", "latitude": 39.76622, "longitude": -86.44128}, {"playDate": "2018-12-07T22:38:39.000+0000", "artistId": 2884, "songId": 27193401, "state": "ME", "style": "R&B - SOUL", "latitude": 45.218513, "longitude": -69.01486}, {"playDate": "2018-12-07T22:46:10.000+0000", "artistId": 2884, "songId": 27193401, "state": "MD", "style": "R&B - SOUL", "latitude": 38.80635, "longitude": -77.26842}, {"playDate": "2018-12-07T22:47:11.000+0000", "artistId": 2884, "songId": 21898701, "state": "MO", "style": "R&B - SOUL", "latitude": 38.30466, "longitude": -92.437096}, {"playDate": "2018-12-07T22:47:58.000+0000", "artistId": 2884, "songId": 78166808, "state": "AZ", "style": "R&B - SOUL", "latitude": 34.168217, "longitude": -111.93091}, {"playDate": "2018-12-07T22:49:20.000+0000", "artistId": 2884, "songId": 27152401, "state": "IA", "style": "R&B - SOUL", "latitude": 41.938316, "longitude": -93.3898}, {"playDate": "2018-12-07T22:50:42.000+0000", "artistId": 2884, "songId": 78166802, "state": "CA", "style": "R&B - SOUL", "latitude": 37.271873, "longitude": -119.27042}, {"playDate": "2018-12-07T22:59:28.000+0000", "artistId": 2884, "songId": 27114802, "state": "PA", "style": "R&B - SOUL", "latitude": 40.994595, "longitude": -77.6047}, {"playDate": "2018-12-07T23:02:10.000+0000", "artistId": 2884, "songId": 32499806, "state": "IN", "style": "R&B - SOUL", "latitude": 39.76622, "longitude": -86.44128}, {"playDate": "2018-12-07T23:16:45.000+0000", "artistId": 2884, "songId": 78166808, "state": "NJ", "style": "R&B - SOUL", "latitude": 40.143005, "longitude": -74.73112}, {"playDate": "2018-12-07T23:23:13.000+0000", "artistId": 2884, "songId": 78166808, "state": "FL", "style": "R&B - SOUL", "latitude": 27.975727, "longitude": -83.833015}, {"playDate": "2018-12-07T23:24:01.000+0000", "artistId": 2884, "songId": 78128005, "state": "IL", "style": "R&B - SOUL", "latitude": 39.73932, "longitude": -89.50414}, {"playDate": "2018-12-07T23:25:30.000+0000", "artistId": 2884, "songId": 78166808, "state": "MN", "style": "R&B - SOUL", "latitude": 46.44186, "longitude": -93.36552}, {"playDate": "2018-12-07T23:35:26.000+0000", "artistId": 2884, "songId": 12732902, "state": "CA", "style": "R&B - SOUL", "latitude": 37.271873, "longitude": -119.27042}, {"playDate": "2018-12-07T23:37:14.000+0000", "artistId": 2884, "songId": 78166808, "state": "UT", "style": "R&B - SOUL", "latitude": 39.49976, "longitude": -111.54703}, {"playDate": "2018-12-07T23:44:03.000+0000", "artistId": 2884, "songId": 78166808, "state": "WI", "style": "R&B - SOUL", "latitude": 44.786297, "longitude": -89.826706}, {"playDate": "2018-12-07T23:44:27.000+0000", "artistId": 2884, "songId": 27193401, "state": "IN", "style": "R&B - SOUL", "latitude": 39.76622, "longitude": -86.44128}, {"playDate": "2018-12-07T23:48:18.000+0000", "artistId": 2884, "songId": 27159801, "state": "OH", "style": "R&B - SOUL", "latitude": 40.19036, "longitude": -82.66925}, {"playDate": "2018-12-07T23:52:39.000+0000", "artistId": 2884, "songId": 27193408, "state": "SC", "style": "R&B - SOUL", "latitude": 33.62505, "longitude": -80.94704}], "totalRecordsCount": 304}