{"plays": [{"playDate": "2018-05-01T00:00:13.000+0000", "artistId": 2884, "songId": 27193401, "state": "SC", "style": "R&B - SOUL", "latitude": 33.62505, "longitude": -80.94704}, {"playDate": "2018-05-01T00:06:59.000+0000", "artistId": 2884, "songId": 78166812, "state": "WA", "style": "R&B - SOUL", "latitude": 38.89935, "longitude": -77.014565}, {"playDate": "2018-05-01T00:10:36.000+0000", "artistId": 2884, "songId": 78128005, "state": "CA", "style": "R&B - SOUL", "latitude": 37.271873, "longitude": -119.27042}, {"playDate": "2018-05-01T00:15:55.000+0000", "artistId": 2884, "songId": 27193410, "state": "ON", "style": "R&B - SOUL", "latitude": 44.566647, "longitude": -80.84998}, {"playDate": "2018-05-01T00:20:43.000+0000", "artistId": 2884, "songId": 46620104, "state": "AK", "style": "R&B - SOUL", "latitude": 61.3025, "longitude": -158.77502}, {"playDate": "2018-05-01T00:24:40.000+0000", "artistId": 2884, "songId": 78166808, "state": "SC", "style": "R&B - SOUL", "latitude": 33.62505, "longitude": -80.94704}, {"playDate": "2018-05-01T00:25:00.000+0000", "artistId": 2884, "songId": 27193408, "state": "CA", "style": "R&B - SOUL", "latitude": 37.271873, "longitude": -119.27042}, {"playDate": "2018-05-01T00:36:12.000+0000", "artistId": 2884, "songId": 78166801, "state": "KY", "style": "R&B - SOUL", "latitude": 37.822292, "longitude": -85.76824}, {"playDate": "2018-05-01T00:36:27.000+0000", "artistId": 2884, "songId": 21898701, "state": "PA", "style": "R&B - SOUL", "latitude": 40.994595, "longitude": -77.6047}, {"playDate": "2018-05-01T00:58:40.000+0000", "artistId": 2884, "songId": 27152401, "state": "CA", "style": "R&B - SOUL", "latitude": 37.271873, "longitude": -119.27042}, {"playDate": "2018-05-01T01:08:07.000+0000", "artistId": 2884, "songId": 21898701, "state": "IL", "style": "R&B - SOUL", "latitude": 39.73932, "longitude": -89.50414}, {"playDate": "2018-05-01T01:47:14.000+0000", "artistId": 2884, "songId": 21898704, "state": "OH", "style": "R&B - SOUL", "latitude": 40.19036, "longitude": -82.66925}, {"playDate": "2018-05-01T01:50:31.000+0000", "artistId": 2884, "songId": 78128005, "state": "MN", "style": "R&B - SOUL", "latitude": 46.44186, "longitude": -93.36552}, {"playDate": "2018-05-01T01:53:02.000+0000", "artistId": 2884, "songId": 21898701, "state": "FL", "style": "R&B - SOUL", "latitude": 27.975727, "longitude": -83.833015}, {"playDate": "2018-05-01T02:02:57.000+0000", "artistId": 2884, "songId": 78166807, "state": "VA", "style": "R&B - SOUL", "latitude": 38.003384, "longitude": -79.458786}, {"playDate": "2018-05-01T02:04:21.000+0000", "artistId": 2884, "songId": 78128005, "state": "CO", "style": "R&B - SOUL", "latitude": 38.997932, "longitude": -105.55057}, {"playDate": "2018-05-01T02:11:26.000+0000", "artistId": 2884, "songId": 27193411, "state": "NC", "style": "R&B - SOUL", "latitude": 35.21456, "longitude": -79.891266}, {"playDate": "2018-05-01T02:46:08.000+0000", "artistId": 2884, "songId": 78166801, "state": "NY", "style": "R&B - SOUL", "latitude": 40.705627, "longitude": -73.97968}, {"playDate": "2018-05-01T03:26:26.000+0000", "artistId": 2884, "songId": 78166808, "state": "ON", "style": "R&B - SOUL", "latitude": 44.566647, "longitude": -80.84998}, {"playDate": "2018-05-01T04:07:37.000+0000", "artistId": 2884, "songId": 78166802, "state": "TN", "style": "R&B - SOUL", "latitude": 35.83052, "longitude": -85.9786}, {"playDate": "2018-05-01T04:29:01.000+0000", "artistId": 2884, "songId": 78166808, "state": "QC", "style": "R&B - SOUL", "latitude": 49.82258, "longitude": -64.34799}, {"playDate": "2018-05-01T04:49:59.000+0000", "artistId": 2884, "songId": 78166808, "state": "CO", "style": "R&B - SOUL", "latitude": 38.997932, "longitude": -105.55057}, {"playDate": "2018-05-01T04:51:47.000+0000", "artistId": 2884, "songId": 27159813, "state": "WA", "style": "R&B - SOUL", "latitude": 38.89935, "longitude": -77.014565}, {"playDate": "2018-05-01T05:19:10.000+0000", "artistId": 2884, "songId": 27193408, "state": "CA", "style": "R&B - SOUL", "latitude": 37.271873, "longitude": -119.27042}, {"playDate": "2018-05-01T05:37:55.000+0000", "artistId": 2884, "songId": 27193408, "state": "FL", "style": "R&B - SOUL", "latitude": 27.975727, "longitude": -83.833015}, {"playDate": "2018-05-01T05:42:53.000+0000", "artistId": 2884, "songId": 12732905, "state": "CA", "style": "R&B - SOUL", "latitude": 37.271873, "longitude": -119.27042}, {"playDate": "2018-05-01T05:45:10.000+0000", "artistId": 2884, "songId": 21898704, "state": "IL", "style": "R&B - SOUL", "latitude": 39.73932, "longitude": -89.50414}, {"playDate": "2018-05-01T06:32:30.000+0000", "artistId": 2884, "songId": 78166808, "state": "MN", "style": "R&B - SOUL", "latitude": 46.44186, "longitude": -93.36552}, {"playDate": "2018-05-01T06:40:51.000+0000", "artistId": 2884, "songId": 27152703, "state": "NV", "style": "R&B - SOUL", "latitude": 38.502033, "longitude": -117.02306}, {"playDate": "2018-05-01T06:43:13.000+0000", "artistId": 2884, "songId": 78166808, "state": "WI", "style": "R&B - SOUL", "latitude": 44.786297, "longitude": -89.826706}, {"playDate": "2018-05-01T06:50:44.000+0000", "artistId": 2884, "songId": 78166808, "state": "MA", "style": "R&B - SOUL", "latitude": 42.06294, "longitude": -71.71806}, {"playDate": "2018-05-01T06:52:49.000+0000", "artistId": 2884, "songId": 78166812, "state": "CA", "style": "R&B - SOUL", "latitude": 37.271873, "longitude": -119.27042}, {"playDate": "2018-05-01T07:07:17.000+0000", "artistId": 2884, "songId": 27193401, "state": "CA", "style": "R&B - SOUL", "latitude": 37.271873, "longitude": -119.27042}, {"playDate": "2018-05-01T07:20:20.000+0000", "artistId": 2884, "songId": 78166811, "state": "NV", "style": "R&B - SOUL", "latitude": 38.502033, "longitude": -117.02306}, {"playDate": "2018-05-01T07:25:34.000+0000", "artistId": 2884, "songId": 27193408, "state": "CA", "style": "R&B - SOUL", "latitude": 37.271873, "longitude": -119.27042}, {"playDate": "2018-05-01T07:34:18.000+0000", "artistId": 2884, "songId": 78166808, "state": "MN", "style": "R&B - SOUL", "latitude": 46.44186, "longitude": -93.36552}, {"playDate": "2018-05-01T08:05:16.000+0000", "artistId": 2884, "songId": 78166811, "state": "OR", "style": "R&B - SOUL", "latitude": 44.141907, "longitude": -120.5381}, {"playDate": "2018-05-01T08:13:24.000+0000", "artistId": 2884, "songId": 12732905, "state": "OR", "style": "R&B - SOUL", "latitude": 44.141907, "longitude": -120.5381}, {"playDate": "2018-05-01T08:20:11.000+0000", "artistId": 2884, "songId": 78166812, "state": "FL", "style": "R&B - SOUL", "latitude": 27.975727, "longitude": -83.833015}, {"playDate": "2018-05-01T08:23:33.000+0000", "artistId": 2884, "songId": 12732905, "state": "CA", "style": "R&B - SOUL", "latitude": 37.271873, "longitude": -119.27042}, {"playDate": "2018-05-01T08:24:44.000+0000", "artistId": 2884, "songId": 27193408, "state": "MD", "style": "R&B - SOUL", "latitude": 38.80635, "longitude": -77.26842}, {"playDate": "2018-05-01T08:34:16.000+0000", "artistId": 2884, "songId": 12732905, "state": "TX", "style": "R&B - SOUL", "latitude": 31.169336, "longitude": -100.07684}, {"playDate": "2018-05-01T08:35:50.000+0000", "artistId": 2884, "songId": 78166808, "state": "OH", "style": "R&B - SOUL", "latitude": 40.19036, "longitude": -82.66925}, {"playDate": "2018-05-01T08:38:25.000+0000", "artistId": 2884, "songId": 12732902, "state": "CA", "style": "R&B - SOUL", "latitude": 37.271873, "longitude": -119.27042}, {"playDate": "2018-05-01T08:51:28.000+0000", "artistId": 2884, "songId": 27159804, "state": "WA", "style": "R&B - SOUL", "latitude": 38.89935, "longitude": -77.014565}, {"playDate": "2018-05-01T09:01:58.000+0000", "artistId": 2884, "songId": 78166811, "state": "ID", "style": "R&B - SOUL", "latitude": 45.494576, "longitude": -114.14243}, {"playDate": "2018-05-01T09:09:03.000+0000", "artistId": 2884, "songId": 78166808, "state": "FL", "style": "R&B - SOUL", "latitude": 27.975727, "longitude": -83.833015}, {"playDate": "2018-05-01T09:32:55.000+0000", "artistId": 2884, "songId": 12732902, "state": "VA", "style": "R&B - SOUL", "latitude": 38.003384, "longitude": -79.458786}, {"playDate": "2018-05-01T09:38:36.000+0000", "artistId": 2884, "songId": 78166808, "state": "MN", "style": "R&B - SOUL", "latitude": 46.44186, "longitude": -93.36552}, {"playDate": "2018-05-01T09:53:48.000+0000", "artistId": 2884, "songId": 27193408, "state": "CA", "style": "R&B - SOUL", "latitude": 37.271873, "longitude": -119.27042}, {"playDate": "2018-05-01T10:03:56.000+0000", "artistId": 2884, "songId": 27193401, "state": "IL", "style": "R&B - SOUL", "latitude": 39.73932, "longitude": -89.50414}, {"playDate": "2018-05-01T10:07:55.000+0000", "artistId": 2884, "songId": 12732905, "state": "CA", "style": "R&B - SOUL", "latitude": 37.271873, "longitude": -119.27042}, {"playDate": "2018-05-01T10:10:12.000+0000", "artistId": 2884, "songId": 78166808, "state": "NV", "style": "R&B - SOUL", "latitude": 38.502033, "longitude": -117.02306}, {"playDate": "2018-05-01T10:10:58.000+0000", "artistId": 2884, "songId": 27193401, "state": "IL", "style": "R&B - SOUL", "latitude": 39.73932, "longitude": -89.50414}, {"playDate": "2018-05-01T10:12:03.000+0000", "artistId": 2884, "songId": 78166808, "state": "VA", "style": "R&B - SOUL", "latitude": 38.003384, "longitude": -79.458786}, {"playDate": "2018-05-01T10:22:23.000+0000", "artistId": 2884, "songId": 21898701, "state": "GA", "style": "R&B - SOUL", "latitude": 32.678123, "longitude": -83.22298}, {"playDate": "2018-05-01T10:26:49.000+0000", "artistId": 2884, "songId": 21898701, "state": "NY", "style": "R&B - SOUL", "latitude": 40.705627, "longitude": -73.97968}, {"playDate": "2018-05-01T10:31:27.000+0000", "artistId": 2884, "songId": 21898701, "state": "GA", "style": "R&B - SOUL", "latitude": 32.678123, "longitude": -83.22298}, {"playDate": "2018-05-01T10:41:34.000+0000", "artistId": 2884, "songId": 27193408, "state": "MO", "style": "R&B - SOUL", "latitude": 38.30466, "longitude": -92.437096}, {"playDate": "2018-05-01T10:53:15.000+0000", "artistId": 2884, "songId": 27193408, "state": "KY", "style": "R&B - SOUL", "latitude": 37.822292, "longitude": -85.76824}, {"playDate": "2018-05-01T10:59:57.000+0000", "artistId": 2884, "songId": 78166811, "state": "TN", "style": "R&B - SOUL", "latitude": 35.83052, "longitude": -85.9786}, {"playDate": "2018-05-01T11:08:27.000+0000", "artistId": 2884, "songId": 46620104, "state": "GA", "style": "R&B - SOUL", "latitude": 32.678123, "longitude": -83.22298}, {"playDate": "2018-05-01T11:09:21.000+0000", "artistId": 2884, "songId": 78166808, "state": "IN", "style": "R&B - SOUL", "latitude": 39.76622, "longitude": -86.44128}, {"playDate": "2018-05-01T11:12:57.000+0000", "artistId": 2884, "songId": 27193401, "state": "FL", "style": "R&B - SOUL", "latitude": 27.975727, "longitude": -83.833015}, {"playDate": "2018-05-01T11:13:05.000+0000", "artistId": 2884, "songId": 27152702, "state": "CA", "style": "R&B - SOUL", "latitude": 37.271873, "longitude": -119.27042}, {"playDate": "2018-05-01T11:20:51.000+0000", "artistId": 2884, "songId": 27193408, "state": "MT", "style": "R&B - SOUL", "latitude": 46.6798, "longitude": -110.044785}, {"playDate": "2018-05-01T11:26:13.000+0000", "artistId": 2884, "songId": 78166801, "state": "NC", "style": "R&B - SOUL", "latitude": 35.21456, "longitude": -79.891266}, {"playDate": "2018-05-01T11:29:30.000+0000", "artistId": 2884, "songId": 27193401, "state": "FL", "style": "R&B - SOUL", "latitude": 27.975727, "longitude": -83.833015}, {"playDate": "2018-05-01T11:29:43.000+0000", "artistId": 2884, "songId": 27193401, "state": "IL", "style": "R&B - SOUL", "latitude": 39.73932, "longitude": -89.50414}, {"playDate": "2018-05-01T11:30:01.000+0000", "artistId": 2884, "songId": 78166812, "state": "WA", "style": "R&B - SOUL", "latitude": 38.89935, "longitude": -77.014565}, {"playDate": "2018-05-01T11:31:09.000+0000", "artistId": 2884, "songId": 27193408, "state": "CA", "style": "R&B - SOUL", "latitude": 37.271873, "longitude": -119.27042}, {"playDate": "2018-05-01T11:42:40.000+0000", "artistId": 2884, "songId": 78166812, "state": "CA", "style": "R&B - SOUL", "latitude": 37.271873, "longitude": -119.27042}, {"playDate": "2018-05-01T11:51:22.000+0000", "artistId": 2884, "songId": 78166811, "state": "TX", "style": "R&B - SOUL", "latitude": 31.169336, "longitude": -100.07684}, {"playDate": "2018-05-01T11:53:17.000+0000", "artistId": 2884, "songId": 78166811, "state": "PA", "style": "R&B - SOUL", "latitude": 40.994595, "longitude": -77.6047}, {"playDate": "2018-05-01T11:53:37.000+0000", "artistId": 2884, "songId": 27193408, "state": "ID", "style": "R&B - SOUL", "latitude": 45.494576, "longitude": -114.14243}, {"playDate": "2018-05-01T11:56:20.000+0000", "artistId": 2884, "songId": 78166808, "state": "OH", "style": "R&B - SOUL", "latitude": 40.19036, "longitude": -82.66925}, {"playDate": "2018-05-01T12:01:25.000+0000", "artistId": 2884, "songId": 27193408, "state": "TX", "style": "R&B - SOUL", "latitude": 31.169336, "longitude": -100.07684}, {"playDate": "2018-05-01T12:03:11.000+0000", "artistId": 2884, "songId": 78166808, "state": "TX", "style": "R&B - SOUL", "latitude": 31.169336, "longitude": -100.07684}, {"playDate": "2018-05-01T12:04:03.000+0000", "artistId": 2884, "songId": 78166812, "state": "CA", "style": "R&B - SOUL", "latitude": 37.271873, "longitude": -119.27042}, {"playDate": "2018-05-01T12:05:37.000+0000", "artistId": 2884, "songId": 12732902, "state": "WI", "style": "R&B - SOUL", "latitude": 44.786297, "longitude": -89.826706}, {"playDate": "2018-05-01T12:23:23.000+0000", "artistId": 2884, "songId": 78166808, "state": "MI", "style": "R&B - SOUL", "latitude": 44.94356, "longitude": -86.4158}, {"playDate": "2018-05-01T12:25:14.000+0000", "artistId": 2884, "songId": 12732902, "state": "MN", "style": "R&B - SOUL", "latitude": 46.44186, "longitude": -93.36552}, {"playDate": "2018-05-01T12:35:08.000+0000", "artistId": 2884, "songId": 78166801, "state": "TX", "style": "R&B - SOUL", "latitude": 31.169336, "longitude": -100.07684}, {"playDate": "2018-05-01T12:36:26.000+0000", "artistId": 2884, "songId": 78166808, "state": "AZ", "style": "R&B - SOUL", "latitude": 34.168217, "longitude": -111.93091}, {"playDate": "2018-05-01T12:41:58.000+0000", "artistId": 2884, "songId": 78166811, "state": "SC", "style": "R&B - SOUL", "latitude": 33.62505, "longitude": -80.94704}, {"playDate": "2018-05-01T12:46:30.000+0000", "artistId": 2884, "songId": 78166808, "state": "MA", "style": "R&B - SOUL", "latitude": 42.06294, "longitude": -71.71806}, {"playDate": "2018-05-01T12:48:55.000+0000", "artistId": 2884, "songId": 27193401, "state": "DE", "style": "R&B - SOUL", "latitude": 39.145252, "longitude": -75.41892}, {"playDate": "2018-05-01T12:52:41.000+0000", "artistId": 2884, "songId": 78166808, "state": "MI", "style": "R&B - SOUL", "latitude": 44.94356, "longitude": -86.4158}, {"playDate": "2018-05-01T13:00:45.000+0000", "artistId": 2884, "songId": 12732902, "state": "CA", "style": "R&B - SOUL", "latitude": 37.271873, "longitude": -119.27042}, {"playDate": "2018-05-01T13:11:45.000+0000", "artistId": 2884, "songId": 78166808, "state": "WI", "style": "R&B - SOUL", "latitude": 44.786297, "longitude": -89.826706}, {"playDate": "2018-05-01T13:19:07.000+0000", "artistId": 2884, "songId": 27193408, "state": "FL", "style": "R&B - SOUL", "latitude": 27.975727, "longitude": -83.833015}, {"playDate": "2018-05-01T13:26:30.000+0000", "artistId": 2884, "songId": 27193401, "state": "FL", "style": "R&B - SOUL", "latitude": 27.975727, "longitude": -83.833015}, {"playDate": "2018-05-01T13:27:05.000+0000", "artistId": 2884, "songId": 27193408, "state": "CA", "style": "R&B - SOUL", "latitude": 37.271873, "longitude": -119.27042}, {"playDate": "2018-05-01T13:33:59.000+0000", "artistId": 2884, "songId": 78166801, "state": "TX", "style": "R&B - SOUL", "latitude": 31.169336, "longitude": -100.07684}, {"playDate": "2018-05-01T13:36:25.000+0000", "artistId": 2884, "songId": 27193408, "state": "WI", "style": "R&B - SOUL", "latitude": 44.786297, "longitude": -89.826706}, {"playDate": "2018-05-01T13:45:50.000+0000", "artistId": 2884, "songId": 78166808, "state": "NV", "style": "R&B - SOUL", "latitude": 38.502033, "longitude": -117.02306}, {"playDate": "2018-05-01T14:00:49.000+0000", "artistId": 2884, "songId": 78166812, "state": "NV", "style": "R&B - SOUL", "latitude": 38.502033, "longitude": -117.02306}, {"playDate": "2018-05-01T14:06:14.000+0000", "artistId": 2884, "songId": 78166808, "state": "CA", "style": "R&B - SOUL", "latitude": 37.271873, "longitude": -119.27042}, {"playDate": "2018-05-01T14:14:18.000+0000", "artistId": 2884, "songId": 78166808, "state": "TX", "style": "R&B - SOUL", "latitude": 31.169336, "longitude": -100.07684}, {"playDate": "2018-05-01T14:17:37.000+0000", "artistId": 2884, "songId": 78166808, "state": "MI", "style": "R&B - SOUL", "latitude": 44.94356, "longitude": -86.4158}, {"playDate": "2018-05-01T14:18:22.000+0000", "artistId": 2884, "songId": 78166801, "state": "WA", "style": "R&B - SOUL", "latitude": 38.89935, "longitude": -77.014565}, {"playDate": "2018-05-01T14:23:14.000+0000", "artistId": 2884, "songId": 78166808, "state": "QC", "style": "R&B - SOUL", "latitude": 49.82258, "longitude": -64.34799}, {"playDate": "2018-05-01T14:24:07.000+0000", "artistId": 2884, "songId": 21898701, "state": "CA", "style": "R&B - SOUL", "latitude": 37.271873, "longitude": -119.27042}, {"playDate": "2018-05-01T14:24:37.000+0000", "artistId": 2884, "songId": 78166801, "state": "MN", "style": "R&B - SOUL", "latitude": 46.44186, "longitude": -93.36552}, {"playDate": "2018-05-01T14:26:09.000+0000", "artistId": 2884, "songId": 27152702, "state": "IL", "style": "R&B - SOUL", "latitude": 39.73932, "longitude": -89.50414}, {"playDate": "2018-05-01T14:27:26.000+0000", "artistId": 2884, "songId": 78166808, "state": "MI", "style": "R&B - SOUL", "latitude": 44.94356, "longitude": -86.4158}, {"playDate": "2018-05-01T14:31:54.000+0000", "artistId": 2884, "songId": 78166811, "state": "TX", "style": "R&B - SOUL", "latitude": 31.169336, "longitude": -100.07684}, {"playDate": "2018-05-01T14:39:14.000+0000", "artistId": 2884, "songId": 78166808, "state": "CO", "style": "R&B - SOUL", "latitude": 38.997932, "longitude": -105.55057}, {"playDate": "2018-05-01T14:42:55.000+0000", "artistId": 2884, "songId": 27152702, "state": "CA", "style": "R&B - SOUL", "latitude": 37.271873, "longitude": -119.27042}, {"playDate": "2018-05-01T14:45:55.000+0000", "artistId": 2884, "songId": 79759625, "state": "MD", "style": "R&B - SOUL", "latitude": 38.80635, "longitude": -77.26842}, {"playDate": "2018-05-01T14:47:57.000+0000", "artistId": 2884, "songId": 78166808, "state": "GA", "style": "R&B - SOUL", "latitude": 32.678123, "longitude": -83.22298}, {"playDate": "2018-05-01T14:54:53.000+0000", "artistId": 2884, "songId": 78166808, "state": "WY", "style": "R&B - SOUL", "latitude": 43.000324, "longitude": -107.554565}, {"playDate": "2018-05-01T14:55:43.000+0000", "artistId": 2884, "songId": 12732902, "state": "WA", "style": "R&B - SOUL", "latitude": 38.89935, "longitude": -77.014565}, {"playDate": "2018-05-01T14:56:27.000+0000", "artistId": 2884, "songId": 27152401, "state": "HI", "style": "R&B - SOUL", "latitude": 20.46, "longitude": -157.505}, {"playDate": "2018-05-01T14:56:49.000+0000", "artistId": 2884, "songId": 27152703, "state": "PA", "style": "R&B - SOUL", "latitude": 40.994595, "longitude": -77.6047}, {"playDate": "2018-05-01T14:59:53.000+0000", "artistId": 2884, "songId": 78166801, "state": "IN", "style": "R&B - SOUL", "latitude": 39.76622, "longitude": -86.44128}, {"playDate": "2018-05-01T15:04:33.000+0000", "artistId": 2884, "songId": 78166808, "state": "MI", "style": "R&B - SOUL", "latitude": 44.94356, "longitude": -86.4158}, {"playDate": "2018-05-01T15:07:26.000+0000", "artistId": 2884, "songId": 46620104, "state": "ON", "style": "R&B - SOUL", "latitude": 44.566647, "longitude": -80.84998}, {"playDate": "2018-05-01T15:08:05.000+0000", "artistId": 2884, "songId": 78166801, "state": "MN", "style": "R&B - SOUL", "latitude": 46.44186, "longitude": -93.36552}, {"playDate": "2018-05-01T15:09:02.000+0000", "artistId": 2884, "songId": 58020001, "state": "NY", "style": "R&B - SOUL", "latitude": 40.705627, "longitude": -73.97968}, {"playDate": "2018-05-01T15:09:55.000+0000", "artistId": 2884, "songId": 78166808, "state": "OK", "style": "R&B - SOUL", "latitude": 35.309765, "longitude": -98.71656}, {"playDate": "2018-05-01T15:12:49.000+0000", "artistId": 2884, "songId": 78166808, "state": "IA", "style": "R&B - SOUL", "latitude": 41.938316, "longitude": -93.3898}, {"playDate": "2018-05-01T15:17:37.000+0000", "artistId": 2884, "songId": 78166808, "state": "MD", "style": "R&B - SOUL", "latitude": 38.80635, "longitude": -77.26842}, {"playDate": "2018-05-01T15:21:28.000+0000", "artistId": 2884, "songId": 27193401, "state": "WA", "style": "R&B - SOUL", "latitude": 38.89935, "longitude": -77.014565}, {"playDate": "2018-05-01T15:29:12.000+0000", "artistId": 2884, "songId": 27159806, "state": "OR", "style": "R&B - SOUL", "latitude": 44.141907, "longitude": -120.5381}, {"playDate": "2018-05-01T15:31:25.000+0000", "artistId": 2884, "songId": 78166808, "state": "TX", "style": "R&B - SOUL", "latitude": 31.169336, "longitude": -100.07684}, {"playDate": "2018-05-01T15:35:34.000+0000", "artistId": 2884, "songId": 27152401, "state": "FL", "style": "R&B - SOUL", "latitude": 27.975727, "longitude": -83.833015}, {"playDate": "2018-05-01T15:35:49.000+0000", "artistId": 2884, "songId": 12732902, "state": "QC", "style": "R&B - SOUL", "latitude": 49.82258, "longitude": -64.34799}, {"playDate": "2018-05-01T15:38:36.000+0000", "artistId": 2884, "songId": 78166808, "state": "MI", "style": "R&B - SOUL", "latitude": 44.94356, "longitude": -86.4158}, {"playDate": "2018-05-01T15:40:08.000+0000", "artistId": 2884, "songId": 78166808, "state": "TX", "style": "R&B - SOUL", "latitude": 31.169336, "longitude": -100.07684}, {"playDate": "2018-05-01T15:41:13.000+0000", "artistId": 2884, "songId": 27193401, "state": "CA", "style": "R&B - SOUL", "latitude": 37.271873, "longitude": -119.27042}, {"playDate": "2018-05-01T15:42:26.000+0000", "artistId": 2884, "songId": 78166812, "state": "OR", "style": "R&B - SOUL", "latitude": 44.141907, "longitude": -120.5381}, {"playDate": "2018-05-01T15:43:39.000+0000", "artistId": 2884, "songId": 78166808, "state": "CA", "style": "R&B - SOUL", "latitude": 37.271873, "longitude": -119.27042}, {"playDate": "2018-05-01T15:45:11.000+0000", "artistId": 2884, "songId": 27159801, "state": "PA", "style": "R&B - SOUL", "latitude": 40.994595, "longitude": -77.6047}, {"playDate": "2018-05-01T15:53:03.000+0000", "artistId": 2884, "songId": 78166808, "state": "IL", "style": "R&B - SOUL", "latitude": 39.73932, "longitude": -89.50414}, {"playDate": "2018-05-01T15:54:41.000+0000", "artistId": 2884, "songId": 78166808, "state": "AZ", "style": "R&B - SOUL", "latitude": 34.168217, "longitude": -111.93091}, {"playDate": "2018-05-01T15:55:03.000+0000", "artistId": 2884, "songId": 78166808, "state": "TX", "style": "R&B - SOUL", "latitude": 31.169336, "longitude": -100.07684}, {"playDate": "2018-05-01T16:05:05.000+0000", "artistId": 2884, "songId": 27193401, "state": "VA", "style": "R&B - SOUL", "latitude": 38.003384, "longitude": -79.458786}, {"playDate": "2018-05-01T16:06:46.000+0000", "artistId": 2884, "songId": 12732902, "state": "SC", "style": "R&B - SOUL", "latitude": 33.62505, "longitude": -80.94704}, {"playDate": "2018-05-01T16:12:17.000+0000", "artistId": 2884, "songId": 78166801, "state": "MN", "style": "R&B - SOUL", "latitude": 46.44186, "longitude": -93.36552}, {"playDate": "2018-05-01T16:16:27.000+0000", "artistId": 2884, "songId": 78166855, "state": "PA", "style": "R&B - SOUL", "latitude": 40.994595, "longitude": -77.6047}, {"playDate": "2018-05-01T16:17:20.000+0000", "artistId": 2884, "songId": 27152401, "state": "CA", "style": "R&B - SOUL", "latitude": 37.271873, "longitude": -119.27042}, {"playDate": "2018-05-01T16:17:38.000+0000", "artistId": 2884, "songId": 27193401, "state": "AZ", "style": "R&B - SOUL", "latitude": 34.168217, "longitude": -111.93091}, {"playDate": "2018-05-01T16:18:48.000+0000", "artistId": 2884, "songId": 78166856, "state": "IL", "style": "R&B - SOUL", "latitude": 39.73932, "longitude": -89.50414}, {"playDate": "2018-05-01T16:24:36.000+0000", "artistId": 2884, "songId": 27193401, "state": "OR", "style": "R&B - SOUL", "latitude": 44.141907, "longitude": -120.5381}, {"playDate": "2018-05-01T16:28:20.000+0000", "artistId": 2884, "songId": 78166813, "state": "CA", "style": "R&B - SOUL", "latitude": 37.271873, "longitude": -119.27042}, {"playDate": "2018-05-01T16:33:34.000+0000", "artistId": 2884, "songId": 21898701, "state": "KY", "style": "R&B - SOUL", "latitude": 37.822292, "longitude": -85.76824}, {"playDate": "2018-05-01T16:37:26.000+0000", "artistId": 2884, "songId": 27152703, "state": "KS", "style": "R&B - SOUL", "latitude": 38.49878, "longitude": -98.320076}, {"playDate": "2018-05-01T16:50:20.000+0000", "artistId": 2884, "songId": 78166808, "state": "NV", "style": "R&B - SOUL", "latitude": 38.502033, "longitude": -117.02306}, {"playDate": "2018-05-01T17:00:19.000+0000", "artistId": 2884, "songId": 78166802, "state": "RI", "style": "R&B - SOUL", "latitude": 41.58273, "longitude": -71.506454}, {"playDate": "2018-05-01T17:01:20.000+0000", "artistId": 2884, "songId": 78166812, "state": "IN", "style": "R&B - SOUL", "latitude": 39.76622, "longitude": -86.44128}, {"playDate": "2018-05-01T17:09:39.000+0000", "artistId": 2884, "songId": 78166804, "state": "PA", "style": "R&B - SOUL", "latitude": 40.994595, "longitude": -77.6047}, {"playDate": "2018-05-01T17:21:53.000+0000", "artistId": 2884, "songId": 78166812, "state": "CA", "style": "R&B - SOUL", "latitude": 37.271873, "longitude": -119.27042}, {"playDate": "2018-05-01T17:24:24.000+0000", "artistId": 2884, "songId": 21828604, "state": "IL", "style": "R&B - SOUL", "latitude": 39.73932, "longitude": -89.50414}, {"playDate": "2018-05-01T17:26:03.000+0000", "artistId": 2884, "songId": 21828604, "state": "WI", "style": "R&B - SOUL", "latitude": 44.786297, "longitude": -89.826706}, {"playDate": "2018-05-01T17:29:28.000+0000", "artistId": 2884, "songId": 21828601, "state": "MS", "style": "R&B - SOUL", "latitude": 32.585106, "longitude": -89.87722}, {"playDate": "2018-05-01T17:35:36.000+0000", "artistId": 2884, "songId": 78166851, "state": "PA", "style": "R&B - SOUL", "latitude": 40.994595, "longitude": -77.6047}, {"playDate": "2018-05-01T17:36:51.000+0000", "artistId": 2884, "songId": 21828604, "state": "IL", "style": "R&B - SOUL", "latitude": 39.73932, "longitude": -89.50414}, {"playDate": "2018-05-01T17:39:24.000+0000", "artistId": 2884, "songId": 78166808, "state": "OH", "style": "R&B - SOUL", "latitude": 40.19036, "longitude": -82.66925}, {"playDate": "2018-05-01T17:44:50.000+0000", "artistId": 2884, "songId": 78128005, "state": "PA", "style": "R&B - SOUL", "latitude": 40.994595, "longitude": -77.6047}, {"playDate": "2018-05-01T17:51:42.000+0000", "artistId": 2884, "songId": 12732910, "state": "MO", "style": "R&B - SOUL", "latitude": 38.30466, "longitude": -92.437096}, {"playDate": "2018-05-01T17:58:49.000+0000", "artistId": 2884, "songId": 78166812, "state": "CA", "style": "R&B - SOUL", "latitude": 37.271873, "longitude": -119.27042}, {"playDate": "2018-05-01T18:02:28.000+0000", "artistId": 2884, "songId": 27193408, "state": "SC", "style": "R&B - SOUL", "latitude": 33.62505, "longitude": -80.94704}, {"playDate": "2018-05-01T18:18:40.000+0000", "artistId": 2884, "songId": 27193401, "state": "IN", "style": "R&B - SOUL", "latitude": 39.76622, "longitude": -86.44128}, {"playDate": "2018-05-01T18:21:46.000+0000", "artistId": 2884, "songId": 12732905, "state": "UT", "style": "R&B - SOUL", "latitude": 39.49976, "longitude": -111.54703}, {"playDate": "2018-05-01T18:24:24.000+0000", "artistId": 2884, "songId": 21828604, "state": "IL", "style": "R&B - SOUL", "latitude": 39.73932, "longitude": -89.50414}, {"playDate": "2018-05-01T18:26:55.000+0000", "artistId": 2884, "songId": 46620104, "state": "NY", "style": "R&B - SOUL", "latitude": 40.705627, "longitude": -73.97968}, {"playDate": "2018-05-01T18:28:43.000+0000", "artistId": 2884, "songId": 78166811, "state": "AZ", "style": "R&B - SOUL", "latitude": 34.168217, "longitude": -111.93091}, {"playDate": "2018-05-01T18:35:46.000+0000", "artistId": 2884, "songId": 78166812, "state": "CA", "style": "R&B - SOUL", "latitude": 37.271873, "longitude": -119.27042}, {"playDate": "2018-05-01T18:40:08.000+0000", "artistId": 2884, "songId": 12732902, "state": "BC", "style": "R&B - SOUL", "latitude": 49.09996, "longitude": -116.5167}, {"playDate": "2018-05-01T18:40:53.000+0000", "artistId": 2884, "songId": 78166811, "state": "AL", "style": "R&B - SOUL", "latitude": 32.60101, "longitude": -86.68073}, {"playDate": "2018-05-01T18:41:24.000+0000", "artistId": 2884, "songId": 21828604, "state": "IL", "style": "R&B - SOUL", "latitude": 39.73932, "longitude": -89.50414}, {"playDate": "2018-05-01T18:43:09.000+0000", "artistId": 2884, "songId": 27193408, "state": "ME", "style": "R&B - SOUL", "latitude": 45.218513, "longitude": -69.01486}, {"playDate": "2018-05-01T18:44:30.000+0000", "artistId": 2884, "songId": 27193401, "state": "IL", "style": "R&B - SOUL", "latitude": 39.73932, "longitude": -89.50414}, {"playDate": "2018-05-01T18:53:23.000+0000", "artistId": 2884, "songId": 27193401, "state": "TX", "style": "R&B - SOUL", "latitude": 31.169336, "longitude": -100.07684}, {"playDate": "2018-05-01T18:54:17.000+0000", "artistId": 2884, "songId": 27193401, "state": "CA", "style": "R&B - SOUL", "latitude": 37.271873, "longitude": -119.27042}, {"playDate": "2018-05-01T18:54:58.000+0000", "artistId": 2884, "songId": 78166802, "state": "NC", "style": "R&B - SOUL", "latitude": 35.21456, "longitude": -79.891266}, {"playDate": "2018-05-01T18:57:21.000+0000", "artistId": 2884, "songId": 21901305, "state": "VA", "style": "R&B - SOUL", "latitude": 38.003384, "longitude": -79.458786}, {"playDate": "2018-05-01T19:01:08.000+0000", "artistId": 2884, "songId": 21855602, "state": "MI", "style": "R&B - SOUL", "latitude": 44.94356, "longitude": -86.4158}, {"playDate": "2018-05-01T19:06:10.000+0000", "artistId": 2884, "songId": 78166808, "state": "IL", "style": "R&B - SOUL", "latitude": 39.73932, "longitude": -89.50414}, {"playDate": "2018-05-01T19:08:34.000+0000", "artistId": 2884, "songId": 78166801, "state": "NC", "style": "R&B - SOUL", "latitude": 35.21456, "longitude": -79.891266}, {"playDate": "2018-05-01T19:10:38.000+0000", "artistId": 2884, "songId": 78166808, "state": "FL", "style": "R&B - SOUL", "latitude": 27.975727, "longitude": -83.833015}, {"playDate": "2018-05-01T19:14:44.000+0000", "artistId": 2884, "songId": 21898704, "state": "CA", "style": "R&B - SOUL", "latitude": 37.271873, "longitude": -119.27042}, {"playDate": "2018-05-01T19:15:14.000+0000", "artistId": 2884, "songId": 78166812, "state": "PA", "style": "R&B - SOUL", "latitude": 40.994595, "longitude": -77.6047}, {"playDate": "2018-05-01T19:17:43.000+0000", "artistId": 2884, "songId": 27159806, "state": "CA", "style": "R&B - SOUL", "latitude": 37.271873, "longitude": -119.27042}, {"playDate": "2018-05-01T19:18:10.000+0000", "artistId": 2884, "songId": 32499806, "state": "CA", "style": "R&B - SOUL", "latitude": 37.271873, "longitude": -119.27042}, {"playDate": "2018-05-01T19:23:00.000+0000", "artistId": 2884, "songId": 78166862, "state": "MN", "style": "R&B - SOUL", "latitude": 46.44186, "longitude": -93.36552}, {"playDate": "2018-05-01T19:23:34.000+0000", "artistId": 2884, "songId": 78166808, "state": "OH", "style": "R&B - SOUL", "latitude": 40.19036, "longitude": -82.66925}, {"playDate": "2018-05-01T19:25:08.000+0000", "artistId": 2884, "songId": 78166853, "state": "PA", "style": "R&B - SOUL", "latitude": 40.994595, "longitude": -77.6047}, {"playDate": "2018-05-01T19:29:51.000+0000", "artistId": 2884, "songId": 78166808, "state": "MI", "style": "R&B - SOUL", "latitude": 44.94356, "longitude": -86.4158}, {"playDate": "2018-05-01T19:37:57.000+0000", "artistId": 2884, "songId": 27159812, "state": "IN", "style": "R&B - SOUL", "latitude": 39.76622, "longitude": -86.44128}, {"playDate": "2018-05-01T19:44:26.000+0000", "artistId": 2884, "songId": 78166808, "state": "CA", "style": "R&B - SOUL", "latitude": 37.271873, "longitude": -119.27042}, {"playDate": "2018-05-01T19:51:44.000+0000", "artistId": 2884, "songId": 78166812, "state": "CA", "style": "R&B - SOUL", "latitude": 37.271873, "longitude": -119.27042}, {"playDate": "2018-05-01T19:53:50.000+0000", "artistId": 2884, "songId": 21898701, "state": "WI", "style": "R&B - SOUL", "latitude": 44.786297, "longitude": -89.826706}, {"playDate": "2018-05-01T19:58:24.000+0000", "artistId": 2884, "songId": 27193401, "state": "CA", "style": "R&B - SOUL", "latitude": 37.271873, "longitude": -119.27042}, {"playDate": "2018-05-01T20:09:16.000+0000", "artistId": 2884, "songId": 78166808, "state": "MO", "style": "R&B - SOUL", "latitude": 38.30466, "longitude": -92.437096}, {"playDate": "2018-05-01T20:17:10.000+0000", "artistId": 2884, "songId": 78166811, "state": "NV", "style": "R&B - SOUL", "latitude": 38.502033, "longitude": -117.02306}, {"playDate": "2018-05-01T20:17:22.000+0000", "artistId": 2884, "songId": 78166802, "state": "KY", "style": "R&B - SOUL", "latitude": 37.822292, "longitude": -85.76824}, {"playDate": "2018-05-01T20:17:26.000+0000", "artistId": 2884, "songId": 68816807, "state": "LA", "style": "ELECTRO - DANCE", "latitude": 30.973377, "longitude": -91.42991}, {"playDate": "2018-05-01T20:24:37.000+0000", "artistId": 2884, "songId": 78166808, "state": "FL", "style": "R&B - SOUL", "latitude": 27.975727, "longitude": -83.833015}, {"playDate": "2018-05-01T20:25:03.000+0000", "artistId": 2884, "songId": 78128005, "state": "IL", "style": "R&B - SOUL", "latitude": 39.73932, "longitude": -89.50414}, {"playDate": "2018-05-01T20:34:08.000+0000", "artistId": 2884, "songId": 27193408, "state": "FL", "style": "R&B - SOUL", "latitude": 27.975727, "longitude": -83.833015}, {"playDate": "2018-05-01T20:37:23.000+0000", "artistId": 2884, "songId": 78166851, "state": "PA", "style": "R&B - SOUL", "latitude": 40.994595, "longitude": -77.6047}, {"playDate": "2018-05-01T20:44:19.000+0000", "artistId": 2884, "songId": 21828601, "state": "LA", "style": "R&B - SOUL", "latitude": 30.973377, "longitude": -91.42991}, {"playDate": "2018-05-01T20:52:50.000+0000", "artistId": 2884, "songId": 21898704, "state": "MO", "style": "R&B - SOUL", "latitude": 38.30466, "longitude": -92.437096}, {"playDate": "2018-05-01T20:55:09.000+0000", "artistId": 2884, "songId": 27159804, "state": "MA", "style": "R&B - SOUL", "latitude": 42.06294, "longitude": -71.71806}, {"playDate": "2018-05-01T20:58:05.000+0000", "artistId": 2884, "songId": 78166803, "state": "IA", "style": "R&B - SOUL", "latitude": 41.938316, "longitude": -93.3898}, {"playDate": "2018-05-01T20:58:40.000+0000", "artistId": 2884, "songId": 21898704, "state": "NY", "style": "R&B - SOUL", "latitude": 40.705627, "longitude": -73.97968}, {"playDate": "2018-05-01T21:04:28.000+0000", "artistId": 2884, "songId": 27152401, "state": "CT", "style": "R&B - SOUL", "latitude": 41.518784, "longitude": -72.75751}, {"playDate": "2018-05-01T21:07:32.000+0000", "artistId": 2884, "songId": 78166808, "state": "TX", "style": "R&B - SOUL", "latitude": 31.169336, "longitude": -100.07684}, {"playDate": "2018-05-01T21:08:21.000+0000", "artistId": 2884, "songId": 78166808, "state": "TX", "style": "R&B - SOUL", "latitude": 31.169336, "longitude": -100.07684}, {"playDate": "2018-05-01T21:14:02.000+0000", "artistId": 2884, "songId": 78166808, "state": "AB", "style": "R&B - SOUL", "latitude": 53.016697, "longitude": -112.816635}, {"playDate": "2018-05-01T21:15:56.000+0000", "artistId": 2884, "songId": 78166808, "state": "ND", "style": "R&B - SOUL", "latitude": 47.46788, "longitude": -100.30227}, {"playDate": "2018-05-01T21:17:47.000+0000", "artistId": 2884, "songId": 78166802, "state": "SC", "style": "R&B - SOUL", "latitude": 33.62505, "longitude": -80.94704}, {"playDate": "2018-05-01T21:19:06.000+0000", "artistId": 2884, "songId": 78166808, "state": "SC", "style": "R&B - SOUL", "latitude": 33.62505, "longitude": -80.94704}, {"playDate": "2018-05-01T21:20:29.000+0000", "artistId": 2884, "songId": 27193401, "state": "WI", "style": "R&B - SOUL", "latitude": 44.786297, "longitude": -89.826706}, {"playDate": "2018-05-01T21:21:23.000+0000", "artistId": 2884, "songId": 78166808, "state": "IL", "style": "R&B - SOUL", "latitude": 39.73932, "longitude": -89.50414}, {"playDate": "2018-05-01T21:23:12.000+0000", "artistId": 2884, "songId": 78166802, "state": "NV", "style": "R&B - SOUL", "latitude": 38.502033, "longitude": -117.02306}, {"playDate": "2018-05-01T21:27:02.000+0000", "artistId": 2884, "songId": 78166808, "state": "WI", "style": "R&B - SOUL", "latitude": 44.786297, "longitude": -89.826706}, {"playDate": "2018-05-01T21:29:31.000+0000", "artistId": 2884, "songId": 27193401, "state": "NC", "style": "R&B - SOUL", "latitude": 35.21456, "longitude": -79.891266}, {"playDate": "2018-05-01T21:29:50.000+0000", "artistId": 2884, "songId": 78166808, "state": "MI", "style": "R&B - SOUL", "latitude": 44.94356, "longitude": -86.4158}, {"playDate": "2018-05-01T21:31:35.000+0000", "artistId": 2884, "songId": 78166808, "state": "DE", "style": "R&B - SOUL", "latitude": 39.145252, "longitude": -75.41892}, {"playDate": "2018-05-01T21:33:03.000+0000", "artistId": 2884, "songId": 78166802, "state": "MN", "style": "R&B - SOUL", "latitude": 46.44186, "longitude": -93.36552}, {"playDate": "2018-05-01T21:33:13.000+0000", "artistId": 2884, "songId": 27193408, "state": "MN", "style": "R&B - SOUL", "latitude": 46.44186, "longitude": -93.36552}, {"playDate": "2018-05-01T21:35:55.000+0000", "artistId": 2884, "songId": 27159806, "state": "PA", "style": "R&B - SOUL", "latitude": 40.994595, "longitude": -77.6047}, {"playDate": "2018-05-01T21:36:03.000+0000", "artistId": 2884, "songId": 78166808, "state": "MA", "style": "R&B - SOUL", "latitude": 42.06294, "longitude": -71.71806}, {"playDate": "2018-05-01T21:39:27.000+0000", "artistId": 2884, "songId": 27193408, "state": "CA", "style": "R&B - SOUL", "latitude": 37.271873, "longitude": -119.27042}, {"playDate": "2018-05-01T21:47:47.000+0000", "artistId": 2884, "songId": 78166812, "state": "IL", "style": "R&B - SOUL", "latitude": 39.73932, "longitude": -89.50414}, {"playDate": "2018-05-01T21:48:12.000+0000", "artistId": 2884, "songId": 27152702, "state": "KY", "style": "R&B - SOUL", "latitude": 37.822292, "longitude": -85.76824}, {"playDate": "2018-05-01T21:48:13.000+0000", "artistId": 2884, "songId": 78166808, "state": "OH", "style": "R&B - SOUL", "latitude": 40.19036, "longitude": -82.66925}, {"playDate": "2018-05-01T21:48:34.000+0000", "artistId": 2884, "songId": 78166811, "state": "WA", "style": "R&B - SOUL", "latitude": 38.89935, "longitude": -77.014565}, {"playDate": "2018-05-01T21:52:29.000+0000", "artistId": 2884, "songId": 78166811, "state": "MN", "style": "R&B - SOUL", "latitude": 46.44186, "longitude": -93.36552}, {"playDate": "2018-05-01T21:57:00.000+0000", "artistId": 2884, "songId": 78166808, "state": "PA", "style": "R&B - SOUL", "latitude": 40.994595, "longitude": -77.6047}, {"playDate": "2018-05-01T22:01:57.000+0000", "artistId": 2884, "songId": 12732902, "state": "DE", "style": "R&B - SOUL", "latitude": 39.145252, "longitude": -75.41892}, {"playDate": "2018-05-01T22:02:25.000+0000", "artistId": 2884, "songId": 27152702, "state": "CA", "style": "R&B - SOUL", "latitude": 37.271873, "longitude": -119.27042}, {"playDate": "2018-05-01T22:08:46.000+0000", "artistId": 2884, "songId": 27159804, "state": "NY", "style": "R&B - SOUL", "latitude": 40.705627, "longitude": -73.97968}, {"playDate": "2018-05-01T22:09:33.000+0000", "artistId": 2884, "songId": 27193401, "state": "FL", "style": "R&B - SOUL", "latitude": 27.975727, "longitude": -83.833015}, {"playDate": "2018-05-01T22:19:54.000+0000", "artistId": 2884, "songId": 78166808, "state": "FL", "style": "R&B - SOUL", "latitude": 27.975727, "longitude": -83.833015}, {"playDate": "2018-05-01T22:25:32.000+0000", "artistId": 2884, "songId": 78166808, "state": "AZ", "style": "R&B - SOUL", "latitude": 34.168217, "longitude": -111.93091}, {"playDate": "2018-05-01T22:31:20.000+0000", "artistId": 2884, "songId": 78166808, "state": "MO", "style": "R&B - SOUL", "latitude": 38.30466, "longitude": -92.437096}, {"playDate": "2018-05-01T22:32:52.000+0000", "artistId": 2884, "songId": 21828601, "state": "PA", "style": "R&B - SOUL", "latitude": 40.994595, "longitude": -77.6047}, {"playDate": "2018-05-01T22:41:45.000+0000", "artistId": 2884, "songId": 27193406, "state": "FL", "style": "R&B - SOUL", "latitude": 27.975727, "longitude": -83.833015}, {"playDate": "2018-05-01T22:42:55.000+0000", "artistId": 2884, "songId": 78166812, "state": "AZ", "style": "R&B - SOUL", "latitude": 34.168217, "longitude": -111.93091}, {"playDate": "2018-05-01T22:44:18.000+0000", "artistId": 2884, "songId": 78166808, "state": "IL", "style": "R&B - SOUL", "latitude": 39.73932, "longitude": -89.50414}, {"playDate": "2018-05-01T22:46:37.000+0000", "artistId": 2884, "songId": 78166808, "state": "UT", "style": "R&B - SOUL", "latitude": 39.49976, "longitude": -111.54703}, {"playDate": "2018-05-01T22:50:58.000+0000", "artistId": 2884, "songId": 27159802, "state": "MI", "style": "R&B - SOUL", "latitude": 44.94356, "longitude": -86.4158}, {"playDate": "2018-05-01T22:52:22.000+0000", "artistId": 2884, "songId": 27193401, "state": "IN", "style": "R&B - SOUL", "latitude": 39.76622, "longitude": -86.44128}, {"playDate": "2018-05-01T22:59:10.000+0000", "artistId": 2884, "songId": 78166808, "state": "IN", "style": "R&B - SOUL", "latitude": 39.76622, "longitude": -86.44128}, {"playDate": "2018-05-01T23:06:30.000+0000", "artistId": 2884, "songId": 27159802, "state": "OH", "style": "R&B - SOUL", "latitude": 40.19036, "longitude": -82.66925}, {"playDate": "2018-05-01T23:21:15.000+0000", "artistId": 2884, "songId": 78166808, "state": "WI", "style": "R&B - SOUL", "latitude": 44.786297, "longitude": -89.826706}, {"playDate": "2018-05-01T23:21:45.000+0000", "artistId": 2884, "songId": 27193408, "state": "TX", "style": "R&B - SOUL", "latitude": 31.169336, "longitude": -100.07684}, {"playDate": "2018-05-01T23:27:27.000+0000", "artistId": 2884, "songId": 78166808, "state": "QC", "style": "R&B - SOUL", "latitude": 49.82258, "longitude": -64.34799}, {"playDate": "2018-05-01T23:28:23.000+0000", "artistId": 2884, "songId": 78166802, "state": "IN", "style": "R&B - SOUL", "latitude": 39.76622, "longitude": -86.44128}, {"playDate": "2018-05-01T23:30:30.000+0000", "artistId": 2884, "songId": 78166808, "state": "IL", "style": "R&B - SOUL", "latitude": 39.73932, "longitude": -89.50414}, {"playDate": "2018-05-01T23:33:13.000+0000", "artistId": 2884, "songId": 27193408, "state": "WA", "style": "R&B - SOUL", "latitude": 38.89935, "longitude": -77.014565}, {"playDate": "2018-05-01T23:33:44.000+0000", "artistId": 2884, "songId": 21828604, "state": "MI", "style": "R&B - SOUL", "latitude": 44.94356, "longitude": -86.4158}, {"playDate": "2018-05-01T23:41:17.000+0000", "artistId": 2884, "songId": 27193401, "state": "OH", "style": "R&B - SOUL", "latitude": 40.19036, "longitude": -82.66925}, {"playDate": "2018-05-01T23:43:47.000+0000", "artistId": 2884, "songId": 27193401, "state": "SC", "style": "R&B - SOUL", "latitude": 33.62505, "longitude": -80.94704}, {"playDate": "2018-05-01T23:44:42.000+0000", "artistId": 2884, "songId": 27193401, "state": "UT", "style": "R&B - SOUL", "latitude": 39.49976, "longitude": -111.54703}, {"playDate": "2018-05-01T23:47:23.000+0000", "artistId": 2884, "songId": 27193401, "state": "ME", "style": "R&B - SOUL", "latitude": 45.218513, "longitude": -69.01486}, {"playDate": "2018-05-01T23:49:11.000+0000", "artistId": 2884, "songId": 12732908, "state": "CO", "style": "R&B - SOUL", "latitude": 38.997932, "longitude": -105.55057}], "totalRecordsCount": 261}