{"plays": [{"playDate": "2018-06-29T00:00:40.000+0000", "artistId": 552, "songId": 6126506, "state": "GA", "style": "ROCK", "latitude": 32.678123, "longitude": -83.22298}, {"playDate": "2018-06-29T00:00:50.000+0000", "artistId": 552, "songId": 6126506, "state": "OH", "style": "ROCK", "latitude": 40.19036, "longitude": -82.66925}, {"playDate": "2018-06-29T00:01:28.000+0000", "artistId": 552, "songId": 6126515, "state": "NY", "style": "ROCK", "latitude": 40.705627, "longitude": -73.97968}, {"playDate": "2018-06-29T00:01:36.000+0000", "artistId": 552, "songId": 6126506, "state": "IN", "style": "ROCK", "latitude": 39.76622, "longitude": -86.44128}, {"playDate": "2018-06-29T00:02:27.000+0000", "artistId": 552, "songId": 6126515, "state": "IN", "style": "ROCK", "latitude": 39.76622, "longitude": -86.44128}, {"playDate": "2018-06-29T00:03:26.000+0000", "artistId": 552, "songId": 16106511, "state": "NY", "style": "ROCK", "latitude": 40.705627, "longitude": -73.97968}, {"playDate": "2018-06-29T00:05:14.000+0000", "artistId": 552, "songId": 16106511, "state": "PA", "style": "ROCK", "latitude": 40.994595, "longitude": -77.6047}, {"playDate": "2018-06-29T00:05:37.000+0000", "artistId": 552, "songId": 56181302, "state": "FL", "style": "ROCK", "latitude": 27.975727, "longitude": -83.833015}, {"playDate": "2018-06-29T00:05:41.000+0000", "artistId": 552, "songId": 6126517, "state": "KY", "style": "ROCK", "latitude": 37.822292, "longitude": -85.76824}, {"playDate": "2018-06-29T00:06:24.000+0000", "artistId": 552, "songId": 6126506, "state": "WI", "style": "ROCK", "latitude": 44.786297, "longitude": -89.826706}, {"playDate": "2018-06-29T00:06:39.000+0000", "artistId": 552, "songId": 16106511, "state": "OH", "style": "ROCK", "latitude": 40.19036, "longitude": -82.66925}, {"playDate": "2018-06-29T00:07:18.000+0000", "artistId": 552, "songId": 6126505, "state": "WA", "style": "ROCK", "latitude": 38.89935, "longitude": -77.014565}, {"playDate": "2018-06-29T00:07:48.000+0000", "artistId": 552, "songId": 16103702, "state": "MN", "style": "ROCK", "latitude": 46.44186, "longitude": -93.36552}, {"playDate": "2018-06-29T00:07:57.000+0000", "artistId": 552, "songId": 56181304, "state": "CA", "style": "ROCK", "latitude": 37.271873, "longitude": -119.27042}, {"playDate": "2018-06-29T00:08:52.000+0000", "artistId": 552, "songId": 6126517, "state": "CO", "style": "ROCK", "latitude": 38.997932, "longitude": -105.55057}, {"playDate": "2018-06-29T00:08:53.000+0000", "artistId": 552, "songId": 6126506, "state": "MO", "style": "ROCK", "latitude": 38.30466, "longitude": -92.437096}, {"playDate": "2018-06-29T00:09:10.000+0000", "artistId": 552, "songId": 56181309, "state": "OH", "style": "ROCK", "latitude": 40.19036, "longitude": -82.66925}, {"playDate": "2018-06-29T00:09:48.000+0000", "artistId": 552, "songId": 16103702, "state": "TX", "style": "ROCK", "latitude": 31.169336, "longitude": -100.07684}, {"playDate": "2018-06-29T00:09:52.000+0000", "artistId": 552, "songId": 16123301, "state": "MI", "style": "ROCK", "latitude": 44.94356, "longitude": -86.4158}, {"playDate": "2018-06-29T00:10:53.000+0000", "artistId": 552, "songId": 78950409, "state": "IL", "style": "ROCK", "latitude": 39.73932, "longitude": -89.50414}], "totalRecordsCount": 1984}