{"plays": [{"playDate": "2018-06-23T00:00:08.000+0000", "artistId": 552, "songId": 16103601, "state": "IL", "style": "ROCK", "latitude": 39.73932, "longitude": -89.50414}, {"playDate": "2018-06-23T00:00:35.000+0000", "artistId": 552, "songId": 6126506, "state": "WI", "style": "ROCK", "latitude": 44.786297, "longitude": -89.826706}, {"playDate": "2018-06-23T00:00:36.000+0000", "artistId": 552, "songId": 56181319, "state": "IN", "style": "ROCK", "latitude": 39.76622, "longitude": -86.44128}, {"playDate": "2018-06-23T00:01:03.000+0000", "artistId": 552, "songId": 16103702, "state": "IN", "style": "ROCK", "latitude": 39.76622, "longitude": -86.44128}, {"playDate": "2018-06-23T00:01:13.000+0000", "artistId": 552, "songId": 6126515, "state": "MN", "style": "ROCK", "latitude": 46.44186, "longitude": -93.36552}, {"playDate": "2018-06-23T00:01:20.000+0000", "artistId": 552, "songId": 6126506, "state": "NC", "style": "ROCK", "latitude": 35.21456, "longitude": -79.891266}, {"playDate": "2018-06-23T00:01:40.000+0000", "artistId": 552, "songId": 6126503, "state": "MO", "style": "ROCK", "latitude": 38.30466, "longitude": -92.437096}, {"playDate": "2018-06-23T00:01:58.000+0000", "artistId": 552, "songId": 6126506, "state": "IA", "style": "ROCK", "latitude": 41.938316, "longitude": -93.3898}, {"playDate": "2018-06-23T00:01:59.000+0000", "artistId": 552, "songId": 6126504, "state": "IL", "style": "ROCK", "latitude": 39.73932, "longitude": -89.50414}, {"playDate": "2018-06-23T00:03:01.000+0000", "artistId": 552, "songId": 16106511, "state": "PA", "style": "ROCK", "latitude": 40.994595, "longitude": -77.6047}, {"playDate": "2018-06-23T00:04:22.000+0000", "artistId": 552, "songId": 6126501, "state": "WI", "style": "ROCK", "latitude": 44.786297, "longitude": -89.826706}, {"playDate": "2018-06-23T00:04:29.000+0000", "artistId": 552, "songId": 6126517, "state": "FL", "style": "ROCK", "latitude": 27.975727, "longitude": -83.833015}, {"playDate": "2018-06-23T00:04:36.000+0000", "artistId": 552, "songId": 6126517, "state": "QC", "style": "ROCK", "latitude": 49.82258, "longitude": -64.34799}, {"playDate": "2018-06-23T00:04:44.000+0000", "artistId": 552, "songId": 6126503, "state": "OR", "style": "ROCK", "latitude": 44.141907, "longitude": -120.5381}, {"playDate": "2018-06-23T00:05:25.000+0000", "artistId": 552, "songId": 6126506, "state": "NY", "style": "ROCK", "latitude": 40.705627, "longitude": -73.97968}, {"playDate": "2018-06-23T00:05:39.000+0000", "artistId": 552, "songId": 6126506, "state": "OR", "style": "ROCK", "latitude": 44.141907, "longitude": -120.5381}, {"playDate": "2018-06-23T00:06:33.000+0000", "artistId": 552, "songId": 16106511, "state": "CT", "style": "ROCK", "latitude": 41.518784, "longitude": -72.75751}, {"playDate": "2018-06-23T00:07:04.000+0000", "artistId": 552, "songId": 6126506, "state": "TX", "style": "ROCK", "latitude": 31.169336, "longitude": -100.07684}, {"playDate": "2018-06-23T00:07:28.000+0000", "artistId": 552, "songId": 6126506, "state": "MN", "style": "ROCK", "latitude": 46.44186, "longitude": -93.36552}, {"playDate": "2018-06-23T00:07:46.000+0000", "artistId": 552, "songId": 6126506, "state": "QC", "style": "ROCK", "latitude": 49.82258, "longitude": -64.34799}], "totalRecordsCount": 2200}