{"plays": [{"playDate": "2018-06-18T00:01:26.000+0000", "artistId": 552, "songId": 6126515, "state": "ON", "style": "ROCK", "latitude": 44.566647, "longitude": -80.84998}, {"playDate": "2018-06-18T00:02:58.000+0000", "artistId": 552, "songId": 16103702, "state": "WA", "style": "ROCK", "latitude": 38.89935, "longitude": -77.014565}, {"playDate": "2018-06-18T00:04:21.000+0000", "artistId": 552, "songId": 6126508, "state": "WI", "style": "ROCK", "latitude": 44.786297, "longitude": -89.826706}, {"playDate": "2018-06-18T00:05:41.000+0000", "artistId": 552, "songId": 6126503, "state": "AB", "style": "ROCK", "latitude": 53.016697, "longitude": -112.816635}, {"playDate": "2018-06-18T00:06:40.000+0000", "artistId": 552, "songId": 56181309, "state": "MN", "style": "ROCK", "latitude": 46.44186, "longitude": -93.36552}, {"playDate": "2018-06-18T00:07:00.000+0000", "artistId": 552, "songId": 16106511, "state": "WI", "style": "ROCK", "latitude": 44.786297, "longitude": -89.826706}, {"playDate": "2018-06-18T00:07:11.000+0000", "artistId": 552, "songId": 16106511, "state": "NY", "style": "ROCK", "latitude": 40.705627, "longitude": -73.97968}, {"playDate": "2018-06-18T00:07:18.000+0000", "artistId": 552, "songId": 16106511, "state": "IN", "style": "ROCK", "latitude": 39.76622, "longitude": -86.44128}, {"playDate": "2018-06-18T00:07:33.000+0000", "artistId": 552, "songId": 6126504, "state": "IN", "style": "ROCK", "latitude": 39.76622, "longitude": -86.44128}, {"playDate": "2018-06-18T00:08:04.000+0000", "artistId": 552, "songId": 6126515, "state": "NJ", "style": "ROCK", "latitude": 40.143005, "longitude": -74.73112}, {"playDate": "2018-06-18T00:09:32.000+0000", "artistId": 552, "songId": 56181309, "state": "MA", "style": "ROCK", "latitude": 42.06294, "longitude": -71.71806}, {"playDate": "2018-06-18T00:13:01.000+0000", "artistId": 552, "songId": 6126504, "state": "PA", "style": "ROCK", "latitude": 40.994595, "longitude": -77.6047}, {"playDate": "2018-06-18T00:13:12.000+0000", "artistId": 552, "songId": 6126515, "state": "CA", "style": "ROCK", "latitude": 37.271873, "longitude": -119.27042}, {"playDate": "2018-06-18T00:13:52.000+0000", "artistId": 552, "songId": 6126517, "state": "TX", "style": "ROCK", "latitude": 31.169336, "longitude": -100.07684}, {"playDate": "2018-06-18T00:14:13.000+0000", "artistId": 552, "songId": 6126503, "state": "AR", "style": "ROCK", "latitude": 34.751926, "longitude": -92.13138}, {"playDate": "2018-06-18T00:15:56.000+0000", "artistId": 552, "songId": 6126506, "state": "TX", "style": "ROCK", "latitude": 31.169336, "longitude": -100.07684}, {"playDate": "2018-06-18T00:17:04.000+0000", "artistId": 552, "songId": 16103707, "state": "MS", "style": "ROCK", "latitude": 32.585106, "longitude": -89.87722}, {"playDate": "2018-06-18T00:17:07.000+0000", "artistId": 552, "songId": 6126504, "state": "SK", "style": "ROCK", "latitude": 50.93331, "longitude": -102.79999}, {"playDate": "2018-06-18T00:17:42.000+0000", "artistId": 552, "songId": 6126501, "state": "OR", "style": "ROCK", "latitude": 44.141907, "longitude": -120.5381}, {"playDate": "2018-06-18T00:17:57.000+0000", "artistId": 552, "songId": 6126503, "state": "ON", "style": "ROCK", "latitude": 44.566647, "longitude": -80.84998}], "totalRecordsCount": 1675}