{"plays": [{"playDate": "2018-06-01T00:00:12.000+0000", "artistId": 552, "songId": 6126517, "state": "TX", "style": "ROCK", "latitude": 31.169336, "longitude": -100.07684}, {"playDate": "2018-06-01T00:00:27.000+0000", "artistId": 552, "songId": 16106511, "state": "KY", "style": "ROCK", "latitude": 37.822292, "longitude": -85.76824}, {"playDate": "2018-06-01T00:01:44.000+0000", "artistId": 552, "songId": 16106511, "state": "SC", "style": "ROCK", "latitude": 33.62505, "longitude": -80.94704}, {"playDate": "2018-06-01T00:02:18.000+0000", "artistId": 552, "songId": 16103702, "state": "TX", "style": "ROCK", "latitude": 31.169336, "longitude": -100.07684}, {"playDate": "2018-06-01T00:02:26.000+0000", "artistId": 552, "songId": 56181319, "state": "MN", "style": "ROCK", "latitude": 46.44186, "longitude": -93.36552}, {"playDate": "2018-06-01T00:03:13.000+0000", "artistId": 552, "songId": 6126505, "state": "NJ", "style": "ROCK", "latitude": 40.143005, "longitude": -74.73112}, {"playDate": "2018-06-01T00:03:56.000+0000", "artistId": 552, "songId": 6126501, "state": "WI", "style": "ROCK", "latitude": 44.786297, "longitude": -89.826706}, {"playDate": "2018-06-01T00:03:59.000+0000", "artistId": 552, "songId": 16106511, "state": "NJ", "style": "ROCK", "latitude": 40.143005, "longitude": -74.73112}, {"playDate": "2018-06-01T00:04:45.000+0000", "artistId": 552, "songId": 6126506, "state": "NY", "style": "ROCK", "latitude": 40.705627, "longitude": -73.97968}, {"playDate": "2018-06-01T00:05:08.000+0000", "artistId": 552, "songId": 6126506, "state": "CT", "style": "ROCK", "latitude": 41.518784, "longitude": -72.75751}, {"playDate": "2018-06-01T00:07:05.000+0000", "artistId": 552, "songId": 6126506, "state": "VA", "style": "ROCK", "latitude": 38.003384, "longitude": -79.458786}, {"playDate": "2018-06-01T00:07:08.000+0000", "artistId": 552, "songId": 6126506, "state": "KY", "style": "ROCK", "latitude": 37.822292, "longitude": -85.76824}, {"playDate": "2018-06-01T00:07:20.000+0000", "artistId": 552, "songId": 6126506, "state": "OH", "style": "ROCK", "latitude": 40.19036, "longitude": -82.66925}, {"playDate": "2018-06-01T00:07:35.000+0000", "artistId": 552, "songId": 16110407, "state": "CA", "style": "ROCK", "latitude": 37.271873, "longitude": -119.27042}, {"playDate": "2018-06-01T00:08:19.000+0000", "artistId": 552, "songId": 6126503, "state": "AR", "style": "ROCK", "latitude": 34.751926, "longitude": -92.13138}, {"playDate": "2018-06-01T00:08:41.000+0000", "artistId": 552, "songId": 87242966, "state": "ON", "style": "ROCK", "latitude": 44.566647, "longitude": -80.84998}, {"playDate": "2018-06-01T00:09:37.000+0000", "artistId": 552, "songId": 6126506, "state": "PA", "style": "ROCK", "latitude": 40.994595, "longitude": -77.6047}, {"playDate": "2018-06-01T00:09:52.000+0000", "artistId": 552, "songId": 16103702, "state": "GA", "style": "ROCK", "latitude": 32.678123, "longitude": -83.22298}, {"playDate": "2018-06-01T00:10:05.000+0000", "artistId": 552, "songId": 6126504, "state": "IA", "style": "ROCK", "latitude": 41.938316, "longitude": -93.3898}, {"playDate": "2018-06-01T00:10:24.000+0000", "artistId": 552, "songId": 6126505, "state": "MA", "style": "ROCK", "latitude": 42.06294, "longitude": -71.71806}], "totalRecordsCount": 2135}