{"plays": [{"playDate": "2018-06-20T00:01:15.000+0000", "artistId": 552, "songId": 6126505, "state": "QC", "style": "ROCK", "latitude": 49.82258, "longitude": -64.34799}, {"playDate": "2018-06-20T00:02:34.000+0000", "artistId": 552, "songId": 6126503, "state": "PA", "style": "ROCK", "latitude": 40.994595, "longitude": -77.6047}, {"playDate": "2018-06-20T00:02:56.000+0000", "artistId": 552, "songId": 6126504, "state": "NV", "style": "ROCK", "latitude": 38.502033, "longitude": -117.02306}, {"playDate": "2018-06-20T00:03:33.000+0000", "artistId": 552, "songId": 6126505, "state": "MA", "style": "ROCK", "latitude": 42.06294, "longitude": -71.71806}, {"playDate": "2018-06-20T00:03:59.000+0000", "artistId": 552, "songId": 78950416, "state": "CA", "style": "ROCK", "latitude": 37.271873, "longitude": -119.27042}, {"playDate": "2018-06-20T00:05:05.000+0000", "artistId": 552, "songId": 6126506, "state": "IA", "style": "ROCK", "latitude": 41.938316, "longitude": -93.3898}, {"playDate": "2018-06-20T00:06:26.000+0000", "artistId": 552, "songId": 6126506, "state": "TX", "style": "ROCK", "latitude": 31.169336, "longitude": -100.07684}, {"playDate": "2018-06-20T00:06:52.000+0000", "artistId": 552, "songId": 6126506, "state": "NE", "style": "ROCK", "latitude": 41.50082, "longitude": -99.6809}, {"playDate": "2018-06-20T00:06:54.000+0000", "artistId": 552, "songId": 6126506, "state": "AL", "style": "ROCK", "latitude": 32.60101, "longitude": -86.68073}, {"playDate": "2018-06-20T00:07:26.000+0000", "artistId": 552, "songId": 16106401, "state": "HI", "style": "ROCK", "latitude": 20.46, "longitude": -157.505}, {"playDate": "2018-06-20T00:08:02.000+0000", "artistId": 552, "songId": 16106511, "state": "OH", "style": "ROCK", "latitude": 40.19036, "longitude": -82.66925}, {"playDate": "2018-06-20T00:09:07.000+0000", "artistId": 552, "songId": 16106511, "state": "HI", "style": "ROCK", "latitude": 20.46, "longitude": -157.505}, {"playDate": "2018-06-20T00:09:24.000+0000", "artistId": 552, "songId": 16103701, "state": "IN", "style": "ROCK", "latitude": 39.76622, "longitude": -86.44128}, {"playDate": "2018-06-20T00:09:25.000+0000", "artistId": 552, "songId": 16103701, "state": "IL", "style": "ROCK", "latitude": 39.73932, "longitude": -89.50414}, {"playDate": "2018-06-20T00:09:26.000+0000", "artistId": 552, "songId": 6126506, "state": "SC", "style": "ROCK", "latitude": 33.62505, "longitude": -80.94704}, {"playDate": "2018-06-20T00:09:29.000+0000", "artistId": 552, "songId": 6126504, "state": "MO", "style": "ROCK", "latitude": 38.30466, "longitude": -92.437096}, {"playDate": "2018-06-20T00:10:27.000+0000", "artistId": 552, "songId": 56181309, "state": "WI", "style": "ROCK", "latitude": 44.786297, "longitude": -89.826706}, {"playDate": "2018-06-20T00:11:09.000+0000", "artistId": 552, "songId": 16106511, "state": "NY", "style": "ROCK", "latitude": 40.705627, "longitude": -73.97968}, {"playDate": "2018-06-20T00:11:10.000+0000", "artistId": 552, "songId": 6126505, "state": "CT", "style": "ROCK", "latitude": 41.518784, "longitude": -72.75751}, {"playDate": "2018-06-20T00:11:34.000+0000", "artistId": 552, "songId": 6126505, "state": "AR", "style": "ROCK", "latitude": 34.751926, "longitude": -92.13138}], "totalRecordsCount": 1642}