{"plays": [{"playDate": "2018-06-19T00:00:52.000+0000", "artistId": 552, "songId": 6126503, "state": "VA", "style": "ROCK", "latitude": 38.003384, "longitude": -79.458786}, {"playDate": "2018-06-19T00:02:21.000+0000", "artistId": 552, "songId": 6126503, "state": "PA", "style": "ROCK", "latitude": 40.994595, "longitude": -77.6047}, {"playDate": "2018-06-19T00:04:26.000+0000", "artistId": 552, "songId": 6126509, "state": "IN", "style": "ROCK", "latitude": 39.76622, "longitude": -86.44128}, {"playDate": "2018-06-19T00:04:40.000+0000", "artistId": 552, "songId": 16106511, "state": "WI", "style": "ROCK", "latitude": 44.786297, "longitude": -89.826706}, {"playDate": "2018-06-19T00:06:19.000+0000", "artistId": 552, "songId": 6126517, "state": "TX", "style": "ROCK", "latitude": 31.169336, "longitude": -100.07684}, {"playDate": "2018-06-19T00:07:40.000+0000", "artistId": 552, "songId": 6126506, "state": "WA", "style": "ROCK", "latitude": 38.89935, "longitude": -77.014565}, {"playDate": "2018-06-19T00:08:52.000+0000", "artistId": 552, "songId": 56181304, "state": "FL", "style": "ROCK", "latitude": 27.975727, "longitude": -83.833015}, {"playDate": "2018-06-19T00:10:18.000+0000", "artistId": 552, "songId": 6126506, "state": "PA", "style": "ROCK", "latitude": 40.994595, "longitude": -77.6047}, {"playDate": "2018-06-19T00:10:38.000+0000", "artistId": 552, "songId": 6126517, "state": "AL", "style": "ROCK", "latitude": 32.60101, "longitude": -86.68073}, {"playDate": "2018-06-19T00:10:49.000+0000", "artistId": 552, "songId": 78950405, "state": "HI", "style": "ROCK", "latitude": 20.46, "longitude": -157.505}, {"playDate": "2018-06-19T00:11:24.000+0000", "artistId": 552, "songId": 56181302, "state": "VA", "style": "ROCK", "latitude": 38.003384, "longitude": -79.458786}, {"playDate": "2018-06-19T00:11:25.000+0000", "artistId": 552, "songId": 6126508, "state": "GA", "style": "ROCK", "latitude": 32.678123, "longitude": -83.22298}, {"playDate": "2018-06-19T00:11:28.000+0000", "artistId": 552, "songId": 6126517, "state": "KY", "style": "ROCK", "latitude": 37.822292, "longitude": -85.76824}, {"playDate": "2018-06-19T00:11:32.000+0000", "artistId": 552, "songId": 16103710, "state": "TX", "style": "ROCK", "latitude": 31.169336, "longitude": -100.07684}, {"playDate": "2018-06-19T00:12:02.000+0000", "artistId": 552, "songId": 6126505, "state": "MB", "style": "ROCK", "latitude": 50.150024, "longitude": -96.88332}, {"playDate": "2018-06-19T00:12:28.000+0000", "artistId": 552, "songId": 6126503, "state": "FL", "style": "ROCK", "latitude": 27.975727, "longitude": -83.833015}, {"playDate": "2018-06-19T00:12:30.000+0000", "artistId": 552, "songId": 6126503, "state": "NY", "style": "ROCK", "latitude": 40.705627, "longitude": -73.97968}, {"playDate": "2018-06-19T00:13:15.000+0000", "artistId": 552, "songId": 6126504, "state": "IN", "style": "ROCK", "latitude": 39.76622, "longitude": -86.44128}, {"playDate": "2018-06-19T00:13:33.000+0000", "artistId": 552, "songId": 6126503, "state": "IN", "style": "ROCK", "latitude": 39.76622, "longitude": -86.44128}, {"playDate": "2018-06-19T00:13:49.000+0000", "artistId": 552, "songId": 6126503, "state": "QC", "style": "ROCK", "latitude": 49.82258, "longitude": -64.34799}], "totalRecordsCount": 1646}