{"plays": [{"playDate": "2018-06-11T00:01:01.000+0000", "artistId": 552, "songId": 56181309, "state": "IA", "style": "ROCK", "latitude": 41.938316, "longitude": -93.3898}, {"playDate": "2018-06-11T00:01:17.000+0000", "artistId": 552, "songId": 6126504, "state": "MO", "style": "ROCK", "latitude": 38.30466, "longitude": -92.437096}, {"playDate": "2018-06-11T00:02:03.000+0000", "artistId": 552, "songId": 6126504, "state": "MN", "style": "ROCK", "latitude": 46.44186, "longitude": -93.36552}, {"playDate": "2018-06-11T00:02:39.000+0000", "artistId": 552, "songId": 6126502, "state": "WI", "style": "ROCK", "latitude": 44.786297, "longitude": -89.826706}, {"playDate": "2018-06-11T00:02:49.000+0000", "artistId": 552, "songId": 6126506, "state": "MN", "style": "ROCK", "latitude": 46.44186, "longitude": -93.36552}, {"playDate": "2018-06-11T00:04:25.000+0000", "artistId": 552, "songId": 6126501, "state": "NJ", "style": "ROCK", "latitude": 40.143005, "longitude": -74.73112}, {"playDate": "2018-06-11T00:05:09.000+0000", "artistId": 552, "songId": 6126504, "state": "CT", "style": "ROCK", "latitude": 41.518784, "longitude": -72.75751}, {"playDate": "2018-06-11T00:05:45.000+0000", "artistId": 552, "songId": 6126503, "state": "FL", "style": "ROCK", "latitude": 27.975727, "longitude": -83.833015}, {"playDate": "2018-06-11T00:05:56.000+0000", "artistId": 552, "songId": 16123301, "state": "QC", "style": "ROCK", "latitude": 49.82258, "longitude": -64.34799}, {"playDate": "2018-06-11T00:09:49.000+0000", "artistId": 552, "songId": 6126506, "state": "OH", "style": "ROCK", "latitude": 40.19036, "longitude": -82.66925}, {"playDate": "2018-06-11T00:11:07.000+0000", "artistId": 552, "songId": 6126506, "state": "MT", "style": "ROCK", "latitude": 46.6798, "longitude": -110.044785}, {"playDate": "2018-06-11T00:11:35.000+0000", "artistId": 552, "songId": 6126517, "state": "WI", "style": "ROCK", "latitude": 44.786297, "longitude": -89.826706}, {"playDate": "2018-06-11T00:13:43.000+0000", "artistId": 552, "songId": 16106511, "state": "TX", "style": "ROCK", "latitude": 31.169336, "longitude": -100.07684}, {"playDate": "2018-06-11T00:14:09.000+0000", "artistId": 552, "songId": 6126504, "state": "CA", "style": "ROCK", "latitude": 37.271873, "longitude": -119.27042}, {"playDate": "2018-06-11T00:14:12.000+0000", "artistId": 552, "songId": 6126506, "state": "AK", "style": "ROCK", "latitude": 61.3025, "longitude": -158.77502}, {"playDate": "2018-06-11T00:14:57.000+0000", "artistId": 552, "songId": 16103701, "state": "TN", "style": "ROCK", "latitude": 35.83052, "longitude": -85.9786}, {"playDate": "2018-06-11T00:16:20.000+0000", "artistId": 552, "songId": 16103702, "state": "CA", "style": "ROCK", "latitude": 37.271873, "longitude": -119.27042}, {"playDate": "2018-06-11T00:16:40.000+0000", "artistId": 552, "songId": 6126506, "state": "WA", "style": "ROCK", "latitude": 38.89935, "longitude": -77.014565}, {"playDate": "2018-06-11T00:17:22.000+0000", "artistId": 552, "songId": 6126506, "state": "CA", "style": "ROCK", "latitude": 37.271873, "longitude": -119.27042}, {"playDate": "2018-06-11T00:17:45.000+0000", "artistId": 552, "songId": 6126503, "state": "WI", "style": "ROCK", "latitude": 44.786297, "longitude": -89.826706}], "totalRecordsCount": 1684}