{"plays": [{"playDate": "2018-06-03T00:01:18.000+0000", "artistId": 552, "songId": 6126506, "state": "NY", "style": "ROCK", "latitude": 40.705627, "longitude": -73.97968}, {"playDate": "2018-06-03T00:01:38.000+0000", "artistId": 552, "songId": 6126503, "state": "MS", "style": "ROCK", "latitude": 32.585106, "longitude": -89.87722}, {"playDate": "2018-06-03T00:01:39.000+0000", "artistId": 552, "songId": 6126514, "state": "ON", "style": "ROCK", "latitude": 44.566647, "longitude": -80.84998}, {"playDate": "2018-06-03T00:01:45.000+0000", "artistId": 552, "songId": 6126517, "state": "QC", "style": "ROCK", "latitude": 49.82258, "longitude": -64.34799}, {"playDate": "2018-06-03T00:03:14.000+0000", "artistId": 552, "songId": 16106511, "state": "MA", "style": "ROCK", "latitude": 42.06294, "longitude": -71.71806}, {"playDate": "2018-06-03T00:03:21.000+0000", "artistId": 552, "songId": 16106511, "state": "OR", "style": "ROCK", "latitude": 44.141907, "longitude": -120.5381}, {"playDate": "2018-06-03T00:03:42.000+0000", "artistId": 552, "songId": 6126506, "state": "WI", "style": "ROCK", "latitude": 44.786297, "longitude": -89.826706}, {"playDate": "2018-06-03T00:05:08.000+0000", "artistId": 552, "songId": 16106511, "state": "WI", "style": "ROCK", "latitude": 44.786297, "longitude": -89.826706}, {"playDate": "2018-06-03T00:05:38.000+0000", "artistId": 552, "songId": 6126506, "state": "WA", "style": "ROCK", "latitude": 38.89935, "longitude": -77.014565}, {"playDate": "2018-06-03T00:06:13.000+0000", "artistId": 552, "songId": 16106511, "state": "NE", "style": "ROCK", "latitude": 41.50082, "longitude": -99.6809}, {"playDate": "2018-06-03T00:06:48.000+0000", "artistId": 552, "songId": 6126503, "state": "ND", "style": "ROCK", "latitude": 47.46788, "longitude": -100.30227}, {"playDate": "2018-06-03T00:06:57.000+0000", "artistId": 552, "songId": 6126506, "state": "NY", "style": "ROCK", "latitude": 40.705627, "longitude": -73.97968}, {"playDate": "2018-06-03T00:08:17.000+0000", "artistId": 552, "songId": 6126506, "state": "PA", "style": "ROCK", "latitude": 40.994595, "longitude": -77.6047}, {"playDate": "2018-06-03T00:08:23.000+0000", "artistId": 552, "songId": 6126506, "state": "SD", "style": "ROCK", "latitude": 44.2127, "longitude": -100.24716}, {"playDate": "2018-06-03T00:08:28.000+0000", "artistId": 552, "songId": 6126506, "state": "WI", "style": "ROCK", "latitude": 44.786297, "longitude": -89.826706}, {"playDate": "2018-06-03T00:08:39.000+0000", "artistId": 552, "songId": 6126506, "state": "FL", "style": "ROCK", "latitude": 27.975727, "longitude": -83.833015}, {"playDate": "2018-06-03T00:09:19.000+0000", "artistId": 552, "songId": 6126503, "state": "MT", "style": "ROCK", "latitude": 46.6798, "longitude": -110.044785}, {"playDate": "2018-06-03T00:09:41.000+0000", "artistId": 552, "songId": 6126506, "state": "MA", "style": "ROCK", "latitude": 42.06294, "longitude": -71.71806}, {"playDate": "2018-06-03T00:10:14.000+0000", "artistId": 552, "songId": 6126506, "state": "IL", "style": "ROCK", "latitude": 39.73932, "longitude": -89.50414}, {"playDate": "2018-06-03T00:10:40.000+0000", "artistId": 552, "songId": 6131102, "state": "ND", "style": "ROCK", "latitude": 47.46788, "longitude": -100.30227}], "totalRecordsCount": 1771}