{"plays": [{"playDate": "2018-04-20T00:00:19.000+0000", "artistId": 552, "songId": 6126506, "state": "WI", "style": "ROCK", "latitude": 44.786297, "longitude": -89.826706}, {"playDate": "2018-04-20T00:00:21.000+0000", "artistId": 552, "songId": 6131116, "state": "FL", "style": "ROCK", "latitude": 27.975727, "longitude": -83.833015}, {"playDate": "2018-04-20T00:01:17.000+0000", "artistId": 552, "songId": 6126506, "state": "CT", "style": "ROCK", "latitude": 41.518784, "longitude": -72.75751}, {"playDate": "2018-04-20T00:01:24.000+0000", "artistId": 552, "songId": 6126506, "state": "KS", "style": "ROCK", "latitude": 38.49878, "longitude": -98.320076}, {"playDate": "2018-04-20T00:02:36.000+0000", "artistId": 552, "songId": 6126506, "state": "PA", "style": "ROCK", "latitude": 40.994595, "longitude": -77.6047}, {"playDate": "2018-04-20T00:02:49.000+0000", "artistId": 552, "songId": 16106511, "state": "MN", "style": "ROCK", "latitude": 46.44186, "longitude": -93.36552}, {"playDate": "2018-04-20T00:03:38.000+0000", "artistId": 552, "songId": 6126506, "state": "FL", "style": "ROCK", "latitude": 27.975727, "longitude": -83.833015}, {"playDate": "2018-04-20T00:04:01.000+0000", "artistId": 552, "songId": 6126506, "state": "PA", "style": "ROCK", "latitude": 40.994595, "longitude": -77.6047}, {"playDate": "2018-04-20T00:06:55.000+0000", "artistId": 552, "songId": 16103702, "state": "SD", "style": "ROCK", "latitude": 44.2127, "longitude": -100.24716}, {"playDate": "2018-04-20T00:07:01.000+0000", "artistId": 552, "songId": 6126506, "state": "NS", "style": "ROCK", "latitude": 45.583275, "longitude": -62.63332}, {"playDate": "2018-04-20T00:07:17.000+0000", "artistId": 552, "songId": 16103601, "state": "KY", "style": "ROCK", "latitude": 37.822292, "longitude": -85.76824}, {"playDate": "2018-04-20T00:07:49.000+0000", "artistId": 552, "songId": 56181310, "state": "PA", "style": "ROCK", "latitude": 40.994595, "longitude": -77.6047}, {"playDate": "2018-04-20T00:09:24.000+0000", "artistId": 552, "songId": 16106511, "state": "CA", "style": "ROCK", "latitude": 37.271873, "longitude": -119.27042}, {"playDate": "2018-04-20T00:11:20.000+0000", "artistId": 552, "songId": 6126506, "state": "AB", "style": "ROCK", "latitude": 53.016697, "longitude": -112.816635}, {"playDate": "2018-04-20T00:11:24.000+0000", "artistId": 552, "songId": 6131102, "state": "KY", "style": "ROCK", "latitude": 37.822292, "longitude": -85.76824}, {"playDate": "2018-04-20T00:11:28.000+0000", "artistId": 552, "songId": 6126503, "state": "TX", "style": "ROCK", "latitude": 31.169336, "longitude": -100.07684}, {"playDate": "2018-04-20T00:11:43.000+0000", "artistId": 552, "songId": 6126509, "state": "NY", "style": "ROCK", "latitude": 40.705627, "longitude": -73.97968}, {"playDate": "2018-04-20T00:12:10.000+0000", "artistId": 552, "songId": 6126506, "state": "IL", "style": "ROCK", "latitude": 39.73932, "longitude": -89.50414}, {"playDate": "2018-04-20T00:13:30.000+0000", "artistId": 552, "songId": 6126506, "state": "SC", "style": "ROCK", "latitude": 33.62505, "longitude": -80.94704}, {"playDate": "2018-04-20T00:13:48.000+0000", "artistId": 552, "songId": 78950417, "state": "CO", "style": "ROCK", "latitude": 38.997932, "longitude": -105.55057}], "totalRecordsCount": 1964}