{"plays": [{"playDate": "2018-04-29T00:00:15.000+0000", "artistId": 552, "songId": 6126506, "state": "MI", "style": "ROCK", "latitude": 44.94356, "longitude": -86.4158}, {"playDate": "2018-04-29T00:00:16.000+0000", "artistId": 552, "songId": 6126506, "state": "PA", "style": "ROCK", "latitude": 40.994595, "longitude": -77.6047}, {"playDate": "2018-04-29T00:01:03.000+0000", "artistId": 552, "songId": 16103701, "state": "ND", "style": "ROCK", "latitude": 47.46788, "longitude": -100.30227}, {"playDate": "2018-04-29T00:01:35.000+0000", "artistId": 552, "songId": 6126506, "state": "IA", "style": "ROCK", "latitude": 41.938316, "longitude": -93.3898}, {"playDate": "2018-04-29T00:01:58.000+0000", "artistId": 552, "songId": 6126506, "state": "SC", "style": "ROCK", "latitude": 33.62505, "longitude": -80.94704}, {"playDate": "2018-04-29T00:02:01.000+0000", "artistId": 552, "songId": 6126515, "state": "MD", "style": "ROCK", "latitude": 38.80635, "longitude": -77.26842}, {"playDate": "2018-04-29T00:02:18.000+0000", "artistId": 552, "songId": 6126506, "state": "IN", "style": "ROCK", "latitude": 39.76622, "longitude": -86.44128}, {"playDate": "2018-04-29T00:02:39.000+0000", "artistId": 552, "songId": 6126504, "state": "TN", "style": "ROCK", "latitude": 35.83052, "longitude": -85.9786}, {"playDate": "2018-04-29T00:02:47.000+0000", "artistId": 552, "songId": 6126506, "state": "FL", "style": "ROCK", "latitude": 27.975727, "longitude": -83.833015}, {"playDate": "2018-04-29T00:02:52.000+0000", "artistId": 552, "songId": 16103701, "state": "PA", "style": "ROCK", "latitude": 40.994595, "longitude": -77.6047}, {"playDate": "2018-04-29T00:03:18.000+0000", "artistId": 552, "songId": 6126505, "state": "OH", "style": "ROCK", "latitude": 40.19036, "longitude": -82.66925}, {"playDate": "2018-04-29T00:03:39.000+0000", "artistId": 552, "songId": 16106511, "state": "IA", "style": "ROCK", "latitude": 41.938316, "longitude": -93.3898}, {"playDate": "2018-04-29T00:03:52.000+0000", "artistId": 552, "songId": 6126506, "state": "TX", "style": "ROCK", "latitude": 31.169336, "longitude": -100.07684}, {"playDate": "2018-04-29T00:04:09.000+0000", "artistId": 552, "songId": 6126506, "state": "MA", "style": "ROCK", "latitude": 42.06294, "longitude": -71.71806}, {"playDate": "2018-04-29T00:04:36.000+0000", "artistId": 552, "songId": 6126506, "state": "NV", "style": "ROCK", "latitude": 38.502033, "longitude": -117.02306}, {"playDate": "2018-04-29T00:05:45.000+0000", "artistId": 552, "songId": 6126506, "state": "IA", "style": "ROCK", "latitude": 41.938316, "longitude": -93.3898}, {"playDate": "2018-04-29T00:06:22.000+0000", "artistId": 552, "songId": 16106511, "state": "FL", "style": "ROCK", "latitude": 27.975727, "longitude": -83.833015}, {"playDate": "2018-04-29T00:06:24.000+0000", "artistId": 552, "songId": 6126506, "state": "AZ", "style": "ROCK", "latitude": 34.168217, "longitude": -111.93091}, {"playDate": "2018-04-29T00:06:35.000+0000", "artistId": 552, "songId": 6126508, "state": "TX", "style": "ROCK", "latitude": 31.169336, "longitude": -100.07684}, {"playDate": "2018-04-29T00:06:52.000+0000", "artistId": 552, "songId": 6126504, "state": "OR", "style": "ROCK", "latitude": 44.141907, "longitude": -120.5381}], "totalRecordsCount": 1827}