{"plays": [{"playDate": "2018-04-30T00:00:41.000+0000", "artistId": 552, "songId": 6126504, "state": "GA", "style": "ROCK", "latitude": 32.678123, "longitude": -83.22298}, {"playDate": "2018-04-30T00:00:52.000+0000", "artistId": 552, "songId": 16106511, "state": "WA", "style": "ROCK", "latitude": 38.89935, "longitude": -77.014565}, {"playDate": "2018-04-30T00:02:38.000+0000", "artistId": 552, "songId": 6126504, "state": "NH", "style": "ROCK", "latitude": 44.001232, "longitude": -71.579926}, {"playDate": "2018-04-30T00:03:35.000+0000", "artistId": 552, "songId": 6126506, "state": "NJ", "style": "ROCK", "latitude": 40.143005, "longitude": -74.73112}, {"playDate": "2018-04-30T00:03:49.000+0000", "artistId": 552, "songId": 6126517, "state": "IL", "style": "ROCK", "latitude": 39.73932, "longitude": -89.50414}, {"playDate": "2018-04-30T00:06:05.000+0000", "artistId": 552, "songId": 6126506, "state": "NJ", "style": "ROCK", "latitude": 40.143005, "longitude": -74.73112}, {"playDate": "2018-04-30T00:07:11.000+0000", "artistId": 552, "songId": 6126503, "state": "NY", "style": "ROCK", "latitude": 40.705627, "longitude": -73.97968}, {"playDate": "2018-04-30T00:07:21.000+0000", "artistId": 552, "songId": 16106511, "state": "MN", "style": "ROCK", "latitude": 46.44186, "longitude": -93.36552}, {"playDate": "2018-04-30T00:07:50.000+0000", "artistId": 552, "songId": 16106511, "state": "KY", "style": "ROCK", "latitude": 37.822292, "longitude": -85.76824}, {"playDate": "2018-04-30T00:08:00.000+0000", "artistId": 552, "songId": 6126504, "state": "OH", "style": "ROCK", "latitude": 40.19036, "longitude": -82.66925}, {"playDate": "2018-04-30T00:08:32.000+0000", "artistId": 552, "songId": 16103701, "state": "MN", "style": "ROCK", "latitude": 46.44186, "longitude": -93.36552}, {"playDate": "2018-04-30T00:09:22.000+0000", "artistId": 552, "songId": 6126506, "state": "CA", "style": "ROCK", "latitude": 37.271873, "longitude": -119.27042}, {"playDate": "2018-04-30T00:09:22.000+0000", "artistId": 552, "songId": 6126506, "state": "CA", "style": "ROCK", "latitude": 37.271873, "longitude": -119.27042}, {"playDate": "2018-04-30T00:09:38.000+0000", "artistId": 552, "songId": 16106511, "state": "NY", "style": "ROCK", "latitude": 40.705627, "longitude": -73.97968}, {"playDate": "2018-04-30T00:09:46.000+0000", "artistId": 552, "songId": 6126504, "state": "WI", "style": "ROCK", "latitude": 44.786297, "longitude": -89.826706}, {"playDate": "2018-04-30T00:10:08.000+0000", "artistId": 552, "songId": 16123301, "state": "MN", "style": "ROCK", "latitude": 46.44186, "longitude": -93.36552}, {"playDate": "2018-04-30T00:10:49.000+0000", "artistId": 552, "songId": 6126506, "state": "NV", "style": "ROCK", "latitude": 38.502033, "longitude": -117.02306}, {"playDate": "2018-04-30T00:10:49.000+0000", "artistId": 552, "songId": 6126506, "state": "NV", "style": "ROCK", "latitude": 38.502033, "longitude": -117.02306}, {"playDate": "2018-04-30T00:11:41.000+0000", "artistId": 552, "songId": 6126515, "state": "CO", "style": "ROCK", "latitude": 38.997932, "longitude": -105.55057}, {"playDate": "2018-04-30T00:12:14.000+0000", "artistId": 552, "songId": 6126517, "state": "CA", "style": "ROCK", "latitude": 37.271873, "longitude": -119.27042}], "totalRecordsCount": 1585}