{"plays": [{"playDate": "2018-04-26T00:00:26.000+0000", "artistId": 552, "songId": 6126504, "state": "MT", "style": "ROCK", "latitude": 46.6798, "longitude": -110.044785}, {"playDate": "2018-04-26T00:00:37.000+0000", "artistId": 552, "songId": 6126506, "state": "CA", "style": "ROCK", "latitude": 37.271873, "longitude": -119.27042}, {"playDate": "2018-04-26T00:00:40.000+0000", "artistId": 552, "songId": 16103707, "state": "FL", "style": "ROCK", "latitude": 27.975727, "longitude": -83.833015}, {"playDate": "2018-04-26T00:00:48.000+0000", "artistId": 552, "songId": 6126503, "state": "TX", "style": "ROCK", "latitude": 31.169336, "longitude": -100.07684}, {"playDate": "2018-04-26T00:01:30.000+0000", "artistId": 552, "songId": 16106511, "state": "PA", "style": "ROCK", "latitude": 40.994595, "longitude": -77.6047}, {"playDate": "2018-04-26T00:01:52.000+0000", "artistId": 552, "songId": 6126505, "state": "IL", "style": "ROCK", "latitude": 39.73932, "longitude": -89.50414}, {"playDate": "2018-04-26T00:01:53.000+0000", "artistId": 552, "songId": 6131102, "state": "SC", "style": "ROCK", "latitude": 33.62505, "longitude": -80.94704}, {"playDate": "2018-04-26T00:02:01.000+0000", "artistId": 552, "songId": 6126515, "state": "PA", "style": "ROCK", "latitude": 40.994595, "longitude": -77.6047}, {"playDate": "2018-04-26T00:02:42.000+0000", "artistId": 552, "songId": 6126503, "state": "MN", "style": "ROCK", "latitude": 46.44186, "longitude": -93.36552}, {"playDate": "2018-04-26T00:02:48.000+0000", "artistId": 552, "songId": 16106511, "state": "IL", "style": "ROCK", "latitude": 39.73932, "longitude": -89.50414}, {"playDate": "2018-04-26T00:03:55.000+0000", "artistId": 552, "songId": 56181304, "state": "TN", "style": "ROCK", "latitude": 35.83052, "longitude": -85.9786}, {"playDate": "2018-04-26T00:04:04.000+0000", "artistId": 552, "songId": 6126505, "state": "CA", "style": "ROCK", "latitude": 37.271873, "longitude": -119.27042}, {"playDate": "2018-04-26T00:05:02.000+0000", "artistId": 552, "songId": 16106511, "state": "FL", "style": "ROCK", "latitude": 27.975727, "longitude": -83.833015}, {"playDate": "2018-04-26T00:07:20.000+0000", "artistId": 552, "songId": 6126515, "state": "QC", "style": "ROCK", "latitude": 49.82258, "longitude": -64.34799}, {"playDate": "2018-04-26T00:07:25.000+0000", "artistId": 552, "songId": 6126504, "state": "MT", "style": "ROCK", "latitude": 46.6798, "longitude": -110.044785}, {"playDate": "2018-04-26T00:07:53.000+0000", "artistId": 552, "songId": 6126508, "state": "AL", "style": "ROCK", "latitude": 32.60101, "longitude": -86.68073}, {"playDate": "2018-04-26T00:08:25.000+0000", "artistId": 552, "songId": 6126506, "state": "RI", "style": "ROCK", "latitude": 41.58273, "longitude": -71.506454}, {"playDate": "2018-04-26T00:08:44.000+0000", "artistId": 552, "songId": 6126504, "state": "NJ", "style": "ROCK", "latitude": 40.143005, "longitude": -74.73112}, {"playDate": "2018-04-26T00:09:02.000+0000", "artistId": 552, "songId": 16106511, "state": "KS", "style": "ROCK", "latitude": 38.49878, "longitude": -98.320076}, {"playDate": "2018-04-26T00:09:47.000+0000", "artistId": 552, "songId": 6126506, "state": "AL", "style": "ROCK", "latitude": 32.60101, "longitude": -86.68073}], "totalRecordsCount": 1771}