{"plays": [{"playDate": "2018-04-14T00:00:00.000+0000", "artistId": 552, "songId": 6126504, "state": "TX", "style": "ROCK", "latitude": 31.169336, "longitude": -100.07684}, {"playDate": "2018-04-14T00:00:07.000+0000", "artistId": 552, "songId": 16103702, "state": "SC", "style": "ROCK", "latitude": 33.62505, "longitude": -80.94704}, {"playDate": "2018-04-14T00:00:09.000+0000", "artistId": 552, "songId": 6126504, "state": "TX", "style": "ROCK", "latitude": 31.169336, "longitude": -100.07684}, {"playDate": "2018-04-14T00:00:13.000+0000", "artistId": 552, "songId": 6126509, "state": "MN", "style": "ROCK", "latitude": 46.44186, "longitude": -93.36552}, {"playDate": "2018-04-14T00:00:13.000+0000", "artistId": 552, "songId": 6126509, "state": "MN", "style": "ROCK", "latitude": 46.44186, "longitude": -93.36552}, {"playDate": "2018-04-14T00:00:29.000+0000", "artistId": 552, "songId": 6126506, "state": "AR", "style": "ROCK", "latitude": 34.751926, "longitude": -92.13138}, {"playDate": "2018-04-14T00:02:09.000+0000", "artistId": 552, "songId": 6126505, "state": "MA", "style": "ROCK", "latitude": 42.06294, "longitude": -71.71806}, {"playDate": "2018-04-14T00:02:23.000+0000", "artistId": 552, "songId": 6126515, "state": "IL", "style": "ROCK", "latitude": 39.73932, "longitude": -89.50414}, {"playDate": "2018-04-14T00:02:30.000+0000", "artistId": 552, "songId": 16103701, "state": "NJ", "style": "ROCK", "latitude": 40.143005, "longitude": -74.73112}, {"playDate": "2018-04-14T00:02:35.000+0000", "artistId": 552, "songId": 6126517, "state": "CA", "style": "ROCK", "latitude": 37.271873, "longitude": -119.27042}, {"playDate": "2018-04-14T00:02:40.000+0000", "artistId": 552, "songId": 6126506, "state": "ND", "style": "ROCK", "latitude": 47.46788, "longitude": -100.30227}, {"playDate": "2018-04-14T00:03:02.000+0000", "artistId": 552, "songId": 6126503, "state": "MN", "style": "ROCK", "latitude": 46.44186, "longitude": -93.36552}, {"playDate": "2018-04-14T00:03:02.000+0000", "artistId": 552, "songId": 6126503, "state": "MN", "style": "ROCK", "latitude": 46.44186, "longitude": -93.36552}, {"playDate": "2018-04-14T00:03:09.000+0000", "artistId": 552, "songId": 16103701, "state": "MA", "style": "ROCK", "latitude": 42.06294, "longitude": -71.71806}, {"playDate": "2018-04-14T00:03:21.000+0000", "artistId": 552, "songId": 6126506, "state": "NY", "style": "ROCK", "latitude": 40.705627, "longitude": -73.97968}, {"playDate": "2018-04-14T00:04:40.000+0000", "artistId": 552, "songId": 6126505, "state": "WA", "style": "ROCK", "latitude": 38.89935, "longitude": -77.014565}, {"playDate": "2018-04-14T00:04:48.000+0000", "artistId": 552, "songId": 16106511, "state": "SK", "style": "ROCK", "latitude": 50.93331, "longitude": -102.79999}, {"playDate": "2018-04-14T00:06:11.000+0000", "artistId": 552, "songId": 6126517, "state": "ID", "style": "ROCK", "latitude": 45.494576, "longitude": -114.14243}, {"playDate": "2018-04-14T00:06:24.000+0000", "artistId": 552, "songId": 6126515, "state": "MN", "style": "ROCK", "latitude": 46.44186, "longitude": -93.36552}, {"playDate": "2018-04-14T00:06:31.000+0000", "artistId": 552, "songId": 16106511, "state": "WI", "style": "ROCK", "latitude": 44.786297, "longitude": -89.826706}], "totalRecordsCount": 2445}