{"plays": [{"playDate": "2018-04-18T00:00:00.000+0000", "artistId": 552, "songId": 6126506, "state": "IL", "style": "ROCK", "latitude": 39.73932, "longitude": -89.50414}, {"playDate": "2018-04-18T00:00:59.000+0000", "artistId": 552, "songId": 6126506, "state": "AB", "style": "ROCK", "latitude": 53.016697, "longitude": -112.816635}, {"playDate": "2018-04-18T00:01:51.000+0000", "artistId": 552, "songId": 16106511, "state": "PA", "style": "ROCK", "latitude": 40.994595, "longitude": -77.6047}, {"playDate": "2018-04-18T00:02:23.000+0000", "artistId": 552, "songId": 6126506, "state": "SC", "style": "ROCK", "latitude": 33.62505, "longitude": -80.94704}, {"playDate": "2018-04-18T00:02:28.000+0000", "artistId": 552, "songId": 6126506, "state": "PA", "style": "ROCK", "latitude": 40.994595, "longitude": -77.6047}, {"playDate": "2018-04-18T00:03:06.000+0000", "artistId": 552, "songId": 6126504, "state": "MI", "style": "ROCK", "latitude": 44.94356, "longitude": -86.4158}, {"playDate": "2018-04-18T00:03:08.000+0000", "artistId": 552, "songId": 16103701, "state": "MO", "style": "ROCK", "latitude": 38.30466, "longitude": -92.437096}, {"playDate": "2018-04-18T00:03:35.000+0000", "artistId": 552, "songId": 6126506, "state": "OH", "style": "ROCK", "latitude": 40.19036, "longitude": -82.66925}, {"playDate": "2018-04-18T00:04:06.000+0000", "artistId": 552, "songId": 16106511, "state": "NJ", "style": "ROCK", "latitude": 40.143005, "longitude": -74.73112}, {"playDate": "2018-04-18T00:04:13.000+0000", "artistId": 552, "songId": 78950416, "state": "GA", "style": "ROCK", "latitude": 32.678123, "longitude": -83.22298}, {"playDate": "2018-04-18T00:04:16.000+0000", "artistId": 552, "songId": 6126517, "state": "MI", "style": "ROCK", "latitude": 44.94356, "longitude": -86.4158}, {"playDate": "2018-04-18T00:04:40.000+0000", "artistId": 552, "songId": 6126503, "state": "ND", "style": "ROCK", "latitude": 47.46788, "longitude": -100.30227}, {"playDate": "2018-04-18T00:05:39.000+0000", "artistId": 552, "songId": 16106303, "state": "QC", "style": "ROCK", "latitude": 49.82258, "longitude": -64.34799}, {"playDate": "2018-04-18T00:09:15.000+0000", "artistId": 552, "songId": 16106511, "state": "NV", "style": "ROCK", "latitude": 38.502033, "longitude": -117.02306}, {"playDate": "2018-04-18T00:09:28.000+0000", "artistId": 552, "songId": 6126505, "state": "MN", "style": "ROCK", "latitude": 46.44186, "longitude": -93.36552}, {"playDate": "2018-04-18T00:09:52.000+0000", "artistId": 552, "songId": 6126506, "state": "IL", "style": "ROCK", "latitude": 39.73932, "longitude": -89.50414}, {"playDate": "2018-04-18T00:11:03.000+0000", "artistId": 552, "songId": 6126506, "state": "IL", "style": "ROCK", "latitude": 39.73932, "longitude": -89.50414}, {"playDate": "2018-04-18T00:13:05.000+0000", "artistId": 552, "songId": 6126504, "state": "IL", "style": "ROCK", "latitude": 39.73932, "longitude": -89.50414}, {"playDate": "2018-04-18T00:17:50.000+0000", "artistId": 552, "songId": 6126506, "state": "ID", "style": "ROCK", "latitude": 45.494576, "longitude": -114.14243}, {"playDate": "2018-04-18T00:17:54.000+0000", "artistId": 552, "songId": 6126506, "state": "ON", "style": "ROCK", "latitude": 44.566647, "longitude": -80.84998}], "totalRecordsCount": 1638}