{"plays": [{"playDate": "2018-04-04T00:00:04.000+0000", "artistId": 552, "songId": 6126506, "state": "MN", "style": "ROCK", "latitude": 46.44186, "longitude": -93.36552}, {"playDate": "2018-04-04T00:00:27.000+0000", "artistId": 552, "songId": 6126506, "state": "WV", "style": "ROCK", "latitude": 38.92017, "longitude": -80.181694}, {"playDate": "2018-04-04T00:01:15.000+0000", "artistId": 552, "songId": 16123301, "state": "CA", "style": "ROCK", "latitude": 37.271873, "longitude": -119.27042}, {"playDate": "2018-04-04T00:01:52.000+0000", "artistId": 552, "songId": 6126506, "state": "CA", "style": "ROCK", "latitude": 37.271873, "longitude": -119.27042}, {"playDate": "2018-04-04T00:02:47.000+0000", "artistId": 552, "songId": 6126503, "state": "OR", "style": "ROCK", "latitude": 44.141907, "longitude": -120.5381}, {"playDate": "2018-04-04T00:03:58.000+0000", "artistId": 552, "songId": 6126505, "state": "CA", "style": "ROCK", "latitude": 37.271873, "longitude": -119.27042}, {"playDate": "2018-04-04T00:04:05.000+0000", "artistId": 552, "songId": 6126517, "state": "QC", "style": "ROCK", "latitude": 49.82258, "longitude": -64.34799}, {"playDate": "2018-04-04T00:04:11.000+0000", "artistId": 552, "songId": 56181309, "state": "CA", "style": "ROCK", "latitude": 37.271873, "longitude": -119.27042}, {"playDate": "2018-04-04T00:04:34.000+0000", "artistId": 552, "songId": 6126506, "state": "CA", "style": "ROCK", "latitude": 37.271873, "longitude": -119.27042}, {"playDate": "2018-04-04T00:04:47.000+0000", "artistId": 552, "songId": 16106307, "state": "IL", "style": "ROCK", "latitude": 39.73932, "longitude": -89.50414}, {"playDate": "2018-04-04T00:05:54.000+0000", "artistId": 552, "songId": 6126506, "state": "IL", "style": "ROCK", "latitude": 39.73932, "longitude": -89.50414}, {"playDate": "2018-04-04T00:05:58.000+0000", "artistId": 552, "songId": 16106511, "state": "CA", "style": "ROCK", "latitude": 37.271873, "longitude": -119.27042}, {"playDate": "2018-04-04T00:06:48.000+0000", "artistId": 552, "songId": 16106511, "state": "MN", "style": "ROCK", "latitude": 46.44186, "longitude": -93.36552}, {"playDate": "2018-04-04T00:07:08.000+0000", "artistId": 552, "songId": 16103703, "state": "CA", "style": "ROCK", "latitude": 37.271873, "longitude": -119.27042}, {"playDate": "2018-04-04T00:08:16.000+0000", "artistId": 552, "songId": 6126509, "state": "PA", "style": "ROCK", "latitude": 40.994595, "longitude": -77.6047}, {"playDate": "2018-04-04T00:08:26.000+0000", "artistId": 552, "songId": 6126517, "state": "TN", "style": "ROCK", "latitude": 35.83052, "longitude": -85.9786}, {"playDate": "2018-04-04T00:09:06.000+0000", "artistId": 552, "songId": 6126506, "state": "OH", "style": "ROCK", "latitude": 40.19036, "longitude": -82.66925}, {"playDate": "2018-04-04T00:09:13.000+0000", "artistId": 552, "songId": 16106401, "state": "NC", "style": "ROCK", "latitude": 35.21456, "longitude": -79.891266}, {"playDate": "2018-04-04T00:09:51.000+0000", "artistId": 552, "songId": 6126501, "state": "MI", "style": "ROCK", "latitude": 44.94356, "longitude": -86.4158}, {"playDate": "2018-04-04T00:10:32.000+0000", "artistId": 552, "songId": 6126505, "state": "NE", "style": "ROCK", "latitude": 41.50082, "longitude": -99.6809}], "totalRecordsCount": 1704}