{"plays": [{"playDate": "2018-04-13T00:00:19.000+0000", "artistId": 552, "songId": 16106511, "state": "KS", "style": "ROCK", "latitude": 38.49878, "longitude": -98.320076}, {"playDate": "2018-04-13T00:01:24.000+0000", "artistId": 552, "songId": 6126508, "state": "MN", "style": "ROCK", "latitude": 46.44186, "longitude": -93.36552}, {"playDate": "2018-04-13T00:01:38.000+0000", "artistId": 552, "songId": 6126506, "state": "SD", "style": "ROCK", "latitude": 44.2127, "longitude": -100.24716}, {"playDate": "2018-04-13T00:02:44.000+0000", "artistId": 552, "songId": 6126515, "state": "KY", "style": "ROCK", "latitude": 37.822292, "longitude": -85.76824}, {"playDate": "2018-04-13T00:02:55.000+0000", "artistId": 552, "songId": 6126506, "state": "IA", "style": "ROCK", "latitude": 41.938316, "longitude": -93.3898}, {"playDate": "2018-04-13T00:03:03.000+0000", "artistId": 552, "songId": 16106401, "state": "MI", "style": "ROCK", "latitude": 44.94356, "longitude": -86.4158}, {"playDate": "2018-04-13T00:03:41.000+0000", "artistId": 552, "songId": 6126506, "state": "ND", "style": "ROCK", "latitude": 47.46788, "longitude": -100.30227}, {"playDate": "2018-04-13T00:04:31.000+0000", "artistId": 552, "songId": 16106202, "state": "IL", "style": "ROCK", "latitude": 39.73932, "longitude": -89.50414}, {"playDate": "2018-04-13T00:04:33.000+0000", "artistId": 552, "songId": 6126506, "state": "MI", "style": "ROCK", "latitude": 44.94356, "longitude": -86.4158}, {"playDate": "2018-04-13T00:05:37.000+0000", "artistId": 552, "songId": 16103702, "state": "PA", "style": "ROCK", "latitude": 40.994595, "longitude": -77.6047}, {"playDate": "2018-04-13T00:06:17.000+0000", "artistId": 552, "songId": 6126506, "state": "ON", "style": "ROCK", "latitude": 44.566647, "longitude": -80.84998}, {"playDate": "2018-04-13T00:06:22.000+0000", "artistId": 552, "songId": 6126506, "state": "TX", "style": "ROCK", "latitude": 31.169336, "longitude": -100.07684}, {"playDate": "2018-04-13T00:07:09.000+0000", "artistId": 552, "songId": 6126505, "state": "FL", "style": "ROCK", "latitude": 27.975727, "longitude": -83.833015}, {"playDate": "2018-04-13T00:07:29.000+0000", "artistId": 552, "songId": 6126501, "state": "LA", "style": "ROCK", "latitude": 30.973377, "longitude": -91.42991}, {"playDate": "2018-04-13T00:07:57.000+0000", "artistId": 552, "songId": 6126517, "state": "FL", "style": "ROCK", "latitude": 27.975727, "longitude": -83.833015}, {"playDate": "2018-04-13T00:08:44.000+0000", "artistId": 552, "songId": 6126506, "state": "KS", "style": "ROCK", "latitude": 38.49878, "longitude": -98.320076}, {"playDate": "2018-04-13T00:12:24.000+0000", "artistId": 552, "songId": 6126506, "state": "MT", "style": "ROCK", "latitude": 46.6798, "longitude": -110.044785}, {"playDate": "2018-04-13T00:12:28.000+0000", "artistId": 552, "songId": 16106511, "state": "NE", "style": "ROCK", "latitude": 41.50082, "longitude": -99.6809}, {"playDate": "2018-04-13T00:14:20.000+0000", "artistId": 552, "songId": 6126515, "state": "IL", "style": "ROCK", "latitude": 39.73932, "longitude": -89.50414}, {"playDate": "2018-04-13T00:15:59.000+0000", "artistId": 552, "songId": 6126517, "state": "WA", "style": "ROCK", "latitude": 38.89935, "longitude": -77.014565}], "totalRecordsCount": 2093}