{"plays": [{"playDate": "2018-04-25T00:00:42.000+0000", "artistId": 552, "songId": 6126503, "state": "WA", "style": "ROCK", "latitude": 38.89935, "longitude": -77.014565}, {"playDate": "2018-04-25T00:01:20.000+0000", "artistId": 552, "songId": 16106511, "state": "SC", "style": "ROCK", "latitude": 33.62505, "longitude": -80.94704}, {"playDate": "2018-04-25T00:01:45.000+0000", "artistId": 552, "songId": 6126517, "state": "IL", "style": "ROCK", "latitude": 39.73932, "longitude": -89.50414}, {"playDate": "2018-04-25T00:02:35.000+0000", "artistId": 552, "songId": 6126517, "state": "TX", "style": "ROCK", "latitude": 31.169336, "longitude": -100.07684}, {"playDate": "2018-04-25T00:02:43.000+0000", "artistId": 552, "songId": 6126517, "state": "TX", "style": "ROCK", "latitude": 31.169336, "longitude": -100.07684}, {"playDate": "2018-04-25T00:03:11.000+0000", "artistId": 552, "songId": 6126506, "state": "NJ", "style": "ROCK", "latitude": 40.143005, "longitude": -74.73112}, {"playDate": "2018-04-25T00:04:39.000+0000", "artistId": 552, "songId": 6126503, "state": "SC", "style": "ROCK", "latitude": 33.62505, "longitude": -80.94704}, {"playDate": "2018-04-25T00:06:09.000+0000", "artistId": 552, "songId": 6126503, "state": "IL", "style": "ROCK", "latitude": 39.73932, "longitude": -89.50414}, {"playDate": "2018-04-25T00:06:17.000+0000", "artistId": 552, "songId": 6126517, "state": "ON", "style": "ROCK", "latitude": 44.566647, "longitude": -80.84998}, {"playDate": "2018-04-25T00:06:26.000+0000", "artistId": 552, "songId": 16201706, "state": "MN", "style": "ROCK", "latitude": 46.44186, "longitude": -93.36552}, {"playDate": "2018-04-25T00:07:02.000+0000", "artistId": 552, "songId": 6126503, "state": "AZ", "style": "ROCK", "latitude": 34.168217, "longitude": -111.93091}, {"playDate": "2018-04-25T00:07:39.000+0000", "artistId": 552, "songId": 16103701, "state": "FL", "style": "ROCK", "latitude": 27.975727, "longitude": -83.833015}, {"playDate": "2018-04-25T00:08:55.000+0000", "artistId": 552, "songId": 6126506, "state": "IL", "style": "ROCK", "latitude": 39.73932, "longitude": -89.50414}, {"playDate": "2018-04-25T00:08:56.000+0000", "artistId": 552, "songId": 6126507, "state": "OK", "style": "ROCK", "latitude": 35.309765, "longitude": -98.71656}, {"playDate": "2018-04-25T00:09:16.000+0000", "artistId": 552, "songId": 6131102, "state": "TX", "style": "ROCK", "latitude": 31.169336, "longitude": -100.07684}, {"playDate": "2018-04-25T00:10:01.000+0000", "artistId": 552, "songId": 16106214, "state": "IL", "style": "ROCK", "latitude": 39.73932, "longitude": -89.50414}, {"playDate": "2018-04-25T00:10:13.000+0000", "artistId": 552, "songId": 6126506, "state": "SC", "style": "ROCK", "latitude": 33.62505, "longitude": -80.94704}, {"playDate": "2018-04-25T00:11:05.000+0000", "artistId": 552, "songId": 16123301, "state": "KY", "style": "ROCK", "latitude": 37.822292, "longitude": -85.76824}, {"playDate": "2018-04-25T00:11:18.000+0000", "artistId": 552, "songId": 6126503, "state": "TX", "style": "ROCK", "latitude": 31.169336, "longitude": -100.07684}, {"playDate": "2018-04-25T00:11:31.000+0000", "artistId": 552, "songId": 56181310, "state": "MN", "style": "ROCK", "latitude": 46.44186, "longitude": -93.36552}], "totalRecordsCount": 1613}