{"plays": [{"playDate": "2018-11-11T00:00:00.000+0000", "artistId": 552, "songId": 16103701, "state": "TN", "style": "ROCK", "latitude": 35.83052, "longitude": -85.9786}, {"playDate": "2018-11-11T00:00:07.000+0000", "artistId": 552, "songId": 6126503, "state": "WI", "style": "ROCK", "latitude": 44.786297, "longitude": -89.826706}, {"playDate": "2018-11-11T00:00:20.000+0000", "artistId": 552, "songId": 6126503, "state": "IL", "style": "ROCK", "latitude": 39.73932, "longitude": -89.50414}, {"playDate": "2018-11-11T00:00:30.000+0000", "artistId": 552, "songId": 6126503, "state": "GA", "style": "ROCK", "latitude": 32.678123, "longitude": -83.22298}, {"playDate": "2018-11-11T00:00:48.000+0000", "artistId": 552, "songId": 56181304, "state": "IL", "style": "ROCK", "latitude": 39.73932, "longitude": -89.50414}, {"playDate": "2018-11-11T00:00:49.000+0000", "artistId": 552, "songId": 16106511, "state": "KY", "style": "ROCK", "latitude": 37.822292, "longitude": -85.76824}, {"playDate": "2018-11-11T00:01:40.000+0000", "artistId": 552, "songId": 6126517, "state": "MN", "style": "ROCK", "latitude": 46.44186, "longitude": -93.36552}, {"playDate": "2018-11-11T00:01:50.000+0000", "artistId": 552, "songId": 6126517, "state": "MI", "style": "ROCK", "latitude": 44.94356, "longitude": -86.4158}, {"playDate": "2018-11-11T00:01:59.000+0000", "artistId": 552, "songId": 39829307, "state": "WI", "style": "ROCK", "latitude": 44.786297, "longitude": -89.826706}, {"playDate": "2018-11-11T00:02:16.000+0000", "artistId": 552, "songId": 6126506, "state": "IN", "style": "ROCK", "latitude": 39.76622, "longitude": -86.44128}, {"playDate": "2018-11-11T00:02:19.000+0000", "artistId": 552, "songId": 16106511, "state": "LA", "style": "ROCK", "latitude": 30.973377, "longitude": -91.42991}, {"playDate": "2018-11-11T00:02:31.000+0000", "artistId": 552, "songId": 6126506, "state": "WI", "style": "ROCK", "latitude": 44.786297, "longitude": -89.826706}, {"playDate": "2018-11-11T00:02:35.000+0000", "artistId": 552, "songId": 16106511, "state": "SD", "style": "ROCK", "latitude": 44.2127, "longitude": -100.24716}, {"playDate": "2018-11-11T00:02:39.000+0000", "artistId": 552, "songId": 35143409, "state": "NY", "style": "ROCK", "latitude": 40.705627, "longitude": -73.97968}, {"playDate": "2018-11-11T00:02:53.000+0000", "artistId": 552, "songId": 16106511, "state": "IL", "style": "ROCK", "latitude": 39.73932, "longitude": -89.50414}, {"playDate": "2018-11-11T00:02:55.000+0000", "artistId": 552, "songId": 16106511, "state": "MA", "style": "ROCK", "latitude": 42.06294, "longitude": -71.71806}, {"playDate": "2018-11-11T00:03:04.000+0000", "artistId": 552, "songId": 39829305, "state": "IN", "style": "ROCK", "latitude": 39.76622, "longitude": -86.44128}, {"playDate": "2018-11-11T00:03:25.000+0000", "artistId": 552, "songId": 6126503, "state": "FL", "style": "ROCK", "latitude": 27.975727, "longitude": -83.833015}, {"playDate": "2018-11-11T00:03:33.000+0000", "artistId": 552, "songId": 6126505, "state": "WI", "style": "ROCK", "latitude": 44.786297, "longitude": -89.826706}, {"playDate": "2018-11-11T00:03:58.000+0000", "artistId": 552, "songId": 6126506, "state": "NC", "style": "ROCK", "latitude": 35.21456, "longitude": -79.891266}], "totalRecordsCount": 3002}