{"plays": [{"playDate": "2018-11-09T00:00:02.000+0000", "artistId": 552, "songId": 78950402, "state": "MO", "style": "ROCK", "latitude": 38.30466, "longitude": -92.437096}, {"playDate": "2018-11-09T00:00:03.000+0000", "artistId": 552, "songId": 6126505, "state": "OH", "style": "ROCK", "latitude": 40.19036, "longitude": -82.66925}, {"playDate": "2018-11-09T00:00:41.000+0000", "artistId": 552, "songId": 6126508, "state": "OH", "style": "ROCK", "latitude": 40.19036, "longitude": -82.66925}, {"playDate": "2018-11-09T00:00:42.000+0000", "artistId": 552, "songId": 16106511, "state": "ND", "style": "ROCK", "latitude": 47.46788, "longitude": -100.30227}, {"playDate": "2018-11-09T00:00:47.000+0000", "artistId": 552, "songId": 16106511, "state": "MI", "style": "ROCK", "latitude": 44.94356, "longitude": -86.4158}, {"playDate": "2018-11-09T00:00:55.000+0000", "artistId": 552, "songId": 16110453, "state": "FL", "style": "ROCK", "latitude": 27.975727, "longitude": -83.833015}, {"playDate": "2018-11-09T00:01:18.000+0000", "artistId": 552, "songId": 16106511, "state": "PA", "style": "ROCK", "latitude": 40.994595, "longitude": -77.6047}, {"playDate": "2018-11-09T00:01:33.000+0000", "artistId": 552, "songId": 6126506, "state": "TX", "style": "ROCK", "latitude": 31.169336, "longitude": -100.07684}, {"playDate": "2018-11-09T00:01:47.000+0000", "artistId": 552, "songId": 6126506, "state": "WA", "style": "ROCK", "latitude": 38.89935, "longitude": -77.014565}, {"playDate": "2018-11-09T00:01:48.000+0000", "artistId": 552, "songId": 6126505, "state": "IA", "style": "ROCK", "latitude": 41.938316, "longitude": -93.3898}, {"playDate": "2018-11-09T00:02:03.000+0000", "artistId": 552, "songId": 6126506, "state": "FL", "style": "ROCK", "latitude": 27.975727, "longitude": -83.833015}, {"playDate": "2018-11-09T00:02:08.000+0000", "artistId": 552, "songId": 16106511, "state": "MA", "style": "ROCK", "latitude": 42.06294, "longitude": -71.71806}, {"playDate": "2018-11-09T00:02:23.000+0000", "artistId": 552, "songId": 16106651, "state": "NC", "style": "ROCK", "latitude": 35.21456, "longitude": -79.891266}, {"playDate": "2018-11-09T00:02:44.000+0000", "artistId": 552, "songId": 6126506, "state": "NY", "style": "ROCK", "latitude": 40.705627, "longitude": -73.97968}, {"playDate": "2018-11-09T00:03:19.000+0000", "artistId": 552, "songId": 16106511, "state": "CA", "style": "ROCK", "latitude": 37.271873, "longitude": -119.27042}, {"playDate": "2018-11-09T00:03:33.000+0000", "artistId": 552, "songId": 16106302, "state": "IL", "style": "ROCK", "latitude": 39.73932, "longitude": -89.50414}, {"playDate": "2018-11-09T00:03:44.000+0000", "artistId": 552, "songId": 56181317, "state": "IL", "style": "ROCK", "latitude": 39.73932, "longitude": -89.50414}, {"playDate": "2018-11-09T00:04:53.000+0000", "artistId": 552, "songId": 6126515, "state": "QC", "style": "ROCK", "latitude": 49.82258, "longitude": -64.34799}, {"playDate": "2018-11-09T00:05:10.000+0000", "artistId": 552, "songId": 16106603, "state": "OH", "style": "ROCK", "latitude": 40.19036, "longitude": -82.66925}, {"playDate": "2018-11-09T00:05:19.000+0000", "artistId": 552, "songId": 6126506, "state": "FL", "style": "ROCK", "latitude": 27.975727, "longitude": -83.833015}], "totalRecordsCount": 3660}