{"plays": [{"playDate": "2018-11-23T00:00:05.000+0000", "artistId": 552, "songId": 16106511, "state": "OR", "style": "ROCK", "latitude": 44.141907, "longitude": -120.5381}, {"playDate": "2018-11-23T00:00:18.000+0000", "artistId": 552, "songId": 6126501, "state": "TN", "style": "ROCK", "latitude": 35.83052, "longitude": -85.9786}, {"playDate": "2018-11-23T00:01:17.000+0000", "artistId": 552, "songId": 16120301, "state": "TX", "style": "ROCK", "latitude": 31.169336, "longitude": -100.07684}, {"playDate": "2018-11-23T00:01:55.000+0000", "artistId": 552, "songId": 6126517, "state": "QC", "style": "ROCK", "latitude": 49.82258, "longitude": -64.34799}, {"playDate": "2018-11-23T00:02:13.000+0000", "artistId": 552, "songId": 6126506, "state": "WI", "style": "ROCK", "latitude": 44.786297, "longitude": -89.826706}, {"playDate": "2018-11-23T00:02:38.000+0000", "artistId": 552, "songId": 6126515, "state": "PA", "style": "ROCK", "latitude": 40.994595, "longitude": -77.6047}, {"playDate": "2018-11-23T00:02:46.000+0000", "artistId": 552, "songId": 6126505, "state": "PA", "style": "ROCK", "latitude": 40.994595, "longitude": -77.6047}, {"playDate": "2018-11-23T00:02:47.000+0000", "artistId": 552, "songId": 6131109, "state": "OH", "style": "ROCK", "latitude": 40.19036, "longitude": -82.66925}, {"playDate": "2018-11-23T00:02:51.000+0000", "artistId": 552, "songId": 39829306, "state": "FL", "style": "ROCK", "latitude": 27.975727, "longitude": -83.833015}, {"playDate": "2018-11-23T00:03:18.000+0000", "artistId": 552, "songId": 6126503, "state": "WA", "style": "ROCK", "latitude": 38.89935, "longitude": -77.014565}, {"playDate": "2018-11-23T00:03:27.000+0000", "artistId": 552, "songId": 6126506, "state": "MN", "style": "ROCK", "latitude": 46.44186, "longitude": -93.36552}, {"playDate": "2018-11-23T00:03:33.000+0000", "artistId": 552, "songId": 6126508, "state": "IL", "style": "ROCK", "latitude": 39.73932, "longitude": -89.50414}, {"playDate": "2018-11-23T00:03:38.000+0000", "artistId": 552, "songId": 6126506, "state": "WY", "style": "ROCK", "latitude": 43.000324, "longitude": -107.554565}, {"playDate": "2018-11-23T00:03:41.000+0000", "artistId": 552, "songId": 16103701, "state": "MA", "style": "ROCK", "latitude": 42.06294, "longitude": -71.71806}, {"playDate": "2018-11-23T00:04:33.000+0000", "artistId": 552, "songId": 78950414, "state": "WI", "style": "ROCK", "latitude": 44.786297, "longitude": -89.826706}, {"playDate": "2018-11-23T00:04:48.000+0000", "artistId": 552, "songId": 6126517, "state": "IL", "style": "ROCK", "latitude": 39.73932, "longitude": -89.50414}, {"playDate": "2018-11-23T00:04:51.000+0000", "artistId": 552, "songId": 16103702, "state": "NY", "style": "ROCK", "latitude": 40.705627, "longitude": -73.97968}, {"playDate": "2018-11-23T00:05:01.000+0000", "artistId": 552, "songId": 16106511, "state": "NC", "style": "ROCK", "latitude": 35.21456, "longitude": -79.891266}, {"playDate": "2018-11-23T00:06:00.000+0000", "artistId": 552, "songId": 39829302, "state": "FL", "style": "ROCK", "latitude": 27.975727, "longitude": -83.833015}, {"playDate": "2018-11-23T00:06:28.000+0000", "artistId": 552, "songId": 6126515, "state": "MN", "style": "ROCK", "latitude": 46.44186, "longitude": -93.36552}], "totalRecordsCount": 3567}