{"plays": [{"playDate": "2018-11-28T00:00:00.000+0000", "artistId": 552, "songId": 6126506, "state": "UT", "style": "ROCK", "latitude": 39.49976, "longitude": -111.54703}, {"playDate": "2018-11-28T00:00:13.000+0000", "artistId": 552, "songId": 6126505, "state": "MN", "style": "ROCK", "latitude": 46.44186, "longitude": -93.36552}, {"playDate": "2018-11-28T00:00:41.000+0000", "artistId": 552, "songId": 16106511, "state": "NC", "style": "ROCK", "latitude": 35.21456, "longitude": -79.891266}, {"playDate": "2018-11-28T00:01:03.000+0000", "artistId": 552, "songId": 6126508, "state": "AB", "style": "ROCK", "latitude": 53.016697, "longitude": -112.816635}, {"playDate": "2018-11-28T00:01:08.000+0000", "artistId": 552, "songId": 6126505, "state": "NY", "style": "ROCK", "latitude": 40.705627, "longitude": -73.97968}, {"playDate": "2018-11-28T00:02:45.000+0000", "artistId": 552, "songId": 6131109, "state": "MN", "style": "ROCK", "latitude": 46.44186, "longitude": -93.36552}, {"playDate": "2018-11-28T00:03:22.000+0000", "artistId": 552, "songId": 39829302, "state": "GA", "style": "ROCK", "latitude": 32.678123, "longitude": -83.22298}, {"playDate": "2018-11-28T00:03:23.000+0000", "artistId": 552, "songId": 6126505, "state": "WA", "style": "ROCK", "latitude": 38.89935, "longitude": -77.014565}, {"playDate": "2018-11-28T00:03:47.000+0000", "artistId": 552, "songId": 6126506, "state": "AZ", "style": "ROCK", "latitude": 34.168217, "longitude": -111.93091}, {"playDate": "2018-11-28T00:04:38.000+0000", "artistId": 552, "songId": 6126505, "state": "NY", "style": "ROCK", "latitude": 40.705627, "longitude": -73.97968}, {"playDate": "2018-11-28T00:04:57.000+0000", "artistId": 552, "songId": 6126503, "state": "CA", "style": "ROCK", "latitude": 37.271873, "longitude": -119.27042}, {"playDate": "2018-11-28T00:05:08.000+0000", "artistId": 552, "songId": 6126506, "state": "MN", "style": "ROCK", "latitude": 46.44186, "longitude": -93.36552}, {"playDate": "2018-11-28T00:07:58.000+0000", "artistId": 552, "songId": 6126506, "state": "TX", "style": "ROCK", "latitude": 31.169336, "longitude": -100.07684}, {"playDate": "2018-11-28T00:08:07.000+0000", "artistId": 552, "songId": 6126517, "state": "TX", "style": "ROCK", "latitude": 31.169336, "longitude": -100.07684}, {"playDate": "2018-11-28T00:08:40.000+0000", "artistId": 552, "songId": 6126506, "state": "MN", "style": "ROCK", "latitude": 46.44186, "longitude": -93.36552}, {"playDate": "2018-11-28T00:08:40.000+0000", "artistId": 552, "songId": 6126506, "state": "MN", "style": "ROCK", "latitude": 46.44186, "longitude": -93.36552}, {"playDate": "2018-11-28T00:08:46.000+0000", "artistId": 552, "songId": 16106511, "state": "WA", "style": "ROCK", "latitude": 38.89935, "longitude": -77.014565}, {"playDate": "2018-11-28T00:09:17.000+0000", "artistId": 552, "songId": 6126517, "state": "MI", "style": "ROCK", "latitude": 44.94356, "longitude": -86.4158}, {"playDate": "2018-11-28T00:09:17.000+0000", "artistId": 552, "songId": 6126517, "state": "MI", "style": "ROCK", "latitude": 44.94356, "longitude": -86.4158}, {"playDate": "2018-11-28T00:09:34.000+0000", "artistId": 552, "songId": 16106511, "state": "CA", "style": "ROCK", "latitude": 37.271873, "longitude": -119.27042}], "totalRecordsCount": 2467}