{"plays": [{"playDate": "2018-11-12T00:00:21.000+0000", "artistId": 552, "songId": 6126517, "state": "CA", "style": "ROCK", "latitude": 37.271873, "longitude": -119.27042}, {"playDate": "2018-11-12T00:01:05.000+0000", "artistId": 552, "songId": 6126506, "state": "ME", "style": "ROCK", "latitude": 45.218513, "longitude": -69.01486}, {"playDate": "2018-11-12T00:01:35.000+0000", "artistId": 552, "songId": 78950403, "state": "MI", "style": "ROCK", "latitude": 44.94356, "longitude": -86.4158}, {"playDate": "2018-11-12T00:01:45.000+0000", "artistId": 552, "songId": 39829308, "state": "OR", "style": "ROCK", "latitude": 44.141907, "longitude": -120.5381}, {"playDate": "2018-11-12T00:02:04.000+0000", "artistId": 552, "songId": 6126517, "state": "KY", "style": "ROCK", "latitude": 37.822292, "longitude": -85.76824}, {"playDate": "2018-11-12T00:02:28.000+0000", "artistId": 552, "songId": 16106212, "state": "CT", "style": "ROCK", "latitude": 41.518784, "longitude": -72.75751}, {"playDate": "2018-11-12T00:02:33.000+0000", "artistId": 552, "songId": 6126504, "state": "CO", "style": "ROCK", "latitude": 38.997932, "longitude": -105.55057}, {"playDate": "2018-11-12T00:03:10.000+0000", "artistId": 552, "songId": 6126505, "state": "TX", "style": "ROCK", "latitude": 31.169336, "longitude": -100.07684}, {"playDate": "2018-11-12T00:03:44.000+0000", "artistId": 552, "songId": 6126505, "state": "WI", "style": "ROCK", "latitude": 44.786297, "longitude": -89.826706}, {"playDate": "2018-11-12T00:04:03.000+0000", "artistId": 552, "songId": 6131109, "state": "MN", "style": "ROCK", "latitude": 46.44186, "longitude": -93.36552}, {"playDate": "2018-11-12T00:04:23.000+0000", "artistId": 552, "songId": 6126501, "state": "ON", "style": "ROCK", "latitude": 44.566647, "longitude": -80.84998}, {"playDate": "2018-11-12T00:04:29.000+0000", "artistId": 552, "songId": 16123306, "state": "LA", "style": "ROCK", "latitude": 30.973377, "longitude": -91.42991}, {"playDate": "2018-11-12T00:05:54.000+0000", "artistId": 552, "songId": 16103702, "state": "FL", "style": "ROCK", "latitude": 27.975727, "longitude": -83.833015}, {"playDate": "2018-11-12T00:05:56.000+0000", "artistId": 552, "songId": 39829312, "state": "ND", "style": "ROCK", "latitude": 47.46788, "longitude": -100.30227}, {"playDate": "2018-11-12T00:05:56.000+0000", "artistId": 552, "songId": 39829312, "state": "ND", "style": "ROCK", "latitude": 47.46788, "longitude": -100.30227}, {"playDate": "2018-11-12T00:05:56.000+0000", "artistId": 552, "songId": 39829312, "state": "ND", "style": "ROCK", "latitude": 47.46788, "longitude": -100.30227}, {"playDate": "2018-11-12T00:06:08.000+0000", "artistId": 552, "songId": 6126506, "state": "SC", "style": "ROCK", "latitude": 33.62505, "longitude": -80.94704}, {"playDate": "2018-11-12T00:06:12.000+0000", "artistId": 552, "songId": 6126506, "state": "PA", "style": "ROCK", "latitude": 40.994595, "longitude": -77.6047}, {"playDate": "2018-11-12T00:06:18.000+0000", "artistId": 552, "songId": 16106511, "state": "NV", "style": "ROCK", "latitude": 38.502033, "longitude": -117.02306}, {"playDate": "2018-11-12T00:06:24.000+0000", "artistId": 552, "songId": 6126517, "state": "NE", "style": "ROCK", "latitude": 41.50082, "longitude": -99.6809}], "totalRecordsCount": 2451}