{"plays": [{"playDate": "2018-11-14T00:00:19.000+0000", "artistId": 552, "songId": 16106511, "state": "ND", "style": "ROCK", "latitude": 47.46788, "longitude": -100.30227}, {"playDate": "2018-11-14T00:00:56.000+0000", "artistId": 552, "songId": 16106511, "state": "MO", "style": "ROCK", "latitude": 38.30466, "longitude": -92.437096}, {"playDate": "2018-11-14T00:01:01.000+0000", "artistId": 552, "songId": 39829306, "state": "IL", "style": "ROCK", "latitude": 39.73932, "longitude": -89.50414}, {"playDate": "2018-11-14T00:01:03.000+0000", "artistId": 552, "songId": 6126515, "state": "ND", "style": "ROCK", "latitude": 47.46788, "longitude": -100.30227}, {"playDate": "2018-11-14T00:01:15.000+0000", "artistId": 552, "songId": 39829305, "state": "SD", "style": "ROCK", "latitude": 44.2127, "longitude": -100.24716}, {"playDate": "2018-11-14T00:01:25.000+0000", "artistId": 552, "songId": 16103701, "state": "OK", "style": "ROCK", "latitude": 35.309765, "longitude": -98.71656}, {"playDate": "2018-11-14T00:01:45.000+0000", "artistId": 552, "songId": 6126501, "state": "OH", "style": "ROCK", "latitude": 40.19036, "longitude": -82.66925}, {"playDate": "2018-11-14T00:01:48.000+0000", "artistId": 552, "songId": 16106511, "state": "WI", "style": "ROCK", "latitude": 44.786297, "longitude": -89.826706}, {"playDate": "2018-11-14T00:02:07.000+0000", "artistId": 552, "songId": 16103608, "state": "WA", "style": "ROCK", "latitude": 38.89935, "longitude": -77.014565}, {"playDate": "2018-11-14T00:02:20.000+0000", "artistId": 552, "songId": 6126517, "state": "IL", "style": "ROCK", "latitude": 39.73932, "longitude": -89.50414}, {"playDate": "2018-11-14T00:02:50.000+0000", "artistId": 552, "songId": 16123306, "state": "NY", "style": "ROCK", "latitude": 40.705627, "longitude": -73.97968}, {"playDate": "2018-11-14T00:03:02.000+0000", "artistId": 552, "songId": 16103512, "state": "TX", "style": "ROCK", "latitude": 31.169336, "longitude": -100.07684}, {"playDate": "2018-11-14T00:03:03.000+0000", "artistId": 552, "songId": 6126503, "state": "PA", "style": "ROCK", "latitude": 40.994595, "longitude": -77.6047}, {"playDate": "2018-11-14T00:03:16.000+0000", "artistId": 552, "songId": 6126501, "state": "CA", "style": "ROCK", "latitude": 37.271873, "longitude": -119.27042}, {"playDate": "2018-11-14T00:03:56.000+0000", "artistId": 552, "songId": 16106511, "state": "NH", "style": "ROCK", "latitude": 44.001232, "longitude": -71.579926}, {"playDate": "2018-11-14T00:04:32.000+0000", "artistId": 552, "songId": 16103701, "state": "CA", "style": "ROCK", "latitude": 37.271873, "longitude": -119.27042}, {"playDate": "2018-11-14T00:04:32.000+0000", "artistId": 552, "songId": 16103701, "state": "CA", "style": "ROCK", "latitude": 37.271873, "longitude": -119.27042}, {"playDate": "2018-11-14T00:04:55.000+0000", "artistId": 552, "songId": 6126506, "state": "MA", "style": "ROCK", "latitude": 42.06294, "longitude": -71.71806}, {"playDate": "2018-11-14T00:05:13.000+0000", "artistId": 552, "songId": 6126509, "state": "MI", "style": "ROCK", "latitude": 44.94356, "longitude": -86.4158}, {"playDate": "2018-11-14T00:05:46.000+0000", "artistId": 552, "songId": 6126505, "state": "CA", "style": "ROCK", "latitude": 37.271873, "longitude": -119.27042}], "totalRecordsCount": 2655}