{"plays": [{"playDate": "2018-11-02T00:00:25.000+0000", "artistId": 552, "songId": 6126501, "state": "NV", "style": "ROCK", "latitude": 38.502033, "longitude": -117.02306}, {"playDate": "2018-11-02T00:00:31.000+0000", "artistId": 552, "songId": 16106511, "state": "NJ", "style": "ROCK", "latitude": 40.143005, "longitude": -74.73112}, {"playDate": "2018-11-02T00:00:55.000+0000", "artistId": 552, "songId": 16106511, "state": "ND", "style": "ROCK", "latitude": 47.46788, "longitude": -100.30227}, {"playDate": "2018-11-02T00:01:06.000+0000", "artistId": 552, "songId": 16106511, "state": "IL", "style": "ROCK", "latitude": 39.73932, "longitude": -89.50414}, {"playDate": "2018-11-02T00:01:22.000+0000", "artistId": 552, "songId": 6126517, "state": "NJ", "style": "ROCK", "latitude": 40.143005, "longitude": -74.73112}, {"playDate": "2018-11-02T00:01:49.000+0000", "artistId": 552, "songId": 16106511, "state": "OH", "style": "ROCK", "latitude": 40.19036, "longitude": -82.66925}, {"playDate": "2018-11-02T00:01:53.000+0000", "artistId": 552, "songId": 6126504, "state": "IN", "style": "ROCK", "latitude": 39.76622, "longitude": -86.44128}, {"playDate": "2018-11-02T00:02:06.000+0000", "artistId": 552, "songId": 6126505, "state": "MN", "style": "ROCK", "latitude": 46.44186, "longitude": -93.36552}, {"playDate": "2018-11-02T00:02:12.000+0000", "artistId": 552, "songId": 6126508, "state": "IA", "style": "ROCK", "latitude": 41.938316, "longitude": -93.3898}, {"playDate": "2018-11-02T00:02:17.000+0000", "artistId": 552, "songId": 16103702, "state": "MA", "style": "ROCK", "latitude": 42.06294, "longitude": -71.71806}, {"playDate": "2018-11-02T00:02:20.000+0000", "artistId": 552, "songId": 6126517, "state": "WV", "style": "ROCK", "latitude": 38.92017, "longitude": -80.181694}, {"playDate": "2018-11-02T00:02:36.000+0000", "artistId": 552, "songId": 6126508, "state": "OK", "style": "ROCK", "latitude": 35.309765, "longitude": -98.71656}, {"playDate": "2018-11-02T00:03:45.000+0000", "artistId": 552, "songId": 6126517, "state": "WI", "style": "ROCK", "latitude": 44.786297, "longitude": -89.826706}, {"playDate": "2018-11-02T00:04:00.000+0000", "artistId": 552, "songId": 6126508, "state": "TX", "style": "ROCK", "latitude": 31.169336, "longitude": -100.07684}, {"playDate": "2018-11-02T00:04:09.000+0000", "artistId": 552, "songId": 56181309, "state": "IN", "style": "ROCK", "latitude": 39.76622, "longitude": -86.44128}, {"playDate": "2018-11-02T00:04:19.000+0000", "artistId": 552, "songId": 6126504, "state": "MA", "style": "ROCK", "latitude": 42.06294, "longitude": -71.71806}, {"playDate": "2018-11-02T00:04:26.000+0000", "artistId": 552, "songId": 16106511, "state": "NJ", "style": "ROCK", "latitude": 40.143005, "longitude": -74.73112}, {"playDate": "2018-11-02T00:04:47.000+0000", "artistId": 552, "songId": 6126503, "state": "NV", "style": "ROCK", "latitude": 38.502033, "longitude": -117.02306}, {"playDate": "2018-11-02T00:05:26.000+0000", "artistId": 552, "songId": 6126506, "state": "MT", "style": "ROCK", "latitude": 46.6798, "longitude": -110.044785}, {"playDate": "2018-11-02T00:05:27.000+0000", "artistId": 552, "songId": 16106511, "state": "OH", "style": "ROCK", "latitude": 40.19036, "longitude": -82.66925}], "totalRecordsCount": 3671}