{"plays": [{"playDate": "2018-04-05T00:06:24.000+0000", "artistId": 123079, "songId": 15154401, "state": "KS", "style": "ELECTRO - DANCE", "latitude": 38.49878, "longitude": -98.320076}, {"playDate": "2018-04-05T00:17:45.000+0000", "artistId": 123079, "songId": 89141302, "state": "KS", "style": "ELECTRO - DANCE", "latitude": 38.49878, "longitude": -98.320076}, {"playDate": "2018-04-05T00:26:01.000+0000", "artistId": 123079, "songId": 74827606, "state": "NC", "style": "ELECTRO - DANCE", "latitude": 35.21456, "longitude": -79.891266}, {"playDate": "2018-04-05T00:31:54.000+0000", "artistId": 123079, "songId": 80694401, "state": "MT", "style": "ELECTRO - DANCE", "latitude": 46.6798, "longitude": -110.044785}, {"playDate": "2018-04-05T00:32:28.000+0000", "artistId": 123079, "songId": 74827606, "state": "MS", "style": "ELECTRO - DANCE", "latitude": 32.585106, "longitude": -89.87722}, {"playDate": "2018-04-05T00:33:03.000+0000", "artistId": 123079, "songId": 52789501, "state": "TX", "style": "ELECTRO - DANCE", "latitude": 31.169336, "longitude": -100.07684}, {"playDate": "2018-04-05T00:33:36.000+0000", "artistId": 123079, "songId": 80694403, "state": "CT", "style": "ELECTRO - DANCE", "latitude": 41.518784, "longitude": -72.75751}, {"playDate": "2018-04-05T00:34:52.000+0000", "artistId": 123079, "songId": 74827606, "state": "VA", "style": "ELECTRO - DANCE", "latitude": 38.003384, "longitude": -79.458786}, {"playDate": "2018-04-05T00:36:56.000+0000", "artistId": 123079, "songId": 89141302, "state": "CA", "style": "ELECTRO - DANCE", "latitude": 37.271873, "longitude": -119.27042}, {"playDate": "2018-04-05T00:37:58.000+0000", "artistId": 123079, "songId": 80694403, "state": "TX", "style": "ELECTRO - DANCE", "latitude": 31.169336, "longitude": -100.07684}, {"playDate": "2018-04-05T00:39:48.000+0000", "artistId": 123079, "songId": 80694402, "state": "IL", "style": "ELECTRO - DANCE", "latitude": 39.73932, "longitude": -89.50414}, {"playDate": "2018-04-05T00:52:59.000+0000", "artistId": 123079, "songId": 80694401, "state": "TX", "style": "ELECTRO - DANCE", "latitude": 31.169336, "longitude": -100.07684}, {"playDate": "2018-04-05T00:53:23.000+0000", "artistId": 123079, "songId": 38151401, "state": "MD", "style": "ELECTRO - DANCE", "latitude": 38.80635, "longitude": -77.26842}, {"playDate": "2018-04-05T00:53:26.000+0000", "artistId": 123079, "songId": 80694403, "state": "QC", "style": "ELECTRO - DANCE", "latitude": 49.82258, "longitude": -64.34799}, {"playDate": "2018-04-05T01:00:11.000+0000", "artistId": 123079, "songId": 37778501, "state": "MD", "style": "ELECTRO - DANCE", "latitude": 38.80635, "longitude": -77.26842}, {"playDate": "2018-04-05T01:00:28.000+0000", "artistId": 123079, "songId": 80694404, "state": "KY", "style": "ELECTRO - DANCE", "latitude": 37.822292, "longitude": -85.76824}, {"playDate": "2018-04-05T01:04:13.000+0000", "artistId": 123079, "songId": 27933703, "state": "AK", "style": "ELECTRO - DANCE", "latitude": 61.3025, "longitude": -158.77502}, {"playDate": "2018-04-05T01:20:32.000+0000", "artistId": 123079, "songId": 15154404, "state": "CO", "style": "ELECTRO - DANCE", "latitude": 38.997932, "longitude": -105.55057}, {"playDate": "2018-04-05T01:22:05.000+0000", "artistId": 123079, "songId": 15154401, "state": "FL", "style": "ELECTRO - DANCE", "latitude": 27.975727, "longitude": -83.833015}, {"playDate": "2018-04-05T01:22:30.000+0000", "artistId": 123079, "songId": 80694403, "state": "CA", "style": "ELECTRO - DANCE", "latitude": 37.271873, "longitude": -119.27042}, {"playDate": "2018-04-05T01:23:53.000+0000", "artistId": 123079, "songId": 89141302, "state": "TN", "style": "ELECTRO - DANCE", "latitude": 35.83052, "longitude": -85.9786}, {"playDate": "2018-04-05T01:27:46.000+0000", "artistId": 123079, "songId": 37347101, "state": "DC", "style": "ELECTRO - DANCE", "latitude": 38.89935, "longitude": -77.014565}, {"playDate": "2018-04-05T01:34:12.000+0000", "artistId": 123079, "songId": 80694401, "state": "KY", "style": "ELECTRO - DANCE", "latitude": 37.822292, "longitude": -85.76824}, {"playDate": "2018-04-05T01:44:48.000+0000", "artistId": 123079, "songId": 89141302, "state": "KS", "style": "ELECTRO - DANCE", "latitude": 38.49878, "longitude": -98.320076}, {"playDate": "2018-04-05T01:48:12.000+0000", "artistId": 123079, "songId": 15154401, "state": "TX", "style": "ELECTRO - DANCE", "latitude": 31.169336, "longitude": -100.07684}, {"playDate": "2018-04-05T01:50:59.000+0000", "artistId": 123079, "songId": 80694402, "state": "NV", "style": "ELECTRO - DANCE", "latitude": 38.502033, "longitude": -117.02306}, {"playDate": "2018-04-05T01:51:33.000+0000", "artistId": 123079, "songId": 80694402, "state": "WI", "style": "ELECTRO - DANCE", "latitude": 44.786297, "longitude": -89.826706}, {"playDate": "2018-04-05T02:03:03.000+0000", "artistId": 123079, "songId": 80694402, "state": "PA", "style": "ELECTRO - DANCE", "latitude": 40.994595, "longitude": -77.6047}, {"playDate": "2018-04-05T02:03:47.000+0000", "artistId": 123079, "songId": 74827606, "state": "TN", "style": "ELECTRO - DANCE", "latitude": 35.83052, "longitude": -85.9786}, {"playDate": "2018-04-05T02:06:03.000+0000", "artistId": 123079, "songId": 80694404, "state": "WA", "style": "ELECTRO - DANCE", "latitude": 38.89935, "longitude": -77.014565}, {"playDate": "2018-04-05T02:09:12.000+0000", "artistId": 123079, "songId": 74827606, "state": "TX", "style": "ELECTRO - DANCE", "latitude": 31.169336, "longitude": -100.07684}, {"playDate": "2018-04-05T02:19:04.000+0000", "artistId": 123079, "songId": 89141302, "state": "FL", "style": "ELECTRO - DANCE", "latitude": 27.975727, "longitude": -83.833015}, {"playDate": "2018-04-05T02:25:36.000+0000", "artistId": 123079, "songId": 80694401, "state": "TN", "style": "ELECTRO - DANCE", "latitude": 35.83052, "longitude": -85.9786}, {"playDate": "2018-04-05T02:35:25.000+0000", "artistId": 123079, "songId": 80694402, "state": "VA", "style": "ELECTRO - DANCE", "latitude": 38.003384, "longitude": -79.458786}, {"playDate": "2018-04-05T02:50:04.000+0000", "artistId": 123079, "songId": 80694401, "state": "ID", "style": "ELECTRO - DANCE", "latitude": 45.494576, "longitude": -114.14243}, {"playDate": "2018-04-05T03:01:21.000+0000", "artistId": 123079, "songId": 89141302, "state": "WI", "style": "ELECTRO - DANCE", "latitude": 44.786297, "longitude": -89.826706}, {"playDate": "2018-04-05T03:09:46.000+0000", "artistId": 123079, "songId": 80694404, "state": "PA", "style": "ELECTRO - DANCE", "latitude": 40.994595, "longitude": -77.6047}, {"playDate": "2018-04-05T03:11:29.000+0000", "artistId": 123079, "songId": 37039301, "state": "QC", "style": "ELECTRO - DANCE", "latitude": 49.82258, "longitude": -64.34799}, {"playDate": "2018-04-05T03:15:10.000+0000", "artistId": 123079, "songId": 15154401, "state": "SC", "style": "ELECTRO - DANCE", "latitude": 33.62505, "longitude": -80.94704}, {"playDate": "2018-04-05T03:16:45.000+0000", "artistId": 123079, "songId": 74827606, "state": "OH", "style": "ELECTRO - DANCE", "latitude": 40.19036, "longitude": -82.66925}, {"playDate": "2018-04-05T03:19:21.000+0000", "artistId": 123079, "songId": 15154401, "state": "TN", "style": "ELECTRO - DANCE", "latitude": 35.83052, "longitude": -85.9786}, {"playDate": "2018-04-05T03:23:09.000+0000", "artistId": 123079, "songId": 80694401, "state": "AZ", "style": "ELECTRO - DANCE", "latitude": 34.168217, "longitude": -111.93091}, {"playDate": "2018-04-05T03:33:36.000+0000", "artistId": 123079, "songId": 37039301, "state": "NY", "style": "ELECTRO - DANCE", "latitude": 40.705627, "longitude": -73.97968}, {"playDate": "2018-04-05T03:37:48.000+0000", "artistId": 123079, "songId": 78104602, "state": "TX", "style": "ELECTRO - DANCE", "latitude": 31.169336, "longitude": -100.07684}, {"playDate": "2018-04-05T03:41:34.000+0000", "artistId": 123079, "songId": 80694404, "state": "IL", "style": "ELECTRO - DANCE", "latitude": 39.73932, "longitude": -89.50414}, {"playDate": "2018-04-05T04:15:09.000+0000", "artistId": 123079, "songId": 89141302, "state": "NY", "style": "ELECTRO - DANCE", "latitude": 40.705627, "longitude": -73.97968}, {"playDate": "2018-04-05T04:29:29.000+0000", "artistId": 123079, "songId": 80694401, "state": "GA", "style": "ELECTRO - DANCE", "latitude": 32.678123, "longitude": -83.22298}, {"playDate": "2018-04-05T04:30:31.000+0000", "artistId": 123079, "songId": 80694401, "state": "AZ", "style": "ELECTRO - DANCE", "latitude": 34.168217, "longitude": -111.93091}, {"playDate": "2018-04-05T04:38:55.000+0000", "artistId": 123079, "songId": 15154401, "state": "TX", "style": "ELECTRO - DANCE", "latitude": 31.169336, "longitude": -100.07684}, {"playDate": "2018-04-05T04:55:16.000+0000", "artistId": 123079, "songId": 15154401, "state": "GA", "style": "ELECTRO - DANCE", "latitude": 32.678123, "longitude": -83.22298}, {"playDate": "2018-04-05T05:01:53.000+0000", "artistId": 123079, "songId": 15154401, "state": "TN", "style": "ELECTRO - DANCE", "latitude": 35.83052, "longitude": -85.9786}, {"playDate": "2018-04-05T05:08:14.000+0000", "artistId": 123079, "songId": 15154401, "state": "TX", "style": "ELECTRO - DANCE", "latitude": 31.169336, "longitude": -100.07684}, {"playDate": "2018-04-05T05:29:29.000+0000", "artistId": 123079, "songId": 74827606, "state": "FL", "style": "ELECTRO - DANCE", "latitude": 27.975727, "longitude": -83.833015}, {"playDate": "2018-04-05T05:33:24.000+0000", "artistId": 123079, "songId": 80694401, "state": "IA", "style": "ELECTRO - DANCE", "latitude": 41.938316, "longitude": -93.3898}, {"playDate": "2018-04-05T05:37:50.000+0000", "artistId": 123079, "songId": 74827606, "state": "MN", "style": "ELECTRO - DANCE", "latitude": 46.44186, "longitude": -93.36552}, {"playDate": "2018-04-05T05:39:41.000+0000", "artistId": 123079, "songId": 80694402, "state": "WI", "style": "ELECTRO - DANCE", "latitude": 44.786297, "longitude": -89.826706}, {"playDate": "2018-04-05T05:49:12.000+0000", "artistId": 123079, "songId": 80694404, "state": "ON", "style": "ELECTRO - DANCE", "latitude": 44.566647, "longitude": -80.84998}, {"playDate": "2018-04-05T05:51:37.000+0000", "artistId": 123079, "songId": 89141302, "state": "TX", "style": "ELECTRO - DANCE", "latitude": 31.169336, "longitude": -100.07684}, {"playDate": "2018-04-05T05:53:42.000+0000", "artistId": 123079, "songId": 80694402, "state": "TX", "style": "ELECTRO - DANCE", "latitude": 31.169336, "longitude": -100.07684}, {"playDate": "2018-04-05T05:54:02.000+0000", "artistId": 123079, "songId": 80694402, "state": "NV", "style": "ELECTRO - DANCE", "latitude": 38.502033, "longitude": -117.02306}, {"playDate": "2018-04-05T06:03:30.000+0000", "artistId": 123079, "songId": 80694401, "state": "FL", "style": "ELECTRO - DANCE", "latitude": 27.975727, "longitude": -83.833015}, {"playDate": "2018-04-05T06:27:21.000+0000", "artistId": 123079, "songId": 80694403, "state": "CA", "style": "ELECTRO - DANCE", "latitude": 37.271873, "longitude": -119.27042}, {"playDate": "2018-04-05T06:39:59.000+0000", "artistId": 123079, "songId": 80694401, "state": "TN", "style": "ELECTRO - DANCE", "latitude": 35.83052, "longitude": -85.9786}, {"playDate": "2018-04-05T06:40:38.000+0000", "artistId": 123079, "songId": 80694404, "state": "CO", "style": "ELECTRO - DANCE", "latitude": 38.997932, "longitude": -105.55057}, {"playDate": "2018-04-05T06:41:35.000+0000", "artistId": 123079, "songId": 80694404, "state": "CO", "style": "ELECTRO - DANCE", "latitude": 38.997932, "longitude": -105.55057}, {"playDate": "2018-04-05T06:53:23.000+0000", "artistId": 123079, "songId": 80694401, "state": "FL", "style": "ELECTRO - DANCE", "latitude": 27.975727, "longitude": -83.833015}, {"playDate": "2018-04-05T07:12:43.000+0000", "artistId": 123079, "songId": 80694401, "state": "CO", "style": "ELECTRO - DANCE", "latitude": 38.997932, "longitude": -105.55057}, {"playDate": "2018-04-05T07:18:19.000+0000", "artistId": 123079, "songId": 37778501, "state": "TX", "style": "ELECTRO - DANCE", "latitude": 31.169336, "longitude": -100.07684}, {"playDate": "2018-04-05T07:21:30.000+0000", "artistId": 123079, "songId": 80694401, "state": "MA", "style": "ELECTRO - DANCE", "latitude": 42.06294, "longitude": -71.71806}, {"playDate": "2018-04-05T07:22:56.000+0000", "artistId": 123079, "songId": 80694401, "state": "UT", "style": "ELECTRO - DANCE", "latitude": 39.49976, "longitude": -111.54703}, {"playDate": "2018-04-05T07:26:50.000+0000", "artistId": 123079, "songId": 89141302, "state": "WI", "style": "ELECTRO - DANCE", "latitude": 44.786297, "longitude": -89.826706}, {"playDate": "2018-04-05T07:29:26.000+0000", "artistId": 123079, "songId": 80694401, "state": "MO", "style": "ELECTRO - DANCE", "latitude": 38.30466, "longitude": -92.437096}, {"playDate": "2018-04-05T07:30:27.000+0000", "artistId": 123079, "songId": 15154401, "state": "NC", "style": "ELECTRO - DANCE", "latitude": 35.21456, "longitude": -79.891266}, {"playDate": "2018-04-05T07:39:12.000+0000", "artistId": 123079, "songId": 89141302, "state": "VA", "style": "ELECTRO - DANCE", "latitude": 38.003384, "longitude": -79.458786}, {"playDate": "2018-04-05T07:43:24.000+0000", "artistId": 123079, "songId": 80694402, "state": "IL", "style": "ELECTRO - DANCE", "latitude": 39.73932, "longitude": -89.50414}, {"playDate": "2018-04-05T07:44:27.000+0000", "artistId": 123079, "songId": 80694404, "state": "WA", "style": "ELECTRO - DANCE", "latitude": 38.89935, "longitude": -77.014565}, {"playDate": "2018-04-05T07:47:59.000+0000", "artistId": 123079, "songId": 15154401, "state": "FL", "style": "ELECTRO - DANCE", "latitude": 27.975727, "longitude": -83.833015}, {"playDate": "2018-04-05T07:52:01.000+0000", "artistId": 123079, "songId": 15154401, "state": "NV", "style": "ELECTRO - DANCE", "latitude": 38.502033, "longitude": -117.02306}, {"playDate": "2018-04-05T08:06:58.000+0000", "artistId": 123079, "songId": 15154401, "state": "IN", "style": "ELECTRO - DANCE", "latitude": 39.76622, "longitude": -86.44128}, {"playDate": "2018-04-05T08:22:34.000+0000", "artistId": 123079, "songId": 74827606, "state": "NC", "style": "ELECTRO - DANCE", "latitude": 35.21456, "longitude": -79.891266}, {"playDate": "2018-04-05T08:36:19.000+0000", "artistId": 123079, "songId": 15154404, "state": "QC", "style": "ELECTRO - DANCE", "latitude": 49.82258, "longitude": -64.34799}, {"playDate": "2018-04-05T08:48:21.000+0000", "artistId": 123079, "songId": 15154401, "state": "MN", "style": "ELECTRO - DANCE", "latitude": 46.44186, "longitude": -93.36552}, {"playDate": "2018-04-05T09:03:22.000+0000", "artistId": 123079, "songId": 74827606, "state": "VA", "style": "ELECTRO - DANCE", "latitude": 38.003384, "longitude": -79.458786}, {"playDate": "2018-04-05T09:19:23.000+0000", "artistId": 123079, "songId": 80694404, "state": "PA", "style": "ELECTRO - DANCE", "latitude": 40.994595, "longitude": -77.6047}, {"playDate": "2018-04-05T09:40:53.000+0000", "artistId": 123079, "songId": 74827606, "state": "MO", "style": "ELECTRO - DANCE", "latitude": 38.30466, "longitude": -92.437096}, {"playDate": "2018-04-05T09:43:21.000+0000", "artistId": 123079, "songId": 89141302, "state": "FL", "style": "ELECTRO - DANCE", "latitude": 27.975727, "longitude": -83.833015}, {"playDate": "2018-04-05T09:47:08.000+0000", "artistId": 123079, "songId": 37039301, "state": "IL", "style": "ELECTRO - DANCE", "latitude": 39.73932, "longitude": -89.50414}, {"playDate": "2018-04-05T10:08:45.000+0000", "artistId": 123079, "songId": 15154401, "state": "MA", "style": "ELECTRO - DANCE", "latitude": 42.06294, "longitude": -71.71806}, {"playDate": "2018-04-05T10:11:15.000+0000", "artistId": 123079, "songId": 38151401, "state": "TX", "style": "ELECTRO - DANCE", "latitude": 31.169336, "longitude": -100.07684}, {"playDate": "2018-04-05T10:13:03.000+0000", "artistId": 123079, "songId": 80694401, "state": "NC", "style": "ELECTRO - DANCE", "latitude": 35.21456, "longitude": -79.891266}, {"playDate": "2018-04-05T10:19:42.000+0000", "artistId": 123079, "songId": 15154401, "state": "CA", "style": "ELECTRO - DANCE", "latitude": 37.271873, "longitude": -119.27042}, {"playDate": "2018-04-05T10:22:50.000+0000", "artistId": 123079, "songId": 15154401, "state": "IA", "style": "ELECTRO - DANCE", "latitude": 41.938316, "longitude": -93.3898}, {"playDate": "2018-04-05T10:54:28.000+0000", "artistId": 123079, "songId": 80694401, "state": "TX", "style": "ELECTRO - DANCE", "latitude": 31.169336, "longitude": -100.07684}, {"playDate": "2018-04-05T11:00:32.000+0000", "artistId": 123079, "songId": 80694404, "state": "WA", "style": "ELECTRO - DANCE", "latitude": 38.89935, "longitude": -77.014565}, {"playDate": "2018-04-05T11:02:08.000+0000", "artistId": 123079, "songId": 89141302, "state": "SC", "style": "ELECTRO - DANCE", "latitude": 33.62505, "longitude": -80.94704}, {"playDate": "2018-04-05T11:03:22.000+0000", "artistId": 123079, "songId": 89141302, "state": "TX", "style": "ELECTRO - DANCE", "latitude": 31.169336, "longitude": -100.07684}, {"playDate": "2018-04-05T11:03:42.000+0000", "artistId": 123079, "songId": 89141302, "state": "KY", "style": "ELECTRO - DANCE", "latitude": 37.822292, "longitude": -85.76824}, {"playDate": "2018-04-05T11:10:59.000+0000", "artistId": 123079, "songId": 89141302, "state": "VA", "style": "ELECTRO - DANCE", "latitude": 38.003384, "longitude": -79.458786}, {"playDate": "2018-04-05T11:12:49.000+0000", "artistId": 123079, "songId": 80694401, "state": "TX", "style": "ELECTRO - DANCE", "latitude": 31.169336, "longitude": -100.07684}, {"playDate": "2018-04-05T11:19:46.000+0000", "artistId": 123079, "songId": 38151401, "state": "CA", "style": "ELECTRO - DANCE", "latitude": 37.271873, "longitude": -119.27042}, {"playDate": "2018-04-05T11:22:19.000+0000", "artistId": 123079, "songId": 80694401, "state": "AB", "style": "ELECTRO - DANCE", "latitude": 53.016697, "longitude": -112.816635}, {"playDate": "2018-04-05T11:28:23.000+0000", "artistId": 123079, "songId": 80694404, "state": "OH", "style": "ELECTRO - DANCE", "latitude": 40.19036, "longitude": -82.66925}, {"playDate": "2018-04-05T11:49:22.000+0000", "artistId": 123079, "songId": 74827606, "state": "PA", "style": "ELECTRO - DANCE", "latitude": 40.994595, "longitude": -77.6047}, {"playDate": "2018-04-05T11:56:38.000+0000", "artistId": 123079, "songId": 15154402, "state": "FL", "style": "ELECTRO - DANCE", "latitude": 27.975727, "longitude": -83.833015}, {"playDate": "2018-04-05T12:02:39.000+0000", "artistId": 123079, "songId": 80694401, "state": "TX", "style": "ELECTRO - DANCE", "latitude": 31.169336, "longitude": -100.07684}, {"playDate": "2018-04-05T12:06:13.000+0000", "artistId": 123079, "songId": 80694402, "state": "KY", "style": "ELECTRO - DANCE", "latitude": 37.822292, "longitude": -85.76824}, {"playDate": "2018-04-05T12:18:07.000+0000", "artistId": 123079, "songId": 80694403, "state": "GA", "style": "ELECTRO - DANCE", "latitude": 32.678123, "longitude": -83.22298}, {"playDate": "2018-04-05T12:20:41.000+0000", "artistId": 123079, "songId": 80694402, "state": "WA", "style": "ELECTRO - DANCE", "latitude": 38.89935, "longitude": -77.014565}, {"playDate": "2018-04-05T12:21:18.000+0000", "artistId": 123079, "songId": 80694401, "state": "ON", "style": "ELECTRO - DANCE", "latitude": 44.566647, "longitude": -80.84998}, {"playDate": "2018-04-05T12:27:45.000+0000", "artistId": 123079, "songId": 80694402, "state": "PA", "style": "ELECTRO - DANCE", "latitude": 40.994595, "longitude": -77.6047}, {"playDate": "2018-04-05T12:34:16.000+0000", "artistId": 123079, "songId": 15154401, "state": "UT", "style": "ELECTRO - DANCE", "latitude": 39.49976, "longitude": -111.54703}, {"playDate": "2018-04-05T12:34:35.000+0000", "artistId": 123079, "songId": 80694401, "state": "TX", "style": "ELECTRO - DANCE", "latitude": 31.169336, "longitude": -100.07684}, {"playDate": "2018-04-05T12:45:57.000+0000", "artistId": 123079, "songId": 80694401, "state": "IL", "style": "ELECTRO - DANCE", "latitude": 39.73932, "longitude": -89.50414}, {"playDate": "2018-04-05T12:54:22.000+0000", "artistId": 123079, "songId": 80694401, "state": "FL", "style": "ELECTRO - DANCE", "latitude": 27.975727, "longitude": -83.833015}, {"playDate": "2018-04-05T13:08:41.000+0000", "artistId": 123079, "songId": 80694401, "state": "WA", "style": "ELECTRO - DANCE", "latitude": 38.89935, "longitude": -77.014565}, {"playDate": "2018-04-05T13:20:22.000+0000", "artistId": 123079, "songId": 74827606, "state": "OH", "style": "ELECTRO - DANCE", "latitude": 40.19036, "longitude": -82.66925}, {"playDate": "2018-04-05T13:28:03.000+0000", "artistId": 123079, "songId": 80694401, "state": "FL", "style": "ELECTRO - DANCE", "latitude": 27.975727, "longitude": -83.833015}, {"playDate": "2018-04-05T13:38:58.000+0000", "artistId": 123079, "songId": 74827606, "state": "VA", "style": "ELECTRO - DANCE", "latitude": 38.003384, "longitude": -79.458786}, {"playDate": "2018-04-05T13:41:02.000+0000", "artistId": 123079, "songId": 74827606, "state": "FL", "style": "ELECTRO - DANCE", "latitude": 27.975727, "longitude": -83.833015}, {"playDate": "2018-04-05T13:51:25.000+0000", "artistId": 123079, "songId": 74827606, "state": "NY", "style": "ELECTRO - DANCE", "latitude": 40.705627, "longitude": -73.97968}, {"playDate": "2018-04-05T13:53:46.000+0000", "artistId": 123079, "songId": 15154404, "state": "CA", "style": "ELECTRO - DANCE", "latitude": 37.271873, "longitude": -119.27042}, {"playDate": "2018-04-05T13:57:02.000+0000", "artistId": 123079, "songId": 80694402, "state": "FL", "style": "ELECTRO - DANCE", "latitude": 27.975727, "longitude": -83.833015}, {"playDate": "2018-04-05T14:02:40.000+0000", "artistId": 123079, "songId": 80694401, "state": "NC", "style": "ELECTRO - DANCE", "latitude": 35.21456, "longitude": -79.891266}, {"playDate": "2018-04-05T14:11:14.000+0000", "artistId": 123079, "songId": 74827606, "state": "FL", "style": "ELECTRO - DANCE", "latitude": 27.975727, "longitude": -83.833015}, {"playDate": "2018-04-05T14:13:13.000+0000", "artistId": 123079, "songId": 37778501, "state": "VA", "style": "ELECTRO - DANCE", "latitude": 38.003384, "longitude": -79.458786}, {"playDate": "2018-04-05T14:15:12.000+0000", "artistId": 123079, "songId": 74827606, "state": "TX", "style": "ELECTRO - DANCE", "latitude": 31.169336, "longitude": -100.07684}, {"playDate": "2018-04-05T14:46:57.000+0000", "artistId": 123079, "songId": 89141302, "state": "OH", "style": "ELECTRO - DANCE", "latitude": 40.19036, "longitude": -82.66925}, {"playDate": "2018-04-05T14:57:29.000+0000", "artistId": 123079, "songId": 74827606, "state": "MN", "style": "ELECTRO - DANCE", "latitude": 46.44186, "longitude": -93.36552}, {"playDate": "2018-04-05T15:08:34.000+0000", "artistId": 123079, "songId": 80694404, "state": "ON", "style": "ELECTRO - DANCE", "latitude": 44.566647, "longitude": -80.84998}, {"playDate": "2018-04-05T15:18:46.000+0000", "artistId": 123079, "songId": 89141302, "state": "CA", "style": "ELECTRO - DANCE", "latitude": 37.271873, "longitude": -119.27042}, {"playDate": "2018-04-05T15:20:56.000+0000", "artistId": 123079, "songId": 89141302, "state": "TX", "style": "ELECTRO - DANCE", "latitude": 31.169336, "longitude": -100.07684}, {"playDate": "2018-04-05T15:23:06.000+0000", "artistId": 123079, "songId": 80694404, "state": "VA", "style": "ELECTRO - DANCE", "latitude": 38.003384, "longitude": -79.458786}, {"playDate": "2018-04-05T15:24:39.000+0000", "artistId": 123079, "songId": 80694401, "state": "WA", "style": "ELECTRO - DANCE", "latitude": 38.89935, "longitude": -77.014565}, {"playDate": "2018-04-05T15:26:03.000+0000", "artistId": 123079, "songId": 80694401, "state": "OH", "style": "ELECTRO - DANCE", "latitude": 40.19036, "longitude": -82.66925}, {"playDate": "2018-04-05T15:27:51.000+0000", "artistId": 123079, "songId": 27933701, "state": "TX", "style": "ELECTRO - DANCE", "latitude": 31.169336, "longitude": -100.07684}, {"playDate": "2018-04-05T15:27:59.000+0000", "artistId": 123079, "songId": 37778501, "state": "OH", "style": "ELECTRO - DANCE", "latitude": 40.19036, "longitude": -82.66925}, {"playDate": "2018-04-05T15:35:30.000+0000", "artistId": 123079, "songId": 80694403, "state": "VA", "style": "ELECTRO - DANCE", "latitude": 38.003384, "longitude": -79.458786}, {"playDate": "2018-04-05T15:38:20.000+0000", "artistId": 123079, "songId": 80694401, "state": "GA", "style": "ELECTRO - DANCE", "latitude": 32.678123, "longitude": -83.22298}, {"playDate": "2018-04-05T15:41:31.000+0000", "artistId": 123079, "songId": 80694402, "state": "CA", "style": "ELECTRO - DANCE", "latitude": 37.271873, "longitude": -119.27042}, {"playDate": "2018-04-05T15:51:18.000+0000", "artistId": 123079, "songId": 89141302, "state": "TN", "style": "ELECTRO - DANCE", "latitude": 35.83052, "longitude": -85.9786}, {"playDate": "2018-04-05T15:52:22.000+0000", "artistId": 123079, "songId": 74827606, "state": "TN", "style": "ELECTRO - DANCE", "latitude": 35.83052, "longitude": -85.9786}, {"playDate": "2018-04-05T15:55:10.000+0000", "artistId": 123079, "songId": 80694402, "state": "CT", "style": "ELECTRO - DANCE", "latitude": 41.518784, "longitude": -72.75751}, {"playDate": "2018-04-05T15:55:48.000+0000", "artistId": 123079, "songId": 89141302, "state": "FL", "style": "ELECTRO - DANCE", "latitude": 27.975727, "longitude": -83.833015}, {"playDate": "2018-04-05T15:58:08.000+0000", "artistId": 123079, "songId": 80694402, "state": "CA", "style": "ELECTRO - DANCE", "latitude": 37.271873, "longitude": -119.27042}, {"playDate": "2018-04-05T16:12:04.000+0000", "artistId": 123079, "songId": 89141302, "state": "MN", "style": "ELECTRO - DANCE", "latitude": 46.44186, "longitude": -93.36552}, {"playDate": "2018-04-05T16:17:23.000+0000", "artistId": 123079, "songId": 15154401, "state": "FL", "style": "ELECTRO - DANCE", "latitude": 27.975727, "longitude": -83.833015}, {"playDate": "2018-04-05T16:24:41.000+0000", "artistId": 123079, "songId": 15154404, "state": "TX", "style": "ELECTRO - DANCE", "latitude": 31.169336, "longitude": -100.07684}, {"playDate": "2018-04-05T16:25:12.000+0000", "artistId": 123079, "songId": 15154401, "state": "PA", "style": "ELECTRO - DANCE", "latitude": 40.994595, "longitude": -77.6047}, {"playDate": "2018-04-05T16:37:01.000+0000", "artistId": 123079, "songId": 80694401, "state": "FL", "style": "ELECTRO - DANCE", "latitude": 27.975727, "longitude": -83.833015}, {"playDate": "2018-04-05T16:40:12.000+0000", "artistId": 123079, "songId": 80694404, "state": "GA", "style": "ELECTRO - DANCE", "latitude": 32.678123, "longitude": -83.22298}, {"playDate": "2018-04-05T16:41:39.000+0000", "artistId": 123079, "songId": 89141302, "state": "KS", "style": "ELECTRO - DANCE", "latitude": 38.49878, "longitude": -98.320076}, {"playDate": "2018-04-05T16:46:01.000+0000", "artistId": 123079, "songId": 74827606, "state": "TX", "style": "ELECTRO - DANCE", "latitude": 31.169336, "longitude": -100.07684}, {"playDate": "2018-04-05T16:49:58.000+0000", "artistId": 123079, "songId": 80694402, "state": "IL", "style": "ELECTRO - DANCE", "latitude": 39.73932, "longitude": -89.50414}, {"playDate": "2018-04-05T17:01:08.000+0000", "artistId": 123079, "songId": 80694402, "state": "CO", "style": "ELECTRO - DANCE", "latitude": 38.997932, "longitude": -105.55057}, {"playDate": "2018-04-05T17:15:02.000+0000", "artistId": 123079, "songId": 89141302, "state": "TX", "style": "ELECTRO - DANCE", "latitude": 31.169336, "longitude": -100.07684}, {"playDate": "2018-04-05T17:20:28.000+0000", "artistId": 123079, "songId": 80694402, "state": "WI", "style": "ELECTRO - DANCE", "latitude": 44.786297, "longitude": -89.826706}, {"playDate": "2018-04-05T17:23:23.000+0000", "artistId": 123079, "songId": 80694401, "state": "KY", "style": "ELECTRO - DANCE", "latitude": 37.822292, "longitude": -85.76824}, {"playDate": "2018-04-05T17:26:02.000+0000", "artistId": 123079, "songId": 80694401, "state": "IL", "style": "ELECTRO - DANCE", "latitude": 39.73932, "longitude": -89.50414}, {"playDate": "2018-04-05T17:29:22.000+0000", "artistId": 123079, "songId": 74827606, "state": "ON", "style": "ELECTRO - DANCE", "latitude": 44.566647, "longitude": -80.84998}, {"playDate": "2018-04-05T17:29:35.000+0000", "artistId": 123079, "songId": 89141302, "state": "NV", "style": "ELECTRO - DANCE", "latitude": 38.502033, "longitude": -117.02306}, {"playDate": "2018-04-05T17:48:12.000+0000", "artistId": 123079, "songId": 89141302, "state": "NM", "style": "ELECTRO - DANCE", "latitude": 34.166233, "longitude": -106.02607}, {"playDate": "2018-04-05T17:49:28.000+0000", "artistId": 123079, "songId": 80694401, "state": "WI", "style": "ELECTRO - DANCE", "latitude": 44.786297, "longitude": -89.826706}, {"playDate": "2018-04-05T17:50:52.000+0000", "artistId": 123079, "songId": 80694403, "state": "NY", "style": "ELECTRO - DANCE", "latitude": 40.705627, "longitude": -73.97968}, {"playDate": "2018-04-05T17:52:13.000+0000", "artistId": 123079, "songId": 80694403, "state": "QC", "style": "ELECTRO - DANCE", "latitude": 49.82258, "longitude": -64.34799}, {"playDate": "2018-04-05T17:53:20.000+0000", "artistId": 123079, "songId": 80694401, "state": "VA", "style": "ELECTRO - DANCE", "latitude": 38.003384, "longitude": -79.458786}, {"playDate": "2018-04-05T17:58:21.000+0000", "artistId": 123079, "songId": 80694401, "state": "OR", "style": "ELECTRO - DANCE", "latitude": 44.141907, "longitude": -120.5381}, {"playDate": "2018-04-05T17:59:05.000+0000", "artistId": 123079, "songId": 80694401, "state": "QC", "style": "ELECTRO - DANCE", "latitude": 49.82258, "longitude": -64.34799}, {"playDate": "2018-04-05T18:09:20.000+0000", "artistId": 123079, "songId": 80694401, "state": "IL", "style": "ELECTRO - DANCE", "latitude": 39.73932, "longitude": -89.50414}, {"playDate": "2018-04-05T18:13:53.000+0000", "artistId": 123079, "songId": 89141302, "state": "KS", "style": "ELECTRO - DANCE", "latitude": 38.49878, "longitude": -98.320076}, {"playDate": "2018-04-05T18:14:04.000+0000", "artistId": 123079, "songId": 38151401, "state": "AZ", "style": "ELECTRO - DANCE", "latitude": 34.168217, "longitude": -111.93091}, {"playDate": "2018-04-05T18:17:33.000+0000", "artistId": 123079, "songId": 80694401, "state": "PA", "style": "ELECTRO - DANCE", "latitude": 40.994595, "longitude": -77.6047}, {"playDate": "2018-04-05T18:24:22.000+0000", "artistId": 123079, "songId": 89141302, "state": "PA", "style": "ELECTRO - DANCE", "latitude": 40.994595, "longitude": -77.6047}, {"playDate": "2018-04-05T18:25:36.000+0000", "artistId": 123079, "songId": 37691902, "state": "MA", "style": "ELECTRO - DANCE", "latitude": 42.06294, "longitude": -71.71806}, {"playDate": "2018-04-05T18:28:38.000+0000", "artistId": 123079, "songId": 80694402, "state": "TX", "style": "ELECTRO - DANCE", "latitude": 31.169336, "longitude": -100.07684}, {"playDate": "2018-04-05T18:29:35.000+0000", "artistId": 123079, "songId": 80694401, "state": "AK", "style": "ELECTRO - DANCE", "latitude": 61.3025, "longitude": -158.77502}, {"playDate": "2018-04-05T18:35:53.000+0000", "artistId": 123079, "songId": 52789501, "state": "AZ", "style": "ELECTRO - DANCE", "latitude": 34.168217, "longitude": -111.93091}, {"playDate": "2018-04-05T18:36:41.000+0000", "artistId": 123079, "songId": 80694401, "state": "HI", "style": "ELECTRO - DANCE", "latitude": 20.46, "longitude": -157.505}, {"playDate": "2018-04-05T18:38:47.000+0000", "artistId": 123079, "songId": 15154401, "state": "MO", "style": "ELECTRO - DANCE", "latitude": 38.30466, "longitude": -92.437096}, {"playDate": "2018-04-05T18:40:31.000+0000", "artistId": 123079, "songId": 80694404, "state": "MD", "style": "ELECTRO - DANCE", "latitude": 38.80635, "longitude": -77.26842}, {"playDate": "2018-04-05T18:41:02.000+0000", "artistId": 123079, "songId": 38151401, "state": "WI", "style": "ELECTRO - DANCE", "latitude": 44.786297, "longitude": -89.826706}, {"playDate": "2018-04-05T18:56:49.000+0000", "artistId": 123079, "songId": 80694402, "state": "ON", "style": "ELECTRO - DANCE", "latitude": 44.566647, "longitude": -80.84998}, {"playDate": "2018-04-05T18:57:57.000+0000", "artistId": 123079, "songId": 80694402, "state": "KY", "style": "ELECTRO - DANCE", "latitude": 37.822292, "longitude": -85.76824}, {"playDate": "2018-04-05T19:09:46.000+0000", "artistId": 123079, "songId": 74827606, "state": "CA", "style": "ELECTRO - DANCE", "latitude": 37.271873, "longitude": -119.27042}, {"playDate": "2018-04-05T19:10:43.000+0000", "artistId": 123079, "songId": 74827606, "state": "MS", "style": "ELECTRO - DANCE", "latitude": 32.585106, "longitude": -89.87722}, {"playDate": "2018-04-05T19:13:07.000+0000", "artistId": 123079, "songId": 74827606, "state": "TN", "style": "ELECTRO - DANCE", "latitude": 35.83052, "longitude": -85.9786}, {"playDate": "2018-04-05T19:15:26.000+0000", "artistId": 123079, "songId": 74827606, "state": "IA", "style": "ELECTRO - DANCE", "latitude": 41.938316, "longitude": -93.3898}, {"playDate": "2018-04-05T19:24:24.000+0000", "artistId": 123079, "songId": 80694403, "state": "TX", "style": "ELECTRO - DANCE", "latitude": 31.169336, "longitude": -100.07684}, {"playDate": "2018-04-05T19:25:04.000+0000", "artistId": 123079, "songId": 74827606, "state": "CO", "style": "ELECTRO - DANCE", "latitude": 38.997932, "longitude": -105.55057}, {"playDate": "2018-04-05T19:40:51.000+0000", "artistId": 123079, "songId": 74827606, "state": "TN", "style": "ELECTRO - DANCE", "latitude": 35.83052, "longitude": -85.9786}, {"playDate": "2018-04-05T19:49:44.000+0000", "artistId": 123079, "songId": 38151401, "state": "AZ", "style": "ELECTRO - DANCE", "latitude": 34.168217, "longitude": -111.93091}, {"playDate": "2018-04-05T20:09:14.000+0000", "artistId": 123079, "songId": 38156901, "state": "WA", "style": "ELECTRO - DANCE", "latitude": 38.89935, "longitude": -77.014565}, {"playDate": "2018-04-05T20:12:40.000+0000", "artistId": 123079, "songId": 80694404, "state": "TX", "style": "ELECTRO - DANCE", "latitude": 31.169336, "longitude": -100.07684}, {"playDate": "2018-04-05T20:14:13.000+0000", "artistId": 123079, "songId": 74827606, "state": "NC", "style": "ELECTRO - DANCE", "latitude": 35.21456, "longitude": -79.891266}, {"playDate": "2018-04-05T20:22:37.000+0000", "artistId": 123079, "songId": 80694401, "state": "OH", "style": "ELECTRO - DANCE", "latitude": 40.19036, "longitude": -82.66925}, {"playDate": "2018-04-05T20:31:12.000+0000", "artistId": 123079, "songId": 80694401, "state": "TN", "style": "ELECTRO - DANCE", "latitude": 35.83052, "longitude": -85.9786}, {"playDate": "2018-04-05T20:34:17.000+0000", "artistId": 123079, "songId": 89141302, "state": "IA", "style": "ELECTRO - DANCE", "latitude": 41.938316, "longitude": -93.3898}, {"playDate": "2018-04-05T20:37:45.000+0000", "artistId": 123079, "songId": 89141302, "state": "CA", "style": "ELECTRO - DANCE", "latitude": 37.271873, "longitude": -119.27042}, {"playDate": "2018-04-05T20:38:35.000+0000", "artistId": 123079, "songId": 74827606, "state": "PA", "style": "ELECTRO - DANCE", "latitude": 40.994595, "longitude": -77.6047}, {"playDate": "2018-04-05T20:52:05.000+0000", "artistId": 123079, "songId": 80694401, "state": "QC", "style": "ELECTRO - DANCE", "latitude": 49.82258, "longitude": -64.34799}, {"playDate": "2018-04-05T20:52:28.000+0000", "artistId": 123079, "songId": 15154401, "state": "TX", "style": "ELECTRO - DANCE", "latitude": 31.169336, "longitude": -100.07684}, {"playDate": "2018-04-05T20:57:03.000+0000", "artistId": 123079, "songId": 89141302, "state": "VA", "style": "ELECTRO - DANCE", "latitude": 38.003384, "longitude": -79.458786}, {"playDate": "2018-04-05T21:01:59.000+0000", "artistId": 123079, "songId": 80694401, "state": "ND", "style": "ELECTRO - DANCE", "latitude": 47.46788, "longitude": -100.30227}, {"playDate": "2018-04-05T21:03:12.000+0000", "artistId": 123079, "songId": 48751306, "state": "TX", "style": "ELECTRO - DANCE", "latitude": 31.169336, "longitude": -100.07684}, {"playDate": "2018-04-05T21:03:39.000+0000", "artistId": 123079, "songId": 80694401, "state": "TN", "style": "ELECTRO - DANCE", "latitude": 35.83052, "longitude": -85.9786}, {"playDate": "2018-04-05T21:04:25.000+0000", "artistId": 123079, "songId": 80694401, "state": "CA", "style": "ELECTRO - DANCE", "latitude": 37.271873, "longitude": -119.27042}, {"playDate": "2018-04-05T21:06:41.000+0000", "artistId": 123079, "songId": 80694401, "state": "MS", "style": "ELECTRO - DANCE", "latitude": 32.585106, "longitude": -89.87722}, {"playDate": "2018-04-05T21:08:41.000+0000", "artistId": 123079, "songId": 80694401, "state": "SC", "style": "ELECTRO - DANCE", "latitude": 33.62505, "longitude": -80.94704}, {"playDate": "2018-04-05T21:23:14.000+0000", "artistId": 123079, "songId": 89141302, "state": "IA", "style": "ELECTRO - DANCE", "latitude": 41.938316, "longitude": -93.3898}, {"playDate": "2018-04-05T21:38:18.000+0000", "artistId": 123079, "songId": 78104604, "state": "NJ", "style": "ELECTRO - DANCE", "latitude": 40.143005, "longitude": -74.73112}, {"playDate": "2018-04-05T21:40:48.000+0000", "artistId": 123079, "songId": 80694403, "state": "KS", "style": "ELECTRO - DANCE", "latitude": 38.49878, "longitude": -98.320076}, {"playDate": "2018-04-05T21:47:07.000+0000", "artistId": 123079, "songId": 80694402, "state": "OH", "style": "ELECTRO - DANCE", "latitude": 40.19036, "longitude": -82.66925}, {"playDate": "2018-04-05T21:47:19.000+0000", "artistId": 123079, "songId": 74827606, "state": "WI", "style": "ELECTRO - DANCE", "latitude": 44.786297, "longitude": -89.826706}, {"playDate": "2018-04-05T21:57:04.000+0000", "artistId": 123079, "songId": 52789501, "state": "IL", "style": "ELECTRO - DANCE", "latitude": 39.73932, "longitude": -89.50414}, {"playDate": "2018-04-05T21:58:06.000+0000", "artistId": 123079, "songId": 15154401, "state": "IL", "style": "ELECTRO - DANCE", "latitude": 39.73932, "longitude": -89.50414}, {"playDate": "2018-04-05T21:59:01.000+0000", "artistId": 123079, "songId": 37686802, "state": "PA", "style": "ELECTRO - DANCE", "latitude": 40.994595, "longitude": -77.6047}, {"playDate": "2018-04-05T22:00:16.000+0000", "artistId": 123079, "songId": 80694401, "state": "IL", "style": "ELECTRO - DANCE", "latitude": 39.73932, "longitude": -89.50414}, {"playDate": "2018-04-05T22:00:35.000+0000", "artistId": 123079, "songId": 80694403, "state": "ON", "style": "ELECTRO - DANCE", "latitude": 44.566647, "longitude": -80.84998}, {"playDate": "2018-04-05T22:06:04.000+0000", "artistId": 123079, "songId": 80694401, "state": "WI", "style": "ELECTRO - DANCE", "latitude": 44.786297, "longitude": -89.826706}, {"playDate": "2018-04-05T22:32:48.000+0000", "artistId": 123079, "songId": 38151401, "state": "FL", "style": "ELECTRO - DANCE", "latitude": 27.975727, "longitude": -83.833015}, {"playDate": "2018-04-05T22:35:25.000+0000", "artistId": 123079, "songId": 80694401, "state": "TX", "style": "ELECTRO - DANCE", "latitude": 31.169336, "longitude": -100.07684}, {"playDate": "2018-04-05T22:37:14.000+0000", "artistId": 123079, "songId": 80694401, "state": "FL", "style": "ELECTRO - DANCE", "latitude": 27.975727, "longitude": -83.833015}, {"playDate": "2018-04-05T22:38:36.000+0000", "artistId": 123079, "songId": 80694404, "state": "ID", "style": "ELECTRO - DANCE", "latitude": 45.494576, "longitude": -114.14243}, {"playDate": "2018-04-05T22:40:43.000+0000", "artistId": 123079, "songId": 15154401, "state": "PA", "style": "ELECTRO - DANCE", "latitude": 40.994595, "longitude": -77.6047}, {"playDate": "2018-04-05T22:41:13.000+0000", "artistId": 123079, "songId": 80694401, "state": "MT", "style": "ELECTRO - DANCE", "latitude": 46.6798, "longitude": -110.044785}, {"playDate": "2018-04-05T22:46:37.000+0000", "artistId": 123079, "songId": 78104604, "state": "FL", "style": "ELECTRO - DANCE", "latitude": 27.975727, "longitude": -83.833015}, {"playDate": "2018-04-05T22:48:30.000+0000", "artistId": 123079, "songId": 80694404, "state": "KY", "style": "ELECTRO - DANCE", "latitude": 37.822292, "longitude": -85.76824}, {"playDate": "2018-04-05T22:57:57.000+0000", "artistId": 123079, "songId": 89141302, "state": "WI", "style": "ELECTRO - DANCE", "latitude": 44.786297, "longitude": -89.826706}, {"playDate": "2018-04-05T23:03:46.000+0000", "artistId": 123079, "songId": 15154401, "state": "ON", "style": "ELECTRO - DANCE", "latitude": 44.566647, "longitude": -80.84998}, {"playDate": "2018-04-05T23:11:58.000+0000", "artistId": 123079, "songId": 80694402, "state": "VA", "style": "ELECTRO - DANCE", "latitude": 38.003384, "longitude": -79.458786}, {"playDate": "2018-04-05T23:12:36.000+0000", "artistId": 123079, "songId": 15154401, "state": "FL", "style": "ELECTRO - DANCE", "latitude": 27.975727, "longitude": -83.833015}, {"playDate": "2018-04-05T23:17:05.000+0000", "artistId": 123079, "songId": 80694401, "state": "NY", "style": "ELECTRO - DANCE", "latitude": 40.705627, "longitude": -73.97968}, {"playDate": "2018-04-05T23:17:18.000+0000", "artistId": 123079, "songId": 15154402, "state": "SD", "style": "ELECTRO - DANCE", "latitude": 44.2127, "longitude": -100.24716}, {"playDate": "2018-04-05T23:20:32.000+0000", "artistId": 123079, "songId": 52789501, "state": "IL", "style": "ELECTRO - DANCE", "latitude": 39.73932, "longitude": -89.50414}, {"playDate": "2018-04-05T23:20:50.000+0000", "artistId": 123079, "songId": 74827606, "state": "PA", "style": "ELECTRO - DANCE", "latitude": 40.994595, "longitude": -77.6047}, {"playDate": "2018-04-05T23:21:48.000+0000", "artistId": 123079, "songId": 80694401, "state": "NY", "style": "ELECTRO - DANCE", "latitude": 40.705627, "longitude": -73.97968}, {"playDate": "2018-04-05T23:25:03.000+0000", "artistId": 123079, "songId": 38151401, "state": "OH", "style": "ELECTRO - DANCE", "latitude": 40.19036, "longitude": -82.66925}, {"playDate": "2018-04-05T23:37:48.000+0000", "artistId": 123079, "songId": 37778501, "state": "AB", "style": "ELECTRO - DANCE", "latitude": 53.016697, "longitude": -112.816635}, {"playDate": "2018-04-05T23:38:03.000+0000", "artistId": 123079, "songId": 80694401, "state": "MI", "style": "ELECTRO - DANCE", "latitude": 44.94356, "longitude": -86.4158}, {"playDate": "2018-04-05T23:38:23.000+0000", "artistId": 123079, "songId": 37039301, "state": "FL", "style": "ELECTRO - DANCE", "latitude": 27.975727, "longitude": -83.833015}, {"playDate": "2018-04-05T23:39:55.000+0000", "artistId": 123079, "songId": 80694401, "state": "MA", "style": "ELECTRO - DANCE", "latitude": 42.06294, "longitude": -71.71806}, {"playDate": "2018-04-05T23:50:10.000+0000", "artistId": 123079, "songId": 15154401, "state": "PA", "style": "ELECTRO - DANCE", "latitude": 40.994595, "longitude": -77.6047}, {"playDate": "2018-04-05T23:52:05.000+0000", "artistId": 123079, "songId": 89141302, "state": "TX", "style": "ELECTRO - DANCE", "latitude": 31.169336, "longitude": -100.07684}, {"playDate": "2018-04-05T23:54:53.000+0000", "artistId": 123079, "songId": 80694401, "state": "MO", "style": "ELECTRO - DANCE", "latitude": 38.30466, "longitude": -92.437096}], "totalRecordsCount": 243}