{"plays": [{"playDate": "2018-01-17T00:03:37.000+0000", "artistId": 123079, "songId": 38151401, "state": "AZ", "style": "ELECTRO - DANCE", "latitude": 34.168217, "longitude": -111.93091}, {"playDate": "2018-01-17T00:20:33.000+0000", "artistId": 123079, "songId": 80694404, "state": "PA", "style": "ELECTRO - DANCE", "latitude": 40.994595, "longitude": -77.6047}, {"playDate": "2018-01-17T00:22:18.000+0000", "artistId": 123079, "songId": 80694401, "state": "AZ", "style": "ELECTRO - DANCE", "latitude": 34.168217, "longitude": -111.93091}, {"playDate": "2018-01-17T00:35:28.000+0000", "artistId": 123079, "songId": 80694401, "state": "MN", "style": "ELECTRO - DANCE", "latitude": 46.44186, "longitude": -93.36552}, {"playDate": "2018-01-17T00:42:01.000+0000", "artistId": 123079, "songId": 80694401, "state": "TX", "style": "ELECTRO - DANCE", "latitude": 31.169336, "longitude": -100.07684}, {"playDate": "2018-01-17T00:42:32.000+0000", "artistId": 123079, "songId": 80694401, "state": "VA", "style": "ELECTRO - DANCE", "latitude": 38.003384, "longitude": -79.458786}, {"playDate": "2018-01-17T00:44:09.000+0000", "artistId": 123079, "songId": 89141302, "state": "FL", "style": "ELECTRO - DANCE", "latitude": 27.975727, "longitude": -83.833015}, {"playDate": "2018-01-17T00:49:30.000+0000", "artistId": 123079, "songId": 15154401, "state": "GA", "style": "ELECTRO - DANCE", "latitude": 32.678123, "longitude": -83.22298}, {"playDate": "2018-01-17T00:50:59.000+0000", "artistId": 123079, "songId": 80694402, "state": "FL", "style": "ELECTRO - DANCE", "latitude": 27.975727, "longitude": -83.833015}, {"playDate": "2018-01-17T00:51:43.000+0000", "artistId": 123079, "songId": 89141302, "state": "TX", "style": "ELECTRO - DANCE", "latitude": 31.169336, "longitude": -100.07684}, {"playDate": "2018-01-17T00:53:08.000+0000", "artistId": 123079, "songId": 52789501, "state": "SK", "style": "ELECTRO - DANCE", "latitude": 50.93331, "longitude": -102.79999}, {"playDate": "2018-01-17T00:56:49.000+0000", "artistId": 123079, "songId": 80694401, "state": "WA", "style": "ELECTRO - DANCE", "latitude": 38.89935, "longitude": -77.014565}, {"playDate": "2018-01-17T00:59:20.000+0000", "artistId": 123079, "songId": 74827606, "state": "IA", "style": "ELECTRO - DANCE", "latitude": 41.938316, "longitude": -93.3898}, {"playDate": "2018-01-17T01:08:19.000+0000", "artistId": 123079, "songId": 80694401, "state": "ON", "style": "ELECTRO - DANCE", "latitude": 44.566647, "longitude": -80.84998}, {"playDate": "2018-01-17T01:08:54.000+0000", "artistId": 123079, "songId": 15154401, "state": "WI", "style": "ELECTRO - DANCE", "latitude": 44.786297, "longitude": -89.826706}, {"playDate": "2018-01-17T01:09:41.000+0000", "artistId": 123079, "songId": 89141302, "state": "TN", "style": "ELECTRO - DANCE", "latitude": 35.83052, "longitude": -85.9786}, {"playDate": "2018-01-17T01:19:11.000+0000", "artistId": 123079, "songId": 80694404, "state": "TX", "style": "ELECTRO - DANCE", "latitude": 31.169336, "longitude": -100.07684}, {"playDate": "2018-01-17T01:33:34.000+0000", "artistId": 123079, "songId": 80694401, "state": "TX", "style": "ELECTRO - DANCE", "latitude": 31.169336, "longitude": -100.07684}, {"playDate": "2018-01-17T01:36:31.000+0000", "artistId": 123079, "songId": 38151401, "state": "HI", "style": "ELECTRO - DANCE", "latitude": 20.46, "longitude": -157.505}, {"playDate": "2018-01-17T01:37:52.000+0000", "artistId": 123079, "songId": 80694401, "state": "WA", "style": "ELECTRO - DANCE", "latitude": 38.89935, "longitude": -77.014565}, {"playDate": "2018-01-17T01:47:32.000+0000", "artistId": 123079, "songId": 89141302, "state": "KY", "style": "ELECTRO - DANCE", "latitude": 37.822292, "longitude": -85.76824}, {"playDate": "2018-01-17T01:49:56.000+0000", "artistId": 123079, "songId": 74827606, "state": "FL", "style": "ELECTRO - DANCE", "latitude": 27.975727, "longitude": -83.833015}, {"playDate": "2018-01-17T01:50:36.000+0000", "artistId": 123079, "songId": 80694401, "state": "WA", "style": "ELECTRO - DANCE", "latitude": 38.89935, "longitude": -77.014565}, {"playDate": "2018-01-17T01:51:06.000+0000", "artistId": 123079, "songId": 15154401, "state": "NV", "style": "ELECTRO - DANCE", "latitude": 38.502033, "longitude": -117.02306}, {"playDate": "2018-01-17T01:53:45.000+0000", "artistId": 123079, "songId": 80694401, "state": "OH", "style": "ELECTRO - DANCE", "latitude": 40.19036, "longitude": -82.66925}, {"playDate": "2018-01-17T01:57:45.000+0000", "artistId": 123079, "songId": 80694401, "state": "FL", "style": "ELECTRO - DANCE", "latitude": 27.975727, "longitude": -83.833015}, {"playDate": "2018-01-17T02:07:39.000+0000", "artistId": 123079, "songId": 80694401, "state": "MB", "style": "ELECTRO - DANCE", "latitude": 50.150024, "longitude": -96.88332}, {"playDate": "2018-01-17T02:08:09.000+0000", "artistId": 123079, "songId": 38151401, "state": "GA", "style": "ELECTRO - DANCE", "latitude": 32.678123, "longitude": -83.22298}, {"playDate": "2018-01-17T02:20:29.000+0000", "artistId": 123079, "songId": 89141302, "state": "NY", "style": "ELECTRO - DANCE", "latitude": 40.705627, "longitude": -73.97968}, {"playDate": "2018-01-17T02:21:03.000+0000", "artistId": 123079, "songId": 27933702, "state": "WA", "style": "ELECTRO - DANCE", "latitude": 38.89935, "longitude": -77.014565}, {"playDate": "2018-01-17T02:21:50.000+0000", "artistId": 123079, "songId": 80694402, "state": "NY", "style": "ELECTRO - DANCE", "latitude": 40.705627, "longitude": -73.97968}, {"playDate": "2018-01-17T02:23:45.000+0000", "artistId": 123079, "songId": 74827606, "state": "GA", "style": "ELECTRO - DANCE", "latitude": 32.678123, "longitude": -83.22298}, {"playDate": "2018-01-17T02:24:21.000+0000", "artistId": 123079, "songId": 80694401, "state": "GA", "style": "ELECTRO - DANCE", "latitude": 32.678123, "longitude": -83.22298}, {"playDate": "2018-01-17T02:30:59.000+0000", "artistId": 123079, "songId": 74827606, "state": "IL", "style": "ELECTRO - DANCE", "latitude": 39.73932, "longitude": -89.50414}, {"playDate": "2018-01-17T02:33:15.000+0000", "artistId": 123079, "songId": 80694402, "state": "IA", "style": "ELECTRO - DANCE", "latitude": 41.938316, "longitude": -93.3898}, {"playDate": "2018-01-17T02:38:20.000+0000", "artistId": 123079, "songId": 15154401, "state": "IL", "style": "ELECTRO - DANCE", "latitude": 39.73932, "longitude": -89.50414}, {"playDate": "2018-01-17T02:41:28.000+0000", "artistId": 123079, "songId": 80694404, "state": "MN", "style": "ELECTRO - DANCE", "latitude": 46.44186, "longitude": -93.36552}, {"playDate": "2018-01-17T02:42:55.000+0000", "artistId": 123079, "songId": 80694401, "state": "RI", "style": "ELECTRO - DANCE", "latitude": 41.58273, "longitude": -71.506454}, {"playDate": "2018-01-17T02:46:17.000+0000", "artistId": 123079, "songId": 80694404, "state": "AL", "style": "ELECTRO - DANCE", "latitude": 32.60101, "longitude": -86.68073}, {"playDate": "2018-01-17T02:47:00.000+0000", "artistId": 123079, "songId": 80694401, "state": "FL", "style": "ELECTRO - DANCE", "latitude": 27.975727, "longitude": -83.833015}, {"playDate": "2018-01-17T02:59:00.000+0000", "artistId": 123079, "songId": 80694401, "state": "TX", "style": "ELECTRO - DANCE", "latitude": 31.169336, "longitude": -100.07684}, {"playDate": "2018-01-17T03:01:48.000+0000", "artistId": 123079, "songId": 80694402, "state": "IA", "style": "ELECTRO - DANCE", "latitude": 41.938316, "longitude": -93.3898}, {"playDate": "2018-01-17T03:02:13.000+0000", "artistId": 123079, "songId": 80694402, "state": "FL", "style": "ELECTRO - DANCE", "latitude": 27.975727, "longitude": -83.833015}, {"playDate": "2018-01-17T03:03:31.000+0000", "artistId": 123079, "songId": 80694404, "state": "TX", "style": "ELECTRO - DANCE", "latitude": 31.169336, "longitude": -100.07684}, {"playDate": "2018-01-17T03:11:03.000+0000", "artistId": 123079, "songId": 74827606, "state": "KY", "style": "ELECTRO - DANCE", "latitude": 37.822292, "longitude": -85.76824}, {"playDate": "2018-01-17T03:18:33.000+0000", "artistId": 123079, "songId": 80694404, "state": "TX", "style": "ELECTRO - DANCE", "latitude": 31.169336, "longitude": -100.07684}, {"playDate": "2018-01-17T03:39:22.000+0000", "artistId": 123079, "songId": 80694402, "state": "NC", "style": "ELECTRO - DANCE", "latitude": 35.21456, "longitude": -79.891266}, {"playDate": "2018-01-17T03:44:33.000+0000", "artistId": 123079, "songId": 80694402, "state": "MO", "style": "ELECTRO - DANCE", "latitude": 38.30466, "longitude": -92.437096}, {"playDate": "2018-01-17T04:04:22.000+0000", "artistId": 123079, "songId": 80694404, "state": "OH", "style": "ELECTRO - DANCE", "latitude": 40.19036, "longitude": -82.66925}, {"playDate": "2018-01-17T04:26:13.000+0000", "artistId": 123079, "songId": 74827606, "state": "OH", "style": "ELECTRO - DANCE", "latitude": 40.19036, "longitude": -82.66925}, {"playDate": "2018-01-17T04:28:20.000+0000", "artistId": 123079, "songId": 80694401, "state": "MN", "style": "ELECTRO - DANCE", "latitude": 46.44186, "longitude": -93.36552}, {"playDate": "2018-01-17T04:36:53.000+0000", "artistId": 123079, "songId": 80694402, "state": "NC", "style": "ELECTRO - DANCE", "latitude": 35.21456, "longitude": -79.891266}, {"playDate": "2018-01-17T04:42:44.000+0000", "artistId": 123079, "songId": 74827606, "state": "TN", "style": "ELECTRO - DANCE", "latitude": 35.83052, "longitude": -85.9786}, {"playDate": "2018-01-17T04:44:29.000+0000", "artistId": 123079, "songId": 80694404, "state": "ON", "style": "ELECTRO - DANCE", "latitude": 44.566647, "longitude": -80.84998}, {"playDate": "2018-01-17T04:47:43.000+0000", "artistId": 123079, "songId": 15154401, "state": "CA", "style": "ELECTRO - DANCE", "latitude": 37.271873, "longitude": -119.27042}, {"playDate": "2018-01-17T04:50:53.000+0000", "artistId": 123079, "songId": 74827606, "state": "VA", "style": "ELECTRO - DANCE", "latitude": 38.003384, "longitude": -79.458786}, {"playDate": "2018-01-17T05:00:43.000+0000", "artistId": 123079, "songId": 80694404, "state": "TX", "style": "ELECTRO - DANCE", "latitude": 31.169336, "longitude": -100.07684}, {"playDate": "2018-01-17T05:06:52.000+0000", "artistId": 123079, "songId": 89141302, "state": "NC", "style": "ELECTRO - DANCE", "latitude": 35.21456, "longitude": -79.891266}, {"playDate": "2018-01-17T05:18:54.000+0000", "artistId": 123079, "songId": 80694402, "state": "TN", "style": "ELECTRO - DANCE", "latitude": 35.83052, "longitude": -85.9786}, {"playDate": "2018-01-17T05:34:56.000+0000", "artistId": 123079, "songId": 80694404, "state": "NM", "style": "ELECTRO - DANCE", "latitude": 34.166233, "longitude": -106.02607}, {"playDate": "2018-01-17T05:59:26.000+0000", "artistId": 123079, "songId": 37778501, "state": "PA", "style": "ELECTRO - DANCE", "latitude": 40.994595, "longitude": -77.6047}, {"playDate": "2018-01-17T06:15:28.000+0000", "artistId": 123079, "songId": 80694402, "state": "TX", "style": "ELECTRO - DANCE", "latitude": 31.169336, "longitude": -100.07684}, {"playDate": "2018-01-17T06:33:21.000+0000", "artistId": 123079, "songId": 89141302, "state": "CA", "style": "ELECTRO - DANCE", "latitude": 37.271873, "longitude": -119.27042}, {"playDate": "2018-01-17T06:37:20.000+0000", "artistId": 123079, "songId": 74827606, "state": "CO", "style": "ELECTRO - DANCE", "latitude": 38.997932, "longitude": -105.55057}, {"playDate": "2018-01-17T06:44:10.000+0000", "artistId": 123079, "songId": 80694402, "state": "FL", "style": "ELECTRO - DANCE", "latitude": 27.975727, "longitude": -83.833015}, {"playDate": "2018-01-17T06:54:14.000+0000", "artistId": 123079, "songId": 74827606, "state": "TN", "style": "ELECTRO - DANCE", "latitude": 35.83052, "longitude": -85.9786}, {"playDate": "2018-01-17T06:56:02.000+0000", "artistId": 123079, "songId": 38151401, "state": "VA", "style": "ELECTRO - DANCE", "latitude": 38.003384, "longitude": -79.458786}, {"playDate": "2018-01-17T06:58:54.000+0000", "artistId": 123079, "songId": 74827606, "state": "PA", "style": "ELECTRO - DANCE", "latitude": 40.994595, "longitude": -77.6047}, {"playDate": "2018-01-17T07:04:57.000+0000", "artistId": 123079, "songId": 80694404, "state": "GA", "style": "ELECTRO - DANCE", "latitude": 32.678123, "longitude": -83.22298}, {"playDate": "2018-01-17T07:08:40.000+0000", "artistId": 123079, "songId": 15154401, "state": "KS", "style": "ELECTRO - DANCE", "latitude": 38.49878, "longitude": -98.320076}, {"playDate": "2018-01-17T07:08:52.000+0000", "artistId": 123079, "songId": 74827606, "state": "KS", "style": "ELECTRO - DANCE", "latitude": 38.49878, "longitude": -98.320076}, {"playDate": "2018-01-17T07:11:57.000+0000", "artistId": 123079, "songId": 15154401, "state": "TN", "style": "ELECTRO - DANCE", "latitude": 35.83052, "longitude": -85.9786}, {"playDate": "2018-01-17T07:16:16.000+0000", "artistId": 123079, "songId": 38151401, "state": "SC", "style": "ELECTRO - DANCE", "latitude": 33.62505, "longitude": -80.94704}, {"playDate": "2018-01-17T07:17:45.000+0000", "artistId": 123079, "songId": 89141302, "state": "PA", "style": "ELECTRO - DANCE", "latitude": 40.994595, "longitude": -77.6047}, {"playDate": "2018-01-17T07:19:28.000+0000", "artistId": 123079, "songId": 80694401, "state": "KS", "style": "ELECTRO - DANCE", "latitude": 38.49878, "longitude": -98.320076}, {"playDate": "2018-01-17T07:38:05.000+0000", "artistId": 123079, "songId": 80694403, "state": "IL", "style": "ELECTRO - DANCE", "latitude": 39.73932, "longitude": -89.50414}, {"playDate": "2018-01-17T07:39:32.000+0000", "artistId": 123079, "songId": 80694402, "state": "NV", "style": "ELECTRO - DANCE", "latitude": 38.502033, "longitude": -117.02306}, {"playDate": "2018-01-17T07:40:15.000+0000", "artistId": 123079, "songId": 80694401, "state": "PA", "style": "ELECTRO - DANCE", "latitude": 40.994595, "longitude": -77.6047}, {"playDate": "2018-01-17T07:51:32.000+0000", "artistId": 123079, "songId": 15154401, "state": "RI", "style": "ELECTRO - DANCE", "latitude": 41.58273, "longitude": -71.506454}, {"playDate": "2018-01-17T07:57:35.000+0000", "artistId": 123079, "songId": 15154401, "state": "AZ", "style": "ELECTRO - DANCE", "latitude": 34.168217, "longitude": -111.93091}, {"playDate": "2018-01-17T08:04:21.000+0000", "artistId": 123079, "songId": 74827606, "state": "TX", "style": "ELECTRO - DANCE", "latitude": 31.169336, "longitude": -100.07684}, {"playDate": "2018-01-17T08:11:16.000+0000", "artistId": 123079, "songId": 15154401, "state": "OH", "style": "ELECTRO - DANCE", "latitude": 40.19036, "longitude": -82.66925}, {"playDate": "2018-01-17T08:24:03.000+0000", "artistId": 123079, "songId": 80694401, "state": "MN", "style": "ELECTRO - DANCE", "latitude": 46.44186, "longitude": -93.36552}, {"playDate": "2018-01-17T08:26:54.000+0000", "artistId": 123079, "songId": 38151401, "state": "CA", "style": "ELECTRO - DANCE", "latitude": 37.271873, "longitude": -119.27042}, {"playDate": "2018-01-17T08:32:31.000+0000", "artistId": 123079, "songId": 15154401, "state": "FL", "style": "ELECTRO - DANCE", "latitude": 27.975727, "longitude": -83.833015}, {"playDate": "2018-01-17T08:33:01.000+0000", "artistId": 123079, "songId": 80694401, "state": "NC", "style": "ELECTRO - DANCE", "latitude": 35.21456, "longitude": -79.891266}, {"playDate": "2018-01-17T08:46:13.000+0000", "artistId": 123079, "songId": 74827606, "state": "KY", "style": "ELECTRO - DANCE", "latitude": 37.822292, "longitude": -85.76824}, {"playDate": "2018-01-17T08:49:02.000+0000", "artistId": 123079, "songId": 74827606, "state": "MN", "style": "ELECTRO - DANCE", "latitude": 46.44186, "longitude": -93.36552}, {"playDate": "2018-01-17T08:52:06.000+0000", "artistId": 123079, "songId": 80694401, "state": "MN", "style": "ELECTRO - DANCE", "latitude": 46.44186, "longitude": -93.36552}, {"playDate": "2018-01-17T09:02:36.000+0000", "artistId": 123079, "songId": 74827606, "state": "WI", "style": "ELECTRO - DANCE", "latitude": 44.786297, "longitude": -89.826706}, {"playDate": "2018-01-17T09:02:52.000+0000", "artistId": 123079, "songId": 80694401, "state": "IL", "style": "ELECTRO - DANCE", "latitude": 39.73932, "longitude": -89.50414}, {"playDate": "2018-01-17T09:06:19.000+0000", "artistId": 123079, "songId": 80694404, "state": "FL", "style": "ELECTRO - DANCE", "latitude": 27.975727, "longitude": -83.833015}, {"playDate": "2018-01-17T09:08:39.000+0000", "artistId": 123079, "songId": 89141302, "state": "TX", "style": "ELECTRO - DANCE", "latitude": 31.169336, "longitude": -100.07684}, {"playDate": "2018-01-17T09:12:55.000+0000", "artistId": 123079, "songId": 80694402, "state": "WY", "style": "ELECTRO - DANCE", "latitude": 43.000324, "longitude": -107.554565}, {"playDate": "2018-01-17T09:18:13.000+0000", "artistId": 123079, "songId": 38151401, "state": "CA", "style": "ELECTRO - DANCE", "latitude": 37.271873, "longitude": -119.27042}, {"playDate": "2018-01-17T09:19:10.000+0000", "artistId": 123079, "songId": 80694402, "state": "MA", "style": "ELECTRO - DANCE", "latitude": 42.06294, "longitude": -71.71806}, {"playDate": "2018-01-17T09:22:55.000+0000", "artistId": 123079, "songId": 80694404, "state": "TX", "style": "ELECTRO - DANCE", "latitude": 31.169336, "longitude": -100.07684}, {"playDate": "2018-01-17T09:25:29.000+0000", "artistId": 123079, "songId": 80694404, "state": "TX", "style": "ELECTRO - DANCE", "latitude": 31.169336, "longitude": -100.07684}, {"playDate": "2018-01-17T09:37:56.000+0000", "artistId": 123079, "songId": 74827606, "state": "IN", "style": "ELECTRO - DANCE", "latitude": 39.76622, "longitude": -86.44128}, {"playDate": "2018-01-17T09:43:43.000+0000", "artistId": 123079, "songId": 80694401, "state": "VA", "style": "ELECTRO - DANCE", "latitude": 38.003384, "longitude": -79.458786}, {"playDate": "2018-01-17T09:48:34.000+0000", "artistId": 123079, "songId": 80694404, "state": "ON", "style": "ELECTRO - DANCE", "latitude": 44.566647, "longitude": -80.84998}, {"playDate": "2018-01-17T10:00:00.000+0000", "artistId": 123079, "songId": 80694402, "state": "IA", "style": "ELECTRO - DANCE", "latitude": 41.938316, "longitude": -93.3898}, {"playDate": "2018-01-17T10:00:33.000+0000", "artistId": 123079, "songId": 80694401, "state": "MN", "style": "ELECTRO - DANCE", "latitude": 46.44186, "longitude": -93.36552}, {"playDate": "2018-01-17T10:02:24.000+0000", "artistId": 123079, "songId": 89141302, "state": "TX", "style": "ELECTRO - DANCE", "latitude": 31.169336, "longitude": -100.07684}, {"playDate": "2018-01-17T10:10:08.000+0000", "artistId": 123079, "songId": 80694403, "state": "WA", "style": "ELECTRO - DANCE", "latitude": 38.89935, "longitude": -77.014565}, {"playDate": "2018-01-17T10:10:20.000+0000", "artistId": 123079, "songId": 80694401, "state": "VA", "style": "ELECTRO - DANCE", "latitude": 38.003384, "longitude": -79.458786}, {"playDate": "2018-01-17T10:11:22.000+0000", "artistId": 123079, "songId": 80694401, "state": "GA", "style": "ELECTRO - DANCE", "latitude": 32.678123, "longitude": -83.22298}, {"playDate": "2018-01-17T10:17:48.000+0000", "artistId": 123079, "songId": 80694401, "state": "CA", "style": "ELECTRO - DANCE", "latitude": 37.271873, "longitude": -119.27042}, {"playDate": "2018-01-17T10:25:32.000+0000", "artistId": 123079, "songId": 15154401, "state": "TX", "style": "ELECTRO - DANCE", "latitude": 31.169336, "longitude": -100.07684}, {"playDate": "2018-01-17T10:26:40.000+0000", "artistId": 123079, "songId": 89141302, "state": "TX", "style": "ELECTRO - DANCE", "latitude": 31.169336, "longitude": -100.07684}, {"playDate": "2018-01-17T10:32:37.000+0000", "artistId": 123079, "songId": 15154401, "state": "TX", "style": "ELECTRO - DANCE", "latitude": 31.169336, "longitude": -100.07684}, {"playDate": "2018-01-17T10:36:15.000+0000", "artistId": 123079, "songId": 80694401, "state": "KY", "style": "ELECTRO - DANCE", "latitude": 37.822292, "longitude": -85.76824}, {"playDate": "2018-01-17T10:38:16.000+0000", "artistId": 123079, "songId": 74827606, "state": "NJ", "style": "ELECTRO - DANCE", "latitude": 40.143005, "longitude": -74.73112}, {"playDate": "2018-01-17T10:40:03.000+0000", "artistId": 123079, "songId": 80694404, "state": "NJ", "style": "ELECTRO - DANCE", "latitude": 40.143005, "longitude": -74.73112}, {"playDate": "2018-01-17T10:41:14.000+0000", "artistId": 123079, "songId": 74827606, "state": "NY", "style": "ELECTRO - DANCE", "latitude": 40.705627, "longitude": -73.97968}, {"playDate": "2018-01-17T10:41:56.000+0000", "artistId": 123079, "songId": 80694401, "state": "WI", "style": "ELECTRO - DANCE", "latitude": 44.786297, "longitude": -89.826706}, {"playDate": "2018-01-17T10:48:59.000+0000", "artistId": 123079, "songId": 80694401, "state": "UT", "style": "ELECTRO - DANCE", "latitude": 39.49976, "longitude": -111.54703}, {"playDate": "2018-01-17T11:07:25.000+0000", "artistId": 123079, "songId": 15154401, "state": "TX", "style": "ELECTRO - DANCE", "latitude": 31.169336, "longitude": -100.07684}, {"playDate": "2018-01-17T11:09:57.000+0000", "artistId": 123079, "songId": 80694401, "state": "OH", "style": "ELECTRO - DANCE", "latitude": 40.19036, "longitude": -82.66925}, {"playDate": "2018-01-17T11:11:04.000+0000", "artistId": 123079, "songId": 80694402, "state": "IN", "style": "ELECTRO - DANCE", "latitude": 39.76622, "longitude": -86.44128}, {"playDate": "2018-01-17T11:12:00.000+0000", "artistId": 123079, "songId": 80694401, "state": "CA", "style": "ELECTRO - DANCE", "latitude": 37.271873, "longitude": -119.27042}, {"playDate": "2018-01-17T11:12:35.000+0000", "artistId": 123079, "songId": 80694401, "state": "AZ", "style": "ELECTRO - DANCE", "latitude": 34.168217, "longitude": -111.93091}, {"playDate": "2018-01-17T11:17:26.000+0000", "artistId": 123079, "songId": 80694402, "state": "CA", "style": "ELECTRO - DANCE", "latitude": 37.271873, "longitude": -119.27042}, {"playDate": "2018-01-17T11:35:05.000+0000", "artistId": 123079, "songId": 74827606, "state": "VA", "style": "ELECTRO - DANCE", "latitude": 38.003384, "longitude": -79.458786}, {"playDate": "2018-01-17T11:51:23.000+0000", "artistId": 123079, "songId": 80694403, "state": "FL", "style": "ELECTRO - DANCE", "latitude": 27.975727, "longitude": -83.833015}, {"playDate": "2018-01-17T11:53:05.000+0000", "artistId": 123079, "songId": 80694401, "state": "TX", "style": "ELECTRO - DANCE", "latitude": 31.169336, "longitude": -100.07684}, {"playDate": "2018-01-17T11:54:59.000+0000", "artistId": 123079, "songId": 80694401, "state": "ME", "style": "ELECTRO - DANCE", "latitude": 45.218513, "longitude": -69.01486}, {"playDate": "2018-01-17T12:06:31.000+0000", "artistId": 123079, "songId": 80694401, "state": "UT", "style": "ELECTRO - DANCE", "latitude": 39.49976, "longitude": -111.54703}, {"playDate": "2018-01-17T12:18:17.000+0000", "artistId": 123079, "songId": 80694402, "state": "VA", "style": "ELECTRO - DANCE", "latitude": 38.003384, "longitude": -79.458786}, {"playDate": "2018-01-17T12:27:41.000+0000", "artistId": 123079, "songId": 89141302, "state": "CA", "style": "ELECTRO - DANCE", "latitude": 37.271873, "longitude": -119.27042}, {"playDate": "2018-01-17T12:31:50.000+0000", "artistId": 123079, "songId": 80694402, "state": "ON", "style": "ELECTRO - DANCE", "latitude": 44.566647, "longitude": -80.84998}, {"playDate": "2018-01-17T12:43:13.000+0000", "artistId": 123079, "songId": 80694401, "state": "VA", "style": "ELECTRO - DANCE", "latitude": 38.003384, "longitude": -79.458786}, {"playDate": "2018-01-17T12:52:05.000+0000", "artistId": 123079, "songId": 74827606, "state": "TX", "style": "ELECTRO - DANCE", "latitude": 31.169336, "longitude": -100.07684}, {"playDate": "2018-01-17T12:57:08.000+0000", "artistId": 123079, "songId": 80694402, "state": "WY", "style": "ELECTRO - DANCE", "latitude": 43.000324, "longitude": -107.554565}, {"playDate": "2018-01-17T12:57:23.000+0000", "artistId": 123079, "songId": 89141302, "state": "IN", "style": "ELECTRO - DANCE", "latitude": 39.76622, "longitude": -86.44128}, {"playDate": "2018-01-17T12:58:53.000+0000", "artistId": 123079, "songId": 37778501, "state": "WI", "style": "ELECTRO - DANCE", "latitude": 44.786297, "longitude": -89.826706}, {"playDate": "2018-01-17T13:04:51.000+0000", "artistId": 123079, "songId": 80694402, "state": "FL", "style": "ELECTRO - DANCE", "latitude": 27.975727, "longitude": -83.833015}, {"playDate": "2018-01-17T13:07:11.000+0000", "artistId": 123079, "songId": 80694404, "state": "OH", "style": "ELECTRO - DANCE", "latitude": 40.19036, "longitude": -82.66925}, {"playDate": "2018-01-17T13:12:35.000+0000", "artistId": 123079, "songId": 80694401, "state": "CA", "style": "ELECTRO - DANCE", "latitude": 37.271873, "longitude": -119.27042}, {"playDate": "2018-01-17T13:21:16.000+0000", "artistId": 123079, "songId": 74827606, "state": "PA", "style": "ELECTRO - DANCE", "latitude": 40.994595, "longitude": -77.6047}, {"playDate": "2018-01-17T13:21:20.000+0000", "artistId": 123079, "songId": 89141302, "state": "FL", "style": "ELECTRO - DANCE", "latitude": 27.975727, "longitude": -83.833015}, {"playDate": "2018-01-17T13:27:04.000+0000", "artistId": 123079, "songId": 80694401, "state": "OH", "style": "ELECTRO - DANCE", "latitude": 40.19036, "longitude": -82.66925}, {"playDate": "2018-01-17T13:32:24.000+0000", "artistId": 123079, "songId": 80694401, "state": "NC", "style": "ELECTRO - DANCE", "latitude": 35.21456, "longitude": -79.891266}, {"playDate": "2018-01-17T13:38:39.000+0000", "artistId": 123079, "songId": 80694403, "state": "TN", "style": "ELECTRO - DANCE", "latitude": 35.83052, "longitude": -85.9786}, {"playDate": "2018-01-17T13:41:31.000+0000", "artistId": 123079, "songId": 37778501, "state": "CA", "style": "ELECTRO - DANCE", "latitude": 37.271873, "longitude": -119.27042}, {"playDate": "2018-01-17T13:42:02.000+0000", "artistId": 123079, "songId": 74827606, "state": "CA", "style": "ELECTRO - DANCE", "latitude": 37.271873, "longitude": -119.27042}, {"playDate": "2018-01-17T13:42:06.000+0000", "artistId": 123079, "songId": 80694401, "state": "OK", "style": "ELECTRO - DANCE", "latitude": 35.309765, "longitude": -98.71656}, {"playDate": "2018-01-17T13:43:18.000+0000", "artistId": 123079, "songId": 80694401, "state": "TX", "style": "ELECTRO - DANCE", "latitude": 31.169336, "longitude": -100.07684}, {"playDate": "2018-01-17T13:43:43.000+0000", "artistId": 123079, "songId": 80694401, "state": "TX", "style": "ELECTRO - DANCE", "latitude": 31.169336, "longitude": -100.07684}, {"playDate": "2018-01-17T13:45:56.000+0000", "artistId": 123079, "songId": 74827606, "state": "VA", "style": "ELECTRO - DANCE", "latitude": 38.003384, "longitude": -79.458786}, {"playDate": "2018-01-17T13:51:21.000+0000", "artistId": 123079, "songId": 80694402, "state": "FL", "style": "ELECTRO - DANCE", "latitude": 27.975727, "longitude": -83.833015}, {"playDate": "2018-01-17T13:52:27.000+0000", "artistId": 123079, "songId": 80694401, "state": "VA", "style": "ELECTRO - DANCE", "latitude": 38.003384, "longitude": -79.458786}, {"playDate": "2018-01-17T13:55:05.000+0000", "artistId": 123079, "songId": 80694402, "state": "TN", "style": "ELECTRO - DANCE", "latitude": 35.83052, "longitude": -85.9786}, {"playDate": "2018-01-17T13:58:03.000+0000", "artistId": 123079, "songId": 80694402, "state": "WA", "style": "ELECTRO - DANCE", "latitude": 38.89935, "longitude": -77.014565}, {"playDate": "2018-01-17T14:02:35.000+0000", "artistId": 123079, "songId": 38151401, "state": "ON", "style": "ELECTRO - DANCE", "latitude": 44.566647, "longitude": -80.84998}, {"playDate": "2018-01-17T14:03:44.000+0000", "artistId": 123079, "songId": 89141302, "state": "PA", "style": "ELECTRO - DANCE", "latitude": 40.994595, "longitude": -77.6047}, {"playDate": "2018-01-17T14:05:53.000+0000", "artistId": 123079, "songId": 80694401, "state": "NC", "style": "ELECTRO - DANCE", "latitude": 35.21456, "longitude": -79.891266}, {"playDate": "2018-01-17T14:07:09.000+0000", "artistId": 123079, "songId": 74827606, "state": "NV", "style": "ELECTRO - DANCE", "latitude": 38.502033, "longitude": -117.02306}, {"playDate": "2018-01-17T14:07:49.000+0000", "artistId": 123079, "songId": 80694401, "state": "FL", "style": "ELECTRO - DANCE", "latitude": 27.975727, "longitude": -83.833015}, {"playDate": "2018-01-17T14:14:34.000+0000", "artistId": 123079, "songId": 80694404, "state": "WI", "style": "ELECTRO - DANCE", "latitude": 44.786297, "longitude": -89.826706}, {"playDate": "2018-01-17T14:27:57.000+0000", "artistId": 123079, "songId": 80694403, "state": "MN", "style": "ELECTRO - DANCE", "latitude": 46.44186, "longitude": -93.36552}, {"playDate": "2018-01-17T14:38:49.000+0000", "artistId": 123079, "songId": 80694404, "state": "KS", "style": "ELECTRO - DANCE", "latitude": 38.49878, "longitude": -98.320076}, {"playDate": "2018-01-17T14:40:54.000+0000", "artistId": 123079, "songId": 74827606, "state": "IL", "style": "ELECTRO - DANCE", "latitude": 39.73932, "longitude": -89.50414}, {"playDate": "2018-01-17T14:44:18.000+0000", "artistId": 123079, "songId": 38151401, "state": "KS", "style": "ELECTRO - DANCE", "latitude": 38.49878, "longitude": -98.320076}, {"playDate": "2018-01-17T14:55:11.000+0000", "artistId": 123079, "songId": 15154401, "state": "CA", "style": "ELECTRO - DANCE", "latitude": 37.271873, "longitude": -119.27042}, {"playDate": "2018-01-17T14:58:31.000+0000", "artistId": 123079, "songId": 89141302, "state": "TN", "style": "ELECTRO - DANCE", "latitude": 35.83052, "longitude": -85.9786}, {"playDate": "2018-01-17T15:01:19.000+0000", "artistId": 123079, "songId": 80694402, "state": "IA", "style": "ELECTRO - DANCE", "latitude": 41.938316, "longitude": -93.3898}, {"playDate": "2018-01-17T15:03:30.000+0000", "artistId": 123079, "songId": 80694401, "state": "OH", "style": "ELECTRO - DANCE", "latitude": 40.19036, "longitude": -82.66925}, {"playDate": "2018-01-17T15:07:31.000+0000", "artistId": 123079, "songId": 80694401, "state": "OR", "style": "ELECTRO - DANCE", "latitude": 44.141907, "longitude": -120.5381}, {"playDate": "2018-01-17T15:12:40.000+0000", "artistId": 123079, "songId": 80694401, "state": "TX", "style": "ELECTRO - DANCE", "latitude": 31.169336, "longitude": -100.07684}, {"playDate": "2018-01-17T15:21:35.000+0000", "artistId": 123079, "songId": 89141302, "state": "MN", "style": "ELECTRO - DANCE", "latitude": 46.44186, "longitude": -93.36552}, {"playDate": "2018-01-17T15:23:35.000+0000", "artistId": 123079, "songId": 80694403, "state": "CA", "style": "ELECTRO - DANCE", "latitude": 37.271873, "longitude": -119.27042}, {"playDate": "2018-01-17T15:34:52.000+0000", "artistId": 123079, "songId": 37778501, "state": "WI", "style": "ELECTRO - DANCE", "latitude": 44.786297, "longitude": -89.826706}, {"playDate": "2018-01-17T15:41:44.000+0000", "artistId": 123079, "songId": 38151401, "state": "NY", "style": "ELECTRO - DANCE", "latitude": 40.705627, "longitude": -73.97968}, {"playDate": "2018-01-17T15:49:49.000+0000", "artistId": 123079, "songId": 15154401, "state": "IL", "style": "ELECTRO - DANCE", "latitude": 39.73932, "longitude": -89.50414}, {"playDate": "2018-01-17T15:50:36.000+0000", "artistId": 123079, "songId": 89141302, "state": "UT", "style": "ELECTRO - DANCE", "latitude": 39.49976, "longitude": -111.54703}, {"playDate": "2018-01-17T15:51:18.000+0000", "artistId": 123079, "songId": 80694401, "state": "UT", "style": "ELECTRO - DANCE", "latitude": 39.49976, "longitude": -111.54703}, {"playDate": "2018-01-17T16:02:13.000+0000", "artistId": 123079, "songId": 80694402, "state": "FL", "style": "ELECTRO - DANCE", "latitude": 27.975727, "longitude": -83.833015}, {"playDate": "2018-01-17T16:15:46.000+0000", "artistId": 123079, "songId": 80694403, "state": "AZ", "style": "ELECTRO - DANCE", "latitude": 34.168217, "longitude": -111.93091}, {"playDate": "2018-01-17T16:26:10.000+0000", "artistId": 123079, "songId": 78104602, "state": "CO", "style": "ELECTRO - DANCE", "latitude": 38.997932, "longitude": -105.55057}, {"playDate": "2018-01-17T16:34:43.000+0000", "artistId": 123079, "songId": 74827606, "state": "TX", "style": "ELECTRO - DANCE", "latitude": 31.169336, "longitude": -100.07684}, {"playDate": "2018-01-17T16:36:05.000+0000", "artistId": 123079, "songId": 80694403, "state": "CA", "style": "ELECTRO - DANCE", "latitude": 37.271873, "longitude": -119.27042}, {"playDate": "2018-01-17T16:41:46.000+0000", "artistId": 123079, "songId": 80694401, "state": "MN", "style": "ELECTRO - DANCE", "latitude": 46.44186, "longitude": -93.36552}, {"playDate": "2018-01-17T16:46:48.000+0000", "artistId": 123079, "songId": 89141302, "state": "CO", "style": "ELECTRO - DANCE", "latitude": 38.997932, "longitude": -105.55057}, {"playDate": "2018-01-17T16:54:29.000+0000", "artistId": 123079, "songId": 80694401, "state": "TX", "style": "ELECTRO - DANCE", "latitude": 31.169336, "longitude": -100.07684}, {"playDate": "2018-01-17T16:57:45.000+0000", "artistId": 123079, "songId": 80694401, "state": "TX", "style": "ELECTRO - DANCE", "latitude": 31.169336, "longitude": -100.07684}, {"playDate": "2018-01-17T17:02:03.000+0000", "artistId": 123079, "songId": 38151401, "state": "GA", "style": "ELECTRO - DANCE", "latitude": 32.678123, "longitude": -83.22298}, {"playDate": "2018-01-17T17:02:13.000+0000", "artistId": 123079, "songId": 15154401, "state": "MS", "style": "ELECTRO - DANCE", "latitude": 32.585106, "longitude": -89.87722}, {"playDate": "2018-01-17T17:05:42.000+0000", "artistId": 123079, "songId": 89141302, "state": "IA", "style": "ELECTRO - DANCE", "latitude": 41.938316, "longitude": -93.3898}, {"playDate": "2018-01-17T17:08:41.000+0000", "artistId": 123079, "songId": 89141302, "state": "IL", "style": "ELECTRO - DANCE", "latitude": 39.73932, "longitude": -89.50414}, {"playDate": "2018-01-17T17:12:04.000+0000", "artistId": 123079, "songId": 80694401, "state": "CO", "style": "ELECTRO - DANCE", "latitude": 38.997932, "longitude": -105.55057}, {"playDate": "2018-01-17T17:21:44.000+0000", "artistId": 123079, "songId": 80694402, "state": "CO", "style": "ELECTRO - DANCE", "latitude": 38.997932, "longitude": -105.55057}, {"playDate": "2018-01-17T17:26:05.000+0000", "artistId": 123079, "songId": 74827606, "state": "ON", "style": "ELECTRO - DANCE", "latitude": 44.566647, "longitude": -80.84998}, {"playDate": "2018-01-17T17:28:24.000+0000", "artistId": 123079, "songId": 74827606, "state": "VA", "style": "ELECTRO - DANCE", "latitude": 38.003384, "longitude": -79.458786}, {"playDate": "2018-01-17T17:31:35.000+0000", "artistId": 123079, "songId": 80694401, "state": "QC", "style": "ELECTRO - DANCE", "latitude": 49.82258, "longitude": -64.34799}, {"playDate": "2018-01-17T17:35:14.000+0000", "artistId": 123079, "songId": 80694404, "state": "CA", "style": "ELECTRO - DANCE", "latitude": 37.271873, "longitude": -119.27042}, {"playDate": "2018-01-17T17:37:02.000+0000", "artistId": 123079, "songId": 80694403, "state": "WV", "style": "ELECTRO - DANCE", "latitude": 38.92017, "longitude": -80.181694}, {"playDate": "2018-01-17T17:38:22.000+0000", "artistId": 123079, "songId": 80694403, "state": "AZ", "style": "ELECTRO - DANCE", "latitude": 34.168217, "longitude": -111.93091}, {"playDate": "2018-01-17T17:41:49.000+0000", "artistId": 123079, "songId": 80694402, "state": "WI", "style": "ELECTRO - DANCE", "latitude": 44.786297, "longitude": -89.826706}, {"playDate": "2018-01-17T17:45:21.000+0000", "artistId": 123079, "songId": 74827606, "state": "CA", "style": "ELECTRO - DANCE", "latitude": 37.271873, "longitude": -119.27042}, {"playDate": "2018-01-17T17:51:53.000+0000", "artistId": 123079, "songId": 15154401, "state": "WI", "style": "ELECTRO - DANCE", "latitude": 44.786297, "longitude": -89.826706}, {"playDate": "2018-01-17T17:53:16.000+0000", "artistId": 123079, "songId": 74827606, "state": "FL", "style": "ELECTRO - DANCE", "latitude": 27.975727, "longitude": -83.833015}, {"playDate": "2018-01-17T17:56:03.000+0000", "artistId": 123079, "songId": 89141302, "state": "TX", "style": "ELECTRO - DANCE", "latitude": 31.169336, "longitude": -100.07684}, {"playDate": "2018-01-17T18:00:39.000+0000", "artistId": 123079, "songId": 15154401, "state": "IA", "style": "ELECTRO - DANCE", "latitude": 41.938316, "longitude": -93.3898}, {"playDate": "2018-01-17T18:05:23.000+0000", "artistId": 123079, "songId": 80694402, "state": "TN", "style": "ELECTRO - DANCE", "latitude": 35.83052, "longitude": -85.9786}, {"playDate": "2018-01-17T18:09:23.000+0000", "artistId": 123079, "songId": 80694401, "state": "NC", "style": "ELECTRO - DANCE", "latitude": 35.21456, "longitude": -79.891266}, {"playDate": "2018-01-17T18:13:05.000+0000", "artistId": 123079, "songId": 89141302, "state": "KS", "style": "ELECTRO - DANCE", "latitude": 38.49878, "longitude": -98.320076}, {"playDate": "2018-01-17T18:15:52.000+0000", "artistId": 123079, "songId": 89141302, "state": "IL", "style": "ELECTRO - DANCE", "latitude": 39.73932, "longitude": -89.50414}, {"playDate": "2018-01-17T18:28:50.000+0000", "artistId": 123079, "songId": 37778501, "state": "OH", "style": "ELECTRO - DANCE", "latitude": 40.19036, "longitude": -82.66925}, {"playDate": "2018-01-17T18:35:13.000+0000", "artistId": 123079, "songId": 80694401, "state": "DC", "style": "ELECTRO - DANCE", "latitude": 38.89935, "longitude": -77.014565}, {"playDate": "2018-01-17T18:36:52.000+0000", "artistId": 123079, "songId": 15154401, "state": "UT", "style": "ELECTRO - DANCE", "latitude": 39.49976, "longitude": -111.54703}, {"playDate": "2018-01-17T18:42:55.000+0000", "artistId": 123079, "songId": 80694401, "state": "NY", "style": "ELECTRO - DANCE", "latitude": 40.705627, "longitude": -73.97968}, {"playDate": "2018-01-17T18:44:09.000+0000", "artistId": 123079, "songId": 89141302, "state": "KY", "style": "ELECTRO - DANCE", "latitude": 37.822292, "longitude": -85.76824}, {"playDate": "2018-01-17T18:47:08.000+0000", "artistId": 123079, "songId": 74827606, "state": "VA", "style": "ELECTRO - DANCE", "latitude": 38.003384, "longitude": -79.458786}, {"playDate": "2018-01-17T18:48:26.000+0000", "artistId": 123079, "songId": 37778501, "state": "KY", "style": "ELECTRO - DANCE", "latitude": 37.822292, "longitude": -85.76824}, {"playDate": "2018-01-17T19:02:06.000+0000", "artistId": 123079, "songId": 80694401, "state": "AL", "style": "ELECTRO - DANCE", "latitude": 32.60101, "longitude": -86.68073}, {"playDate": "2018-01-17T19:06:28.000+0000", "artistId": 123079, "songId": 80694401, "state": "TX", "style": "ELECTRO - DANCE", "latitude": 31.169336, "longitude": -100.07684}, {"playDate": "2018-01-17T19:07:34.000+0000", "artistId": 123079, "songId": 89141302, "state": "TN", "style": "ELECTRO - DANCE", "latitude": 35.83052, "longitude": -85.9786}, {"playDate": "2018-01-17T19:22:50.000+0000", "artistId": 123079, "songId": 74827606, "state": "RI", "style": "ELECTRO - DANCE", "latitude": 41.58273, "longitude": -71.506454}, {"playDate": "2018-01-17T19:32:32.000+0000", "artistId": 123079, "songId": 38151401, "state": "OH", "style": "ELECTRO - DANCE", "latitude": 40.19036, "longitude": -82.66925}, {"playDate": "2018-01-17T19:35:01.000+0000", "artistId": 123079, "songId": 52789501, "state": "TN", "style": "ELECTRO - DANCE", "latitude": 35.83052, "longitude": -85.9786}, {"playDate": "2018-01-17T19:44:12.000+0000", "artistId": 123079, "songId": 15154401, "state": "GA", "style": "ELECTRO - DANCE", "latitude": 32.678123, "longitude": -83.22298}, {"playDate": "2018-01-17T19:44:24.000+0000", "artistId": 123079, "songId": 80694402, "state": "TX", "style": "ELECTRO - DANCE", "latitude": 31.169336, "longitude": -100.07684}, {"playDate": "2018-01-17T19:46:52.000+0000", "artistId": 123079, "songId": 37272101, "state": "CT", "style": "ELECTRO - DANCE", "latitude": 41.518784, "longitude": -72.75751}, {"playDate": "2018-01-17T19:48:02.000+0000", "artistId": 123079, "songId": 80694401, "state": "CA", "style": "ELECTRO - DANCE", "latitude": 37.271873, "longitude": -119.27042}, {"playDate": "2018-01-17T19:52:17.000+0000", "artistId": 123079, "songId": 80694402, "state": "CO", "style": "ELECTRO - DANCE", "latitude": 38.997932, "longitude": -105.55057}, {"playDate": "2018-01-17T20:05:16.000+0000", "artistId": 123079, "songId": 80694401, "state": "TX", "style": "ELECTRO - DANCE", "latitude": 31.169336, "longitude": -100.07684}, {"playDate": "2018-01-17T20:20:07.000+0000", "artistId": 123079, "songId": 89141302, "state": "TX", "style": "ELECTRO - DANCE", "latitude": 31.169336, "longitude": -100.07684}, {"playDate": "2018-01-17T20:24:43.000+0000", "artistId": 123079, "songId": 74827606, "state": "TX", "style": "ELECTRO - DANCE", "latitude": 31.169336, "longitude": -100.07684}, {"playDate": "2018-01-17T20:31:50.000+0000", "artistId": 123079, "songId": 80694404, "state": "MN", "style": "ELECTRO - DANCE", "latitude": 46.44186, "longitude": -93.36552}, {"playDate": "2018-01-17T20:32:29.000+0000", "artistId": 123079, "songId": 80694401, "state": "QC", "style": "ELECTRO - DANCE", "latitude": 49.82258, "longitude": -64.34799}, {"playDate": "2018-01-17T20:40:14.000+0000", "artistId": 123079, "songId": 80694403, "state": "TX", "style": "ELECTRO - DANCE", "latitude": 31.169336, "longitude": -100.07684}, {"playDate": "2018-01-17T20:46:45.000+0000", "artistId": 123079, "songId": 80694402, "state": "DE", "style": "ELECTRO - DANCE", "latitude": 39.145252, "longitude": -75.41892}, {"playDate": "2018-01-17T20:49:12.000+0000", "artistId": 123079, "songId": 89141302, "state": "CA", "style": "ELECTRO - DANCE", "latitude": 37.271873, "longitude": -119.27042}, {"playDate": "2018-01-17T20:52:43.000+0000", "artistId": 123079, "songId": 74827606, "state": "WI", "style": "ELECTRO - DANCE", "latitude": 44.786297, "longitude": -89.826706}, {"playDate": "2018-01-17T20:53:13.000+0000", "artistId": 123079, "songId": 89141302, "state": "CO", "style": "ELECTRO - DANCE", "latitude": 38.997932, "longitude": -105.55057}, {"playDate": "2018-01-17T20:58:30.000+0000", "artistId": 123079, "songId": 80694401, "state": "MN", "style": "ELECTRO - DANCE", "latitude": 46.44186, "longitude": -93.36552}, {"playDate": "2018-01-17T20:59:15.000+0000", "artistId": 123079, "songId": 78104601, "state": "FL", "style": "ELECTRO - DANCE", "latitude": 27.975727, "longitude": -83.833015}, {"playDate": "2018-01-17T20:59:47.000+0000", "artistId": 123079, "songId": 80694401, "state": "NV", "style": "ELECTRO - DANCE", "latitude": 38.502033, "longitude": -117.02306}, {"playDate": "2018-01-17T21:01:32.000+0000", "artistId": 123079, "songId": 89141302, "state": "MN", "style": "ELECTRO - DANCE", "latitude": 46.44186, "longitude": -93.36552}, {"playDate": "2018-01-17T21:18:34.000+0000", "artistId": 123079, "songId": 74827606, "state": "AZ", "style": "ELECTRO - DANCE", "latitude": 34.168217, "longitude": -111.93091}, {"playDate": "2018-01-17T21:28:04.000+0000", "artistId": 123079, "songId": 80694402, "state": "CA", "style": "ELECTRO - DANCE", "latitude": 37.271873, "longitude": -119.27042}, {"playDate": "2018-01-17T21:32:10.000+0000", "artistId": 123079, "songId": 80694402, "state": "KY", "style": "ELECTRO - DANCE", "latitude": 37.822292, "longitude": -85.76824}, {"playDate": "2018-01-17T21:37:43.000+0000", "artistId": 123079, "songId": 80694401, "state": "FL", "style": "ELECTRO - DANCE", "latitude": 27.975727, "longitude": -83.833015}, {"playDate": "2018-01-17T21:44:24.000+0000", "artistId": 123079, "songId": 74827606, "state": "IL", "style": "ELECTRO - DANCE", "latitude": 39.73932, "longitude": -89.50414}, {"playDate": "2018-01-17T21:45:28.000+0000", "artistId": 123079, "songId": 80694401, "state": "TX", "style": "ELECTRO - DANCE", "latitude": 31.169336, "longitude": -100.07684}, {"playDate": "2018-01-17T21:58:39.000+0000", "artistId": 123079, "songId": 38151401, "state": "IA", "style": "ELECTRO - DANCE", "latitude": 41.938316, "longitude": -93.3898}, {"playDate": "2018-01-17T22:02:08.000+0000", "artistId": 123079, "songId": 80694402, "state": "ID", "style": "ELECTRO - DANCE", "latitude": 45.494576, "longitude": -114.14243}, {"playDate": "2018-01-17T22:02:47.000+0000", "artistId": 123079, "songId": 52789501, "state": "TX", "style": "ELECTRO - DANCE", "latitude": 31.169336, "longitude": -100.07684}, {"playDate": "2018-01-17T22:04:14.000+0000", "artistId": 123079, "songId": 80694401, "state": "TN", "style": "ELECTRO - DANCE", "latitude": 35.83052, "longitude": -85.9786}, {"playDate": "2018-01-17T22:08:56.000+0000", "artistId": 123079, "songId": 80694403, "state": "FL", "style": "ELECTRO - DANCE", "latitude": 27.975727, "longitude": -83.833015}, {"playDate": "2018-01-17T22:15:13.000+0000", "artistId": 123079, "songId": 80694401, "state": "NY", "style": "ELECTRO - DANCE", "latitude": 40.705627, "longitude": -73.97968}, {"playDate": "2018-01-17T22:23:41.000+0000", "artistId": 123079, "songId": 80694404, "state": "CA", "style": "ELECTRO - DANCE", "latitude": 37.271873, "longitude": -119.27042}, {"playDate": "2018-01-17T22:28:52.000+0000", "artistId": 123079, "songId": 52789501, "state": "CA", "style": "ELECTRO - DANCE", "latitude": 37.271873, "longitude": -119.27042}, {"playDate": "2018-01-17T23:02:14.000+0000", "artistId": 123079, "songId": 15154402, "state": "AZ", "style": "ELECTRO - DANCE", "latitude": 34.168217, "longitude": -111.93091}, {"playDate": "2018-01-17T23:05:29.000+0000", "artistId": 123079, "songId": 74827606, "state": "OH", "style": "ELECTRO - DANCE", "latitude": 40.19036, "longitude": -82.66925}, {"playDate": "2018-01-17T23:22:33.000+0000", "artistId": 123079, "songId": 78104602, "state": "OR", "style": "ELECTRO - DANCE", "latitude": 44.141907, "longitude": -120.5381}, {"playDate": "2018-01-17T23:51:11.000+0000", "artistId": 123079, "songId": 52789501, "state": "PA", "style": "ELECTRO - DANCE", "latitude": 40.994595, "longitude": -77.6047}, {"playDate": "2018-01-17T23:51:14.000+0000", "artistId": 123079, "songId": 15154401, "state": "TX", "style": "ELECTRO - DANCE", "latitude": 31.169336, "longitude": -100.07684}, {"playDate": "2018-01-17T23:56:22.000+0000", "artistId": 123079, "songId": 80694401, "state": "GA", "style": "ELECTRO - DANCE", "latitude": 32.678123, "longitude": -83.22298}], "totalRecordsCount": 260}