{"plays": [{"playDate": "2018-12-18T00:06:46.000+0000", "artistId": 123079, "songId": 27933702, "state": "WI", "style": "ELECTRO - DANCE", "latitude": 44.786297, "longitude": -89.826706}, {"playDate": "2018-12-18T00:08:59.000+0000", "artistId": 123079, "songId": 80694402, "state": "TX", "style": "ELECTRO - DANCE", "latitude": 31.169336, "longitude": -100.07684}, {"playDate": "2018-12-18T00:10:05.000+0000", "artistId": 123079, "songId": 74827606, "state": "KY", "style": "ELECTRO - DANCE", "latitude": 37.822292, "longitude": -85.76824}, {"playDate": "2018-12-18T00:11:18.000+0000", "artistId": 123079, "songId": 74827606, "state": "PA", "style": "ELECTRO - DANCE", "latitude": 40.994595, "longitude": -77.6047}, {"playDate": "2018-12-18T00:12:59.000+0000", "artistId": 123079, "songId": 89141302, "state": "NC", "style": "ELECTRO - DANCE", "latitude": 35.21456, "longitude": -79.891266}, {"playDate": "2018-12-18T00:15:13.000+0000", "artistId": 123079, "songId": 80694402, "state": "TX", "style": "ELECTRO - DANCE", "latitude": 31.169336, "longitude": -100.07684}, {"playDate": "2018-12-18T00:23:03.000+0000", "artistId": 123079, "songId": 37347101, "state": "CA", "style": "ELECTRO - DANCE", "latitude": 37.271873, "longitude": -119.27042}, {"playDate": "2018-12-18T00:29:11.000+0000", "artistId": 123079, "songId": 80694401, "state": "ON", "style": "ELECTRO - DANCE", "latitude": 44.566647, "longitude": -80.84998}, {"playDate": "2018-12-18T00:29:19.000+0000", "artistId": 123079, "songId": 89141302, "state": "PA", "style": "ELECTRO - DANCE", "latitude": 40.994595, "longitude": -77.6047}, {"playDate": "2018-12-18T00:31:02.000+0000", "artistId": 123079, "songId": 80694404, "state": "VA", "style": "ELECTRO - DANCE", "latitude": 38.003384, "longitude": -79.458786}, {"playDate": "2018-12-18T00:42:41.000+0000", "artistId": 123079, "songId": 80694401, "state": "DC", "style": "ELECTRO - DANCE", "latitude": 38.89935, "longitude": -77.014565}, {"playDate": "2018-12-18T00:48:24.000+0000", "artistId": 123079, "songId": 80694401, "state": "FL", "style": "ELECTRO - DANCE", "latitude": 27.975727, "longitude": -83.833015}, {"playDate": "2018-12-18T00:48:29.000+0000", "artistId": 123079, "songId": 15154402, "state": "VA", "style": "ELECTRO - DANCE", "latitude": 38.003384, "longitude": -79.458786}, {"playDate": "2018-12-18T00:49:27.000+0000", "artistId": 123079, "songId": 38156901, "state": "NB", "style": "ELECTRO - DANCE", "latitude": 45.26704, "longitude": -66.076675}, {"playDate": "2018-12-18T00:52:08.000+0000", "artistId": 123079, "songId": 15154404, "state": "QC", "style": "ELECTRO - DANCE", "latitude": 49.82258, "longitude": -64.34799}, {"playDate": "2018-12-18T00:53:47.000+0000", "artistId": 123079, "songId": 89141302, "state": "CA", "style": "ELECTRO - DANCE", "latitude": 37.271873, "longitude": -119.27042}, {"playDate": "2018-12-18T01:13:27.000+0000", "artistId": 123079, "songId": 80694404, "state": "NY", "style": "ELECTRO - DANCE", "latitude": 40.705627, "longitude": -73.97968}, {"playDate": "2018-12-18T01:25:14.000+0000", "artistId": 123079, "songId": 37347101, "state": "PA", "style": "ELECTRO - DANCE", "latitude": 40.994595, "longitude": -77.6047}, {"playDate": "2018-12-18T01:25:58.000+0000", "artistId": 123079, "songId": 38151401, "state": "KY", "style": "ELECTRO - DANCE", "latitude": 37.822292, "longitude": -85.76824}, {"playDate": "2018-12-18T01:33:17.000+0000", "artistId": 123079, "songId": 89141302, "state": "AZ", "style": "ELECTRO - DANCE", "latitude": 34.168217, "longitude": -111.93091}, {"playDate": "2018-12-18T01:37:20.000+0000", "artistId": 123079, "songId": 80694402, "state": "IL", "style": "ELECTRO - DANCE", "latitude": 39.73932, "longitude": -89.50414}, {"playDate": "2018-12-18T01:37:27.000+0000", "artistId": 123079, "songId": 80694401, "state": "VA", "style": "ELECTRO - DANCE", "latitude": 38.003384, "longitude": -79.458786}, {"playDate": "2018-12-18T01:42:07.000+0000", "artistId": 123079, "songId": 74827606, "state": "IL", "style": "ELECTRO - DANCE", "latitude": 39.73932, "longitude": -89.50414}, {"playDate": "2018-12-18T01:43:41.000+0000", "artistId": 123079, "songId": 15154402, "state": "KS", "style": "ELECTRO - DANCE", "latitude": 38.49878, "longitude": -98.320076}, {"playDate": "2018-12-18T01:49:09.000+0000", "artistId": 123079, "songId": 80694404, "state": "HI", "style": "ELECTRO - DANCE", "latitude": 20.46, "longitude": -157.505}, {"playDate": "2018-12-18T01:53:44.000+0000", "artistId": 123079, "songId": 15154401, "state": "PA", "style": "ELECTRO - DANCE", "latitude": 40.994595, "longitude": -77.6047}, {"playDate": "2018-12-18T02:03:34.000+0000", "artistId": 123079, "songId": 80694403, "state": "OH", "style": "ELECTRO - DANCE", "latitude": 40.19036, "longitude": -82.66925}, {"playDate": "2018-12-18T02:04:06.000+0000", "artistId": 123079, "songId": 89141302, "state": "CA", "style": "ELECTRO - DANCE", "latitude": 37.271873, "longitude": -119.27042}, {"playDate": "2018-12-18T02:31:46.000+0000", "artistId": 123079, "songId": 15154402, "state": "OR", "style": "ELECTRO - DANCE", "latitude": 44.141907, "longitude": -120.5381}, {"playDate": "2018-12-18T02:33:37.000+0000", "artistId": 123079, "songId": 37778501, "state": "OH", "style": "ELECTRO - DANCE", "latitude": 40.19036, "longitude": -82.66925}, {"playDate": "2018-12-18T02:37:07.000+0000", "artistId": 123079, "songId": 80694401, "state": "OR", "style": "ELECTRO - DANCE", "latitude": 44.141907, "longitude": -120.5381}, {"playDate": "2018-12-18T02:37:07.000+0000", "artistId": 123079, "songId": 80694401, "state": "OR", "style": "ELECTRO - DANCE", "latitude": 44.141907, "longitude": -120.5381}, {"playDate": "2018-12-18T02:45:25.000+0000", "artistId": 123079, "songId": 37541302, "state": "QC", "style": "POP", "latitude": 49.82258, "longitude": -64.34799}, {"playDate": "2018-12-18T02:49:44.000+0000", "artistId": 123079, "songId": 80694402, "state": "NY", "style": "ELECTRO - DANCE", "latitude": 40.705627, "longitude": -73.97968}, {"playDate": "2018-12-18T02:52:03.000+0000", "artistId": 123079, "songId": 54134704, "state": "MA", "style": "POP", "latitude": 42.06294, "longitude": -71.71806}, {"playDate": "2018-12-18T02:53:25.000+0000", "artistId": 123079, "songId": 89141302, "state": "AZ", "style": "ELECTRO - DANCE", "latitude": 34.168217, "longitude": -111.93091}, {"playDate": "2018-12-18T02:58:51.000+0000", "artistId": 123079, "songId": 80694403, "state": "FL", "style": "ELECTRO - DANCE", "latitude": 27.975727, "longitude": -83.833015}, {"playDate": "2018-12-18T03:08:10.000+0000", "artistId": 123079, "songId": 74827606, "state": "MO", "style": "ELECTRO - DANCE", "latitude": 38.30466, "longitude": -92.437096}, {"playDate": "2018-12-18T03:11:04.000+0000", "artistId": 123079, "songId": 74827606, "state": "QC", "style": "ELECTRO - DANCE", "latitude": 49.82258, "longitude": -64.34799}, {"playDate": "2018-12-18T03:14:45.000+0000", "artistId": 123079, "songId": 80694402, "state": "TX", "style": "ELECTRO - DANCE", "latitude": 31.169336, "longitude": -100.07684}, {"playDate": "2018-12-18T03:18:48.000+0000", "artistId": 123079, "songId": 74827606, "state": "VA", "style": "ELECTRO - DANCE", "latitude": 38.003384, "longitude": -79.458786}, {"playDate": "2018-12-18T03:18:55.000+0000", "artistId": 123079, "songId": 80694402, "state": "IA", "style": "ELECTRO - DANCE", "latitude": 41.938316, "longitude": -93.3898}, {"playDate": "2018-12-18T04:08:43.000+0000", "artistId": 123079, "songId": 80694401, "state": "TN", "style": "ELECTRO - DANCE", "latitude": 35.83052, "longitude": -85.9786}, {"playDate": "2018-12-18T04:30:25.000+0000", "artistId": 123079, "songId": 74827606, "state": "VA", "style": "ELECTRO - DANCE", "latitude": 38.003384, "longitude": -79.458786}, {"playDate": "2018-12-18T04:51:13.000+0000", "artistId": 123079, "songId": 37778501, "state": "OH", "style": "ELECTRO - DANCE", "latitude": 40.19036, "longitude": -82.66925}, {"playDate": "2018-12-18T04:51:47.000+0000", "artistId": 123079, "songId": 80694401, "state": "PA", "style": "ELECTRO - DANCE", "latitude": 40.994595, "longitude": -77.6047}, {"playDate": "2018-12-18T05:04:27.000+0000", "artistId": 123079, "songId": 74827606, "state": "MO", "style": "ELECTRO - DANCE", "latitude": 38.30466, "longitude": -92.437096}, {"playDate": "2018-12-18T05:13:30.000+0000", "artistId": 123079, "songId": 38151401, "state": "TX", "style": "ELECTRO - DANCE", "latitude": 31.169336, "longitude": -100.07684}, {"playDate": "2018-12-18T05:58:07.000+0000", "artistId": 123079, "songId": 80694401, "state": "CO", "style": "ELECTRO - DANCE", "latitude": 38.997932, "longitude": -105.55057}, {"playDate": "2018-12-18T06:11:19.000+0000", "artistId": 123079, "songId": 80694402, "state": "TX", "style": "ELECTRO - DANCE", "latitude": 31.169336, "longitude": -100.07684}, {"playDate": "2018-12-18T06:15:46.000+0000", "artistId": 123079, "songId": 80694401, "state": "VA", "style": "ELECTRO - DANCE", "latitude": 38.003384, "longitude": -79.458786}, {"playDate": "2018-12-18T06:18:11.000+0000", "artistId": 123079, "songId": 80694402, "state": "WA", "style": "ELECTRO - DANCE", "latitude": 38.89935, "longitude": -77.014565}, {"playDate": "2018-12-18T06:20:45.000+0000", "artistId": 123079, "songId": 38151401, "state": "OH", "style": "ELECTRO - DANCE", "latitude": 40.19036, "longitude": -82.66925}, {"playDate": "2018-12-18T06:41:26.000+0000", "artistId": 123079, "songId": 74827606, "state": "IL", "style": "ELECTRO - DANCE", "latitude": 39.73932, "longitude": -89.50414}, {"playDate": "2018-12-18T07:04:20.000+0000", "artistId": 123079, "songId": 89141302, "state": "TX", "style": "ELECTRO - DANCE", "latitude": 31.169336, "longitude": -100.07684}, {"playDate": "2018-12-18T07:07:09.000+0000", "artistId": 123079, "songId": 80694404, "state": "FL", "style": "ELECTRO - DANCE", "latitude": 27.975727, "longitude": -83.833015}, {"playDate": "2018-12-18T07:08:36.000+0000", "artistId": 123079, "songId": 80694401, "state": "CA", "style": "ELECTRO - DANCE", "latitude": 37.271873, "longitude": -119.27042}, {"playDate": "2018-12-18T07:31:45.000+0000", "artistId": 123079, "songId": 37778501, "state": "MO", "style": "ELECTRO - DANCE", "latitude": 38.30466, "longitude": -92.437096}, {"playDate": "2018-12-18T07:46:36.000+0000", "artistId": 123079, "songId": 89141302, "state": "TX", "style": "ELECTRO - DANCE", "latitude": 31.169336, "longitude": -100.07684}, {"playDate": "2018-12-18T07:46:48.000+0000", "artistId": 123079, "songId": 74827606, "state": "WI", "style": "ELECTRO - DANCE", "latitude": 44.786297, "longitude": -89.826706}, {"playDate": "2018-12-18T08:15:01.000+0000", "artistId": 123079, "songId": 15154401, "state": "TX", "style": "ELECTRO - DANCE", "latitude": 31.169336, "longitude": -100.07684}, {"playDate": "2018-12-18T08:22:29.000+0000", "artistId": 123079, "songId": 74827606, "state": "IL", "style": "ELECTRO - DANCE", "latitude": 39.73932, "longitude": -89.50414}, {"playDate": "2018-12-18T08:25:03.000+0000", "artistId": 123079, "songId": 37039301, "state": "VA", "style": "ELECTRO - DANCE", "latitude": 38.003384, "longitude": -79.458786}, {"playDate": "2018-12-18T08:36:32.000+0000", "artistId": 123079, "songId": 80694402, "state": "MS", "style": "ELECTRO - DANCE", "latitude": 32.585106, "longitude": -89.87722}, {"playDate": "2018-12-18T08:36:42.000+0000", "artistId": 123079, "songId": 74827606, "state": "WI", "style": "ELECTRO - DANCE", "latitude": 44.786297, "longitude": -89.826706}, {"playDate": "2018-12-18T08:42:39.000+0000", "artistId": 123079, "songId": 15154401, "state": "NC", "style": "ELECTRO - DANCE", "latitude": 35.21456, "longitude": -79.891266}, {"playDate": "2018-12-18T08:53:27.000+0000", "artistId": 123079, "songId": 74827606, "state": "OH", "style": "ELECTRO - DANCE", "latitude": 40.19036, "longitude": -82.66925}, {"playDate": "2018-12-18T09:15:33.000+0000", "artistId": 123079, "songId": 74827606, "state": "IN", "style": "ELECTRO - DANCE", "latitude": 39.76622, "longitude": -86.44128}, {"playDate": "2018-12-18T09:17:39.000+0000", "artistId": 123079, "songId": 89141302, "state": "KY", "style": "ELECTRO - DANCE", "latitude": 37.822292, "longitude": -85.76824}, {"playDate": "2018-12-18T09:29:43.000+0000", "artistId": 123079, "songId": 15154401, "state": "GA", "style": "ELECTRO - DANCE", "latitude": 32.678123, "longitude": -83.22298}, {"playDate": "2018-12-18T10:02:08.000+0000", "artistId": 123079, "songId": 80694403, "state": "OH", "style": "ELECTRO - DANCE", "latitude": 40.19036, "longitude": -82.66925}, {"playDate": "2018-12-18T10:06:56.000+0000", "artistId": 123079, "songId": 80694401, "state": "CA", "style": "ELECTRO - DANCE", "latitude": 37.271873, "longitude": -119.27042}, {"playDate": "2018-12-18T10:15:07.000+0000", "artistId": 123079, "songId": 74827606, "state": "IL", "style": "ELECTRO - DANCE", "latitude": 39.73932, "longitude": -89.50414}, {"playDate": "2018-12-18T10:32:35.000+0000", "artistId": 123079, "songId": 15154401, "state": "AL", "style": "ELECTRO - DANCE", "latitude": 32.60101, "longitude": -86.68073}, {"playDate": "2018-12-18T10:38:27.000+0000", "artistId": 123079, "songId": 89141302, "state": "MI", "style": "ELECTRO - DANCE", "latitude": 44.94356, "longitude": -86.4158}, {"playDate": "2018-12-18T10:42:00.000+0000", "artistId": 123079, "songId": 80694402, "state": "GA", "style": "ELECTRO - DANCE", "latitude": 32.678123, "longitude": -83.22298}, {"playDate": "2018-12-18T10:55:14.000+0000", "artistId": 123079, "songId": 37039301, "state": "FL", "style": "ELECTRO - DANCE", "latitude": 27.975727, "longitude": -83.833015}, {"playDate": "2018-12-18T11:02:38.000+0000", "artistId": 123079, "songId": 80694404, "state": "CO", "style": "ELECTRO - DANCE", "latitude": 38.997932, "longitude": -105.55057}, {"playDate": "2018-12-18T11:02:47.000+0000", "artistId": 123079, "songId": 80694403, "state": "IL", "style": "ELECTRO - DANCE", "latitude": 39.73932, "longitude": -89.50414}, {"playDate": "2018-12-18T11:07:50.000+0000", "artistId": 123079, "songId": 37039301, "state": "TX", "style": "ELECTRO - DANCE", "latitude": 31.169336, "longitude": -100.07684}, {"playDate": "2018-12-18T11:15:12.000+0000", "artistId": 123079, "songId": 80694401, "state": "TX", "style": "ELECTRO - DANCE", "latitude": 31.169336, "longitude": -100.07684}, {"playDate": "2018-12-18T11:34:11.000+0000", "artistId": 123079, "songId": 80694404, "state": "FL", "style": "ELECTRO - DANCE", "latitude": 27.975727, "longitude": -83.833015}, {"playDate": "2018-12-18T11:41:30.000+0000", "artistId": 123079, "songId": 37039301, "state": "HI", "style": "ELECTRO - DANCE", "latitude": 20.46, "longitude": -157.505}, {"playDate": "2018-12-18T11:42:54.000+0000", "artistId": 123079, "songId": 15154401, "state": "WI", "style": "ELECTRO - DANCE", "latitude": 44.786297, "longitude": -89.826706}, {"playDate": "2018-12-18T11:49:38.000+0000", "artistId": 123079, "songId": 37039301, "state": "IL", "style": "ELECTRO - DANCE", "latitude": 39.73932, "longitude": -89.50414}, {"playDate": "2018-12-18T11:53:43.000+0000", "artistId": 123079, "songId": 15154404, "state": "FL", "style": "ELECTRO - DANCE", "latitude": 27.975727, "longitude": -83.833015}, {"playDate": "2018-12-18T12:01:06.000+0000", "artistId": 123079, "songId": 15154401, "state": "WI", "style": "ELECTRO - DANCE", "latitude": 44.786297, "longitude": -89.826706}, {"playDate": "2018-12-18T12:15:39.000+0000", "artistId": 123079, "songId": 80694404, "state": "KY", "style": "ELECTRO - DANCE", "latitude": 37.822292, "longitude": -85.76824}, {"playDate": "2018-12-18T12:18:10.000+0000", "artistId": 123079, "songId": 80694401, "state": "WY", "style": "ELECTRO - DANCE", "latitude": 43.000324, "longitude": -107.554565}, {"playDate": "2018-12-18T12:30:29.000+0000", "artistId": 123079, "songId": 89141302, "state": "KY", "style": "ELECTRO - DANCE", "latitude": 37.822292, "longitude": -85.76824}, {"playDate": "2018-12-18T12:36:57.000+0000", "artistId": 123079, "songId": 80694402, "state": "VA", "style": "ELECTRO - DANCE", "latitude": 38.003384, "longitude": -79.458786}, {"playDate": "2018-12-18T12:41:02.000+0000", "artistId": 123079, "songId": 74827606, "state": "MI", "style": "ELECTRO - DANCE", "latitude": 44.94356, "longitude": -86.4158}, {"playDate": "2018-12-18T12:43:32.000+0000", "artistId": 123079, "songId": 15154401, "state": "GA", "style": "ELECTRO - DANCE", "latitude": 32.678123, "longitude": -83.22298}, {"playDate": "2018-12-18T13:19:29.000+0000", "artistId": 123079, "songId": 37347101, "state": "CA", "style": "ELECTRO - DANCE", "latitude": 37.271873, "longitude": -119.27042}, {"playDate": "2018-12-18T13:31:55.000+0000", "artistId": 123079, "songId": 89141302, "state": "AZ", "style": "ELECTRO - DANCE", "latitude": 34.168217, "longitude": -111.93091}, {"playDate": "2018-12-18T13:33:22.000+0000", "artistId": 123079, "songId": 38151401, "state": "CA", "style": "ELECTRO - DANCE", "latitude": 37.271873, "longitude": -119.27042}, {"playDate": "2018-12-18T13:34:39.000+0000", "artistId": 123079, "songId": 80694404, "state": "TX", "style": "ELECTRO - DANCE", "latitude": 31.169336, "longitude": -100.07684}, {"playDate": "2018-12-18T13:35:10.000+0000", "artistId": 123079, "songId": 89141302, "state": "FL", "style": "ELECTRO - DANCE", "latitude": 27.975727, "longitude": -83.833015}, {"playDate": "2018-12-18T13:35:17.000+0000", "artistId": 123079, "songId": 74827606, "state": "TX", "style": "ELECTRO - DANCE", "latitude": 31.169336, "longitude": -100.07684}, {"playDate": "2018-12-18T13:39:05.000+0000", "artistId": 123079, "songId": 15154404, "state": "KY", "style": "ELECTRO - DANCE", "latitude": 37.822292, "longitude": -85.76824}, {"playDate": "2018-12-18T13:45:01.000+0000", "artistId": 123079, "songId": 15154401, "state": "VA", "style": "ELECTRO - DANCE", "latitude": 38.003384, "longitude": -79.458786}, {"playDate": "2018-12-18T13:55:07.000+0000", "artistId": 123079, "songId": 80694401, "state": "TX", "style": "ELECTRO - DANCE", "latitude": 31.169336, "longitude": -100.07684}, {"playDate": "2018-12-18T14:17:12.000+0000", "artistId": 123079, "songId": 38151401, "state": "CA", "style": "ELECTRO - DANCE", "latitude": 37.271873, "longitude": -119.27042}, {"playDate": "2018-12-18T14:31:39.000+0000", "artistId": 123079, "songId": 89141302, "state": "AB", "style": "ELECTRO - DANCE", "latitude": 53.016697, "longitude": -112.816635}, {"playDate": "2018-12-18T14:33:37.000+0000", "artistId": 123079, "songId": 80694402, "state": "KY", "style": "ELECTRO - DANCE", "latitude": 37.822292, "longitude": -85.76824}, {"playDate": "2018-12-18T14:36:44.000+0000", "artistId": 123079, "songId": 80694401, "state": "MN", "style": "ELECTRO - DANCE", "latitude": 46.44186, "longitude": -93.36552}, {"playDate": "2018-12-18T14:46:53.000+0000", "artistId": 123079, "songId": 89141302, "state": "NJ", "style": "ELECTRO - DANCE", "latitude": 40.143005, "longitude": -74.73112}, {"playDate": "2018-12-18T14:54:25.000+0000", "artistId": 123079, "songId": 15154401, "state": "NE", "style": "ELECTRO - DANCE", "latitude": 41.50082, "longitude": -99.6809}, {"playDate": "2018-12-18T14:56:25.000+0000", "artistId": 123079, "songId": 37778501, "state": "IN", "style": "ELECTRO - DANCE", "latitude": 39.76622, "longitude": -86.44128}, {"playDate": "2018-12-18T14:59:23.000+0000", "artistId": 123079, "songId": 80694402, "state": "IL", "style": "ELECTRO - DANCE", "latitude": 39.73932, "longitude": -89.50414}, {"playDate": "2018-12-18T15:04:18.000+0000", "artistId": 123079, "songId": 80694404, "state": "CA", "style": "ELECTRO - DANCE", "latitude": 37.271873, "longitude": -119.27042}, {"playDate": "2018-12-18T15:07:18.000+0000", "artistId": 123079, "songId": 74827606, "state": "TX", "style": "ELECTRO - DANCE", "latitude": 31.169336, "longitude": -100.07684}, {"playDate": "2018-12-18T15:14:09.000+0000", "artistId": 123079, "songId": 15154401, "state": "TN", "style": "ELECTRO - DANCE", "latitude": 35.83052, "longitude": -85.9786}, {"playDate": "2018-12-18T15:18:39.000+0000", "artistId": 123079, "songId": 80694402, "state": "TN", "style": "ELECTRO - DANCE", "latitude": 35.83052, "longitude": -85.9786}, {"playDate": "2018-12-18T15:24:57.000+0000", "artistId": 123079, "songId": 37039301, "state": "IL", "style": "ELECTRO - DANCE", "latitude": 39.73932, "longitude": -89.50414}, {"playDate": "2018-12-18T15:31:39.000+0000", "artistId": 123079, "songId": 80694404, "state": "WA", "style": "ELECTRO - DANCE", "latitude": 38.89935, "longitude": -77.014565}, {"playDate": "2018-12-18T15:36:42.000+0000", "artistId": 123079, "songId": 80694404, "state": "IL", "style": "ELECTRO - DANCE", "latitude": 39.73932, "longitude": -89.50414}, {"playDate": "2018-12-18T15:39:54.000+0000", "artistId": 123079, "songId": 80694401, "state": "OR", "style": "ELECTRO - DANCE", "latitude": 44.141907, "longitude": -120.5381}, {"playDate": "2018-12-18T15:43:10.000+0000", "artistId": 123079, "songId": 80694404, "state": "IN", "style": "ELECTRO - DANCE", "latitude": 39.76622, "longitude": -86.44128}, {"playDate": "2018-12-18T15:47:05.000+0000", "artistId": 123079, "songId": 80694403, "state": "IL", "style": "ELECTRO - DANCE", "latitude": 39.73932, "longitude": -89.50414}, {"playDate": "2018-12-18T15:49:48.000+0000", "artistId": 123079, "songId": 15154402, "state": "PA", "style": "ELECTRO - DANCE", "latitude": 40.994595, "longitude": -77.6047}, {"playDate": "2018-12-18T15:50:04.000+0000", "artistId": 123079, "songId": 38151401, "state": "OH", "style": "ELECTRO - DANCE", "latitude": 40.19036, "longitude": -82.66925}, {"playDate": "2018-12-18T16:01:44.000+0000", "artistId": 123079, "songId": 80694403, "state": "MN", "style": "ELECTRO - DANCE", "latitude": 46.44186, "longitude": -93.36552}, {"playDate": "2018-12-18T16:07:31.000+0000", "artistId": 123079, "songId": 80694401, "state": "TX", "style": "ELECTRO - DANCE", "latitude": 31.169336, "longitude": -100.07684}, {"playDate": "2018-12-18T16:12:43.000+0000", "artistId": 123079, "songId": 38151401, "state": "GA", "style": "ELECTRO - DANCE", "latitude": 32.678123, "longitude": -83.22298}, {"playDate": "2018-12-18T16:30:08.000+0000", "artistId": 123079, "songId": 80694403, "state": "AZ", "style": "ELECTRO - DANCE", "latitude": 34.168217, "longitude": -111.93091}, {"playDate": "2018-12-18T16:31:32.000+0000", "artistId": 123079, "songId": 89141302, "state": "IL", "style": "ELECTRO - DANCE", "latitude": 39.73932, "longitude": -89.50414}, {"playDate": "2018-12-18T16:32:47.000+0000", "artistId": 123079, "songId": 80694402, "state": "IN", "style": "ELECTRO - DANCE", "latitude": 39.76622, "longitude": -86.44128}, {"playDate": "2018-12-18T16:34:34.000+0000", "artistId": 123079, "songId": 38151401, "state": "TN", "style": "ELECTRO - DANCE", "latitude": 35.83052, "longitude": -85.9786}, {"playDate": "2018-12-18T16:41:27.000+0000", "artistId": 123079, "songId": 38151401, "state": "VA", "style": "ELECTRO - DANCE", "latitude": 38.003384, "longitude": -79.458786}, {"playDate": "2018-12-18T16:42:55.000+0000", "artistId": 123079, "songId": 78104604, "state": "ID", "style": "ELECTRO - DANCE", "latitude": 45.494576, "longitude": -114.14243}, {"playDate": "2018-12-18T16:49:04.000+0000", "artistId": 123079, "songId": 80694402, "state": "NY", "style": "ELECTRO - DANCE", "latitude": 40.705627, "longitude": -73.97968}, {"playDate": "2018-12-18T16:51:02.000+0000", "artistId": 123079, "songId": 80694402, "state": "TN", "style": "ELECTRO - DANCE", "latitude": 35.83052, "longitude": -85.9786}, {"playDate": "2018-12-18T16:54:09.000+0000", "artistId": 123079, "songId": 80694402, "state": "WA", "style": "ELECTRO - DANCE", "latitude": 38.89935, "longitude": -77.014565}, {"playDate": "2018-12-18T17:03:46.000+0000", "artistId": 123079, "songId": 15154401, "state": "FL", "style": "ELECTRO - DANCE", "latitude": 27.975727, "longitude": -83.833015}, {"playDate": "2018-12-18T17:06:21.000+0000", "artistId": 123079, "songId": 74827606, "state": "FL", "style": "ELECTRO - DANCE", "latitude": 27.975727, "longitude": -83.833015}, {"playDate": "2018-12-18T17:13:53.000+0000", "artistId": 123079, "songId": 80694402, "state": "CA", "style": "ELECTRO - DANCE", "latitude": 37.271873, "longitude": -119.27042}, {"playDate": "2018-12-18T17:48:15.000+0000", "artistId": 123079, "songId": 80694401, "state": "FL", "style": "ELECTRO - DANCE", "latitude": 27.975727, "longitude": -83.833015}, {"playDate": "2018-12-18T17:53:50.000+0000", "artistId": 123079, "songId": 37778501, "state": "FL", "style": "ELECTRO - DANCE", "latitude": 27.975727, "longitude": -83.833015}, {"playDate": "2018-12-18T17:55:26.000+0000", "artistId": 123079, "songId": 15154401, "state": "FL", "style": "ELECTRO - DANCE", "latitude": 27.975727, "longitude": -83.833015}, {"playDate": "2018-12-18T18:00:54.000+0000", "artistId": 123079, "songId": 74827606, "state": "CA", "style": "ELECTRO - DANCE", "latitude": 37.271873, "longitude": -119.27042}, {"playDate": "2018-12-18T18:05:36.000+0000", "artistId": 123079, "songId": 89141302, "state": "SC", "style": "ELECTRO - DANCE", "latitude": 33.62505, "longitude": -80.94704}, {"playDate": "2018-12-18T18:12:34.000+0000", "artistId": 123079, "songId": 74827606, "state": "NV", "style": "ELECTRO - DANCE", "latitude": 38.502033, "longitude": -117.02306}, {"playDate": "2018-12-18T18:13:12.000+0000", "artistId": 123079, "songId": 80694401, "state": "PA", "style": "ELECTRO - DANCE", "latitude": 40.994595, "longitude": -77.6047}, {"playDate": "2018-12-18T18:16:28.000+0000", "artistId": 123079, "songId": 80694403, "state": "OR", "style": "ELECTRO - DANCE", "latitude": 44.141907, "longitude": -120.5381}, {"playDate": "2018-12-18T18:22:21.000+0000", "artistId": 123079, "songId": 27933702, "state": "OR", "style": "ELECTRO - DANCE", "latitude": 44.141907, "longitude": -120.5381}, {"playDate": "2018-12-18T18:25:27.000+0000", "artistId": 123079, "songId": 80694401, "state": "TX", "style": "ELECTRO - DANCE", "latitude": 31.169336, "longitude": -100.07684}, {"playDate": "2018-12-18T18:26:10.000+0000", "artistId": 123079, "songId": 89141302, "state": "IL", "style": "ELECTRO - DANCE", "latitude": 39.73932, "longitude": -89.50414}, {"playDate": "2018-12-18T18:27:10.000+0000", "artistId": 123079, "songId": 89141302, "state": "IL", "style": "ELECTRO - DANCE", "latitude": 39.73932, "longitude": -89.50414}, {"playDate": "2018-12-18T18:31:46.000+0000", "artistId": 123079, "songId": 37686802, "state": "TX", "style": "ELECTRO - DANCE", "latitude": 31.169336, "longitude": -100.07684}, {"playDate": "2018-12-18T18:36:53.000+0000", "artistId": 123079, "songId": 80694402, "state": "AZ", "style": "ELECTRO - DANCE", "latitude": 34.168217, "longitude": -111.93091}, {"playDate": "2018-12-18T18:57:35.000+0000", "artistId": 123079, "songId": 74827606, "state": "KY", "style": "ELECTRO - DANCE", "latitude": 37.822292, "longitude": -85.76824}, {"playDate": "2018-12-18T18:58:31.000+0000", "artistId": 123079, "songId": 27933702, "state": "ME", "style": "ELECTRO - DANCE", "latitude": 45.218513, "longitude": -69.01486}, {"playDate": "2018-12-18T18:59:08.000+0000", "artistId": 123079, "songId": 15154401, "state": "SC", "style": "ELECTRO - DANCE", "latitude": 33.62505, "longitude": -80.94704}, {"playDate": "2018-12-18T19:13:30.000+0000", "artistId": 123079, "songId": 80694401, "state": "TX", "style": "ELECTRO - DANCE", "latitude": 31.169336, "longitude": -100.07684}, {"playDate": "2018-12-18T19:19:35.000+0000", "artistId": 123079, "songId": 80694403, "state": "MN", "style": "ELECTRO - DANCE", "latitude": 46.44186, "longitude": -93.36552}, {"playDate": "2018-12-18T19:22:51.000+0000", "artistId": 123079, "songId": 80694401, "state": "AB", "style": "ELECTRO - DANCE", "latitude": 53.016697, "longitude": -112.816635}, {"playDate": "2018-12-18T19:30:49.000+0000", "artistId": 123079, "songId": 89141302, "state": "IA", "style": "ELECTRO - DANCE", "latitude": 41.938316, "longitude": -93.3898}, {"playDate": "2018-12-18T19:33:32.000+0000", "artistId": 123079, "songId": 15154401, "state": "NE", "style": "ELECTRO - DANCE", "latitude": 41.50082, "longitude": -99.6809}, {"playDate": "2018-12-18T19:38:23.000+0000", "artistId": 123079, "songId": 37778501, "state": "NM", "style": "ELECTRO - DANCE", "latitude": 34.166233, "longitude": -106.02607}, {"playDate": "2018-12-18T19:38:35.000+0000", "artistId": 123079, "songId": 80694403, "state": "CA", "style": "ELECTRO - DANCE", "latitude": 37.271873, "longitude": -119.27042}, {"playDate": "2018-12-18T19:43:42.000+0000", "artistId": 123079, "songId": 74827606, "state": "PA", "style": "ELECTRO - DANCE", "latitude": 40.994595, "longitude": -77.6047}, {"playDate": "2018-12-18T19:46:30.000+0000", "artistId": 123079, "songId": 74827606, "state": "NJ", "style": "ELECTRO - DANCE", "latitude": 40.143005, "longitude": -74.73112}, {"playDate": "2018-12-18T19:52:16.000+0000", "artistId": 123079, "songId": 15154401, "state": "AZ", "style": "ELECTRO - DANCE", "latitude": 34.168217, "longitude": -111.93091}, {"playDate": "2018-12-18T19:54:32.000+0000", "artistId": 123079, "songId": 80694401, "state": "WI", "style": "ELECTRO - DANCE", "latitude": 44.786297, "longitude": -89.826706}, {"playDate": "2018-12-18T20:00:33.000+0000", "artistId": 123079, "songId": 80694401, "state": "IL", "style": "ELECTRO - DANCE", "latitude": 39.73932, "longitude": -89.50414}, {"playDate": "2018-12-18T20:02:31.000+0000", "artistId": 123079, "songId": 37778501, "state": "NE", "style": "ELECTRO - DANCE", "latitude": 41.50082, "longitude": -99.6809}, {"playDate": "2018-12-18T20:06:27.000+0000", "artistId": 123079, "songId": 15154401, "state": "NC", "style": "ELECTRO - DANCE", "latitude": 35.21456, "longitude": -79.891266}, {"playDate": "2018-12-18T20:07:07.000+0000", "artistId": 123079, "songId": 80694402, "state": "PA", "style": "ELECTRO - DANCE", "latitude": 40.994595, "longitude": -77.6047}, {"playDate": "2018-12-18T20:09:47.000+0000", "artistId": 123079, "songId": 27933701, "state": "MI", "style": "ELECTRO - DANCE", "latitude": 44.94356, "longitude": -86.4158}, {"playDate": "2018-12-18T20:13:42.000+0000", "artistId": 123079, "songId": 74827606, "state": "CO", "style": "ELECTRO - DANCE", "latitude": 38.997932, "longitude": -105.55057}, {"playDate": "2018-12-18T20:15:55.000+0000", "artistId": 123079, "songId": 15154402, "state": "NJ", "style": "ELECTRO - DANCE", "latitude": 40.143005, "longitude": -74.73112}, {"playDate": "2018-12-18T20:22:00.000+0000", "artistId": 123079, "songId": 74827606, "state": "MN", "style": "ELECTRO - DANCE", "latitude": 46.44186, "longitude": -93.36552}, {"playDate": "2018-12-18T20:30:22.000+0000", "artistId": 123079, "songId": 15154401, "state": "ON", "style": "ELECTRO - DANCE", "latitude": 44.566647, "longitude": -80.84998}, {"playDate": "2018-12-18T20:30:48.000+0000", "artistId": 123079, "songId": 80694402, "state": "CO", "style": "ELECTRO - DANCE", "latitude": 38.997932, "longitude": -105.55057}, {"playDate": "2018-12-18T20:31:28.000+0000", "artistId": 123079, "songId": 80694402, "state": "WI", "style": "ELECTRO - DANCE", "latitude": 44.786297, "longitude": -89.826706}, {"playDate": "2018-12-18T20:34:01.000+0000", "artistId": 123079, "songId": 74827606, "state": "WI", "style": "ELECTRO - DANCE", "latitude": 44.786297, "longitude": -89.826706}, {"playDate": "2018-12-18T20:35:50.000+0000", "artistId": 123079, "songId": 38151401, "state": "WI", "style": "ELECTRO - DANCE", "latitude": 44.786297, "longitude": -89.826706}, {"playDate": "2018-12-18T20:38:26.000+0000", "artistId": 123079, "songId": 80694401, "state": "NC", "style": "ELECTRO - DANCE", "latitude": 35.21456, "longitude": -79.891266}, {"playDate": "2018-12-18T20:55:01.000+0000", "artistId": 123079, "songId": 80694403, "state": "WA", "style": "ELECTRO - DANCE", "latitude": 38.89935, "longitude": -77.014565}, {"playDate": "2018-12-18T20:56:10.000+0000", "artistId": 123079, "songId": 80694404, "state": "WY", "style": "ELECTRO - DANCE", "latitude": 43.000324, "longitude": -107.554565}, {"playDate": "2018-12-18T21:04:20.000+0000", "artistId": 123079, "songId": 80694402, "state": "KS", "style": "ELECTRO - DANCE", "latitude": 38.49878, "longitude": -98.320076}, {"playDate": "2018-12-18T21:04:25.000+0000", "artistId": 123079, "songId": 74827606, "state": "KS", "style": "ELECTRO - DANCE", "latitude": 38.49878, "longitude": -98.320076}, {"playDate": "2018-12-18T21:05:10.000+0000", "artistId": 123079, "songId": 74827606, "state": "MA", "style": "ELECTRO - DANCE", "latitude": 42.06294, "longitude": -71.71806}, {"playDate": "2018-12-18T21:18:59.000+0000", "artistId": 123079, "songId": 37347101, "state": "CA", "style": "ELECTRO - DANCE", "latitude": 37.271873, "longitude": -119.27042}, {"playDate": "2018-12-18T21:20:11.000+0000", "artistId": 123079, "songId": 74827606, "state": "NY", "style": "ELECTRO - DANCE", "latitude": 40.705627, "longitude": -73.97968}, {"playDate": "2018-12-18T21:23:38.000+0000", "artistId": 123079, "songId": 15154401, "state": "WI", "style": "ELECTRO - DANCE", "latitude": 44.786297, "longitude": -89.826706}, {"playDate": "2018-12-18T21:24:13.000+0000", "artistId": 123079, "songId": 80694404, "state": "NC", "style": "ELECTRO - DANCE", "latitude": 35.21456, "longitude": -79.891266}, {"playDate": "2018-12-18T21:24:28.000+0000", "artistId": 123079, "songId": 38151401, "state": "KY", "style": "ELECTRO - DANCE", "latitude": 37.822292, "longitude": -85.76824}, {"playDate": "2018-12-18T21:24:52.000+0000", "artistId": 123079, "songId": 15154404, "state": "MA", "style": "ELECTRO - DANCE", "latitude": 42.06294, "longitude": -71.71806}, {"playDate": "2018-12-18T21:25:43.000+0000", "artistId": 123079, "songId": 80694401, "state": "WA", "style": "ELECTRO - DANCE", "latitude": 38.89935, "longitude": -77.014565}, {"playDate": "2018-12-18T21:33:16.000+0000", "artistId": 123079, "songId": 37778501, "state": "MD", "style": "ELECTRO - DANCE", "latitude": 38.80635, "longitude": -77.26842}, {"playDate": "2018-12-18T21:37:43.000+0000", "artistId": 123079, "songId": 37347101, "state": "WI", "style": "ELECTRO - DANCE", "latitude": 44.786297, "longitude": -89.826706}, {"playDate": "2018-12-18T21:38:32.000+0000", "artistId": 123079, "songId": 80694402, "state": "NC", "style": "ELECTRO - DANCE", "latitude": 35.21456, "longitude": -79.891266}, {"playDate": "2018-12-18T21:40:11.000+0000", "artistId": 123079, "songId": 80694401, "state": "PA", "style": "ELECTRO - DANCE", "latitude": 40.994595, "longitude": -77.6047}, {"playDate": "2018-12-18T21:43:58.000+0000", "artistId": 123079, "songId": 80694403, "state": "ON", "style": "ELECTRO - DANCE", "latitude": 44.566647, "longitude": -80.84998}, {"playDate": "2018-12-18T21:53:06.000+0000", "artistId": 123079, "songId": 27933702, "state": "IL", "style": "ELECTRO - DANCE", "latitude": 39.73932, "longitude": -89.50414}, {"playDate": "2018-12-18T21:55:55.000+0000", "artistId": 123079, "songId": 37778501, "state": "MD", "style": "ELECTRO - DANCE", "latitude": 38.80635, "longitude": -77.26842}, {"playDate": "2018-12-18T22:02:32.000+0000", "artistId": 123079, "songId": 37272101, "state": "OH", "style": "ELECTRO - DANCE", "latitude": 40.19036, "longitude": -82.66925}, {"playDate": "2018-12-18T22:04:39.000+0000", "artistId": 123079, "songId": 80694403, "state": "CA", "style": "ELECTRO - DANCE", "latitude": 37.271873, "longitude": -119.27042}, {"playDate": "2018-12-18T22:11:11.000+0000", "artistId": 123079, "songId": 38151401, "state": "DE", "style": "ELECTRO - DANCE", "latitude": 39.145252, "longitude": -75.41892}, {"playDate": "2018-12-18T22:12:50.000+0000", "artistId": 123079, "songId": 80694401, "state": "IN", "style": "ELECTRO - DANCE", "latitude": 39.76622, "longitude": -86.44128}, {"playDate": "2018-12-18T22:19:20.000+0000", "artistId": 123079, "songId": 37778501, "state": "MD", "style": "ELECTRO - DANCE", "latitude": 38.80635, "longitude": -77.26842}, {"playDate": "2018-12-18T22:20:38.000+0000", "artistId": 123079, "songId": 38151401, "state": "FL", "style": "ELECTRO - DANCE", "latitude": 27.975727, "longitude": -83.833015}, {"playDate": "2018-12-18T22:28:41.000+0000", "artistId": 123079, "songId": 80694401, "state": "TX", "style": "ELECTRO - DANCE", "latitude": 31.169336, "longitude": -100.07684}, {"playDate": "2018-12-18T22:33:09.000+0000", "artistId": 123079, "songId": 37778503, "state": "WI", "style": "ELECTRO - DANCE", "latitude": 44.786297, "longitude": -89.826706}, {"playDate": "2018-12-18T22:35:27.000+0000", "artistId": 123079, "songId": 74827606, "state": "TX", "style": "ELECTRO - DANCE", "latitude": 31.169336, "longitude": -100.07684}, {"playDate": "2018-12-18T22:40:05.000+0000", "artistId": 123079, "songId": 27933702, "state": "WI", "style": "ELECTRO - DANCE", "latitude": 44.786297, "longitude": -89.826706}, {"playDate": "2018-12-18T22:43:15.000+0000", "artistId": 123079, "songId": 89141302, "state": "NC", "style": "ELECTRO - DANCE", "latitude": 35.21456, "longitude": -79.891266}, {"playDate": "2018-12-18T22:47:17.000+0000", "artistId": 123079, "songId": 80694401, "state": "IA", "style": "ELECTRO - DANCE", "latitude": 41.938316, "longitude": -93.3898}, {"playDate": "2018-12-18T22:48:07.000+0000", "artistId": 123079, "songId": 54804702, "state": "PA", "style": "ELECTRO - DANCE", "latitude": 40.994595, "longitude": -77.6047}, {"playDate": "2018-12-18T22:48:48.000+0000", "artistId": 123079, "songId": 89141302, "state": "FL", "style": "ELECTRO - DANCE", "latitude": 27.975727, "longitude": -83.833015}, {"playDate": "2018-12-18T22:49:40.000+0000", "artistId": 123079, "songId": 89141302, "state": "WI", "style": "ELECTRO - DANCE", "latitude": 44.786297, "longitude": -89.826706}, {"playDate": "2018-12-18T22:52:08.000+0000", "artistId": 123079, "songId": 27933702, "state": "PA", "style": "ELECTRO - DANCE", "latitude": 40.994595, "longitude": -77.6047}, {"playDate": "2018-12-18T22:54:29.000+0000", "artistId": 123079, "songId": 80694401, "state": "NV", "style": "ELECTRO - DANCE", "latitude": 38.502033, "longitude": -117.02306}, {"playDate": "2018-12-18T23:05:06.000+0000", "artistId": 123079, "songId": 37778503, "state": "PA", "style": "ELECTRO - DANCE", "latitude": 40.994595, "longitude": -77.6047}, {"playDate": "2018-12-18T23:09:46.000+0000", "artistId": 123079, "songId": 80694403, "state": "ON", "style": "ELECTRO - DANCE", "latitude": 44.566647, "longitude": -80.84998}, {"playDate": "2018-12-18T23:11:10.000+0000", "artistId": 123079, "songId": 80694404, "state": "NM", "style": "ELECTRO - DANCE", "latitude": 34.166233, "longitude": -106.02607}, {"playDate": "2018-12-18T23:12:35.000+0000", "artistId": 123079, "songId": 80694402, "state": "KY", "style": "ELECTRO - DANCE", "latitude": 37.822292, "longitude": -85.76824}, {"playDate": "2018-12-18T23:14:15.000+0000", "artistId": 123079, "songId": 80694404, "state": "UT", "style": "ELECTRO - DANCE", "latitude": 39.49976, "longitude": -111.54703}, {"playDate": "2018-12-18T23:20:58.000+0000", "artistId": 123079, "songId": 80694401, "state": "NE", "style": "ELECTRO - DANCE", "latitude": 41.50082, "longitude": -99.6809}, {"playDate": "2018-12-18T23:30:51.000+0000", "artistId": 123079, "songId": 78104604, "state": "PA", "style": "ELECTRO - DANCE", "latitude": 40.994595, "longitude": -77.6047}, {"playDate": "2018-12-18T23:44:40.000+0000", "artistId": 123079, "songId": 15154404, "state": "MA", "style": "ELECTRO - DANCE", "latitude": 42.06294, "longitude": -71.71806}, {"playDate": "2018-12-18T23:49:50.000+0000", "artistId": 123079, "songId": 80694401, "state": "LA", "style": "ELECTRO - DANCE", "latitude": 30.973377, "longitude": -91.42991}], "totalRecordsCount": 224}