{"plays": [{"playDate": "2018-11-16T00:09:07.000+0000", "artistId": 123079, "songId": 80694402, "state": "FL", "style": "ELECTRO - DANCE", "latitude": 27.975727, "longitude": -83.833015}, {"playDate": "2018-11-16T00:10:25.000+0000", "artistId": 123079, "songId": 80694401, "state": "MN", "style": "ELECTRO - DANCE", "latitude": 46.44186, "longitude": -93.36552}, {"playDate": "2018-11-16T00:12:20.000+0000", "artistId": 123079, "songId": 74827606, "state": "TN", "style": "ELECTRO - DANCE", "latitude": 35.83052, "longitude": -85.9786}, {"playDate": "2018-11-16T00:15:24.000+0000", "artistId": 123079, "songId": 89141302, "state": "GA", "style": "ELECTRO - DANCE", "latitude": 32.678123, "longitude": -83.22298}, {"playDate": "2018-11-16T00:24:21.000+0000", "artistId": 123079, "songId": 80694403, "state": "LA", "style": "ELECTRO - DANCE", "latitude": 30.973377, "longitude": -91.42991}, {"playDate": "2018-11-16T00:26:25.000+0000", "artistId": 123079, "songId": 80694402, "state": "PA", "style": "ELECTRO - DANCE", "latitude": 40.994595, "longitude": -77.6047}, {"playDate": "2018-11-16T00:27:44.000+0000", "artistId": 123079, "songId": 74827606, "state": "SC", "style": "ELECTRO - DANCE", "latitude": 33.62505, "longitude": -80.94704}, {"playDate": "2018-11-16T00:29:22.000+0000", "artistId": 123079, "songId": 74827606, "state": "OR", "style": "ELECTRO - DANCE", "latitude": 44.141907, "longitude": -120.5381}, {"playDate": "2018-11-16T00:49:30.000+0000", "artistId": 123079, "songId": 80694403, "state": "HI", "style": "ELECTRO - DANCE", "latitude": 20.46, "longitude": -157.505}, {"playDate": "2018-11-16T00:54:21.000+0000", "artistId": 123079, "songId": 15154401, "state": "MD", "style": "ELECTRO - DANCE", "latitude": 38.80635, "longitude": -77.26842}, {"playDate": "2018-11-16T00:55:01.000+0000", "artistId": 123079, "songId": 80694402, "state": "AZ", "style": "ELECTRO - DANCE", "latitude": 34.168217, "longitude": -111.93091}, {"playDate": "2018-11-16T01:13:42.000+0000", "artistId": 123079, "songId": 80694401, "state": "TX", "style": "ELECTRO - DANCE", "latitude": 31.169336, "longitude": -100.07684}, {"playDate": "2018-11-16T01:15:16.000+0000", "artistId": 123079, "songId": 27933702, "state": "MN", "style": "ELECTRO - DANCE", "latitude": 46.44186, "longitude": -93.36552}, {"playDate": "2018-11-16T01:16:35.000+0000", "artistId": 123079, "songId": 80694401, "state": "IL", "style": "ELECTRO - DANCE", "latitude": 39.73932, "longitude": -89.50414}, {"playDate": "2018-11-16T01:22:40.000+0000", "artistId": 123079, "songId": 74827606, "state": "TX", "style": "ELECTRO - DANCE", "latitude": 31.169336, "longitude": -100.07684}, {"playDate": "2018-11-16T01:28:58.000+0000", "artistId": 123079, "songId": 78104604, "state": "MN", "style": "ELECTRO - DANCE", "latitude": 46.44186, "longitude": -93.36552}, {"playDate": "2018-11-16T01:31:32.000+0000", "artistId": 123079, "songId": 80694404, "state": "CA", "style": "ELECTRO - DANCE", "latitude": 37.271873, "longitude": -119.27042}, {"playDate": "2018-11-16T01:33:03.000+0000", "artistId": 123079, "songId": 80694403, "state": "OH", "style": "ELECTRO - DANCE", "latitude": 40.19036, "longitude": -82.66925}, {"playDate": "2018-11-16T01:34:40.000+0000", "artistId": 123079, "songId": 80694401, "state": "AZ", "style": "ELECTRO - DANCE", "latitude": 34.168217, "longitude": -111.93091}, {"playDate": "2018-11-16T01:36:12.000+0000", "artistId": 123079, "songId": 80694402, "state": "NC", "style": "ELECTRO - DANCE", "latitude": 35.21456, "longitude": -79.891266}, {"playDate": "2018-11-16T01:39:38.000+0000", "artistId": 123079, "songId": 74827606, "state": "CA", "style": "ELECTRO - DANCE", "latitude": 37.271873, "longitude": -119.27042}, {"playDate": "2018-11-16T01:48:46.000+0000", "artistId": 123079, "songId": 78104604, "state": "FL", "style": "ELECTRO - DANCE", "latitude": 27.975727, "longitude": -83.833015}, {"playDate": "2018-11-16T01:51:34.000+0000", "artistId": 123079, "songId": 15154401, "state": "OH", "style": "ELECTRO - DANCE", "latitude": 40.19036, "longitude": -82.66925}, {"playDate": "2018-11-16T01:54:06.000+0000", "artistId": 123079, "songId": 38151401, "state": "FL", "style": "ELECTRO - DANCE", "latitude": 27.975727, "longitude": -83.833015}, {"playDate": "2018-11-16T02:00:10.000+0000", "artistId": 123079, "songId": 80694402, "state": "CA", "style": "ELECTRO - DANCE", "latitude": 37.271873, "longitude": -119.27042}, {"playDate": "2018-11-16T02:05:29.000+0000", "artistId": 123079, "songId": 89141302, "state": "KY", "style": "ELECTRO - DANCE", "latitude": 37.822292, "longitude": -85.76824}, {"playDate": "2018-11-16T02:14:16.000+0000", "artistId": 123079, "songId": 80694404, "state": "IL", "style": "ELECTRO - DANCE", "latitude": 39.73932, "longitude": -89.50414}, {"playDate": "2018-11-16T02:24:01.000+0000", "artistId": 123079, "songId": 80694403, "state": "MN", "style": "ELECTRO - DANCE", "latitude": 46.44186, "longitude": -93.36552}, {"playDate": "2018-11-16T02:26:20.000+0000", "artistId": 123079, "songId": 80694401, "state": "TN", "style": "ELECTRO - DANCE", "latitude": 35.83052, "longitude": -85.9786}, {"playDate": "2018-11-16T02:33:04.000+0000", "artistId": 123079, "songId": 80694402, "state": "WA", "style": "ELECTRO - DANCE", "latitude": 38.89935, "longitude": -77.014565}, {"playDate": "2018-11-16T02:37:24.000+0000", "artistId": 123079, "songId": 38151401, "state": "TN", "style": "ELECTRO - DANCE", "latitude": 35.83052, "longitude": -85.9786}, {"playDate": "2018-11-16T02:49:37.000+0000", "artistId": 123079, "songId": 80694404, "state": "MI", "style": "ELECTRO - DANCE", "latitude": 44.94356, "longitude": -86.4158}, {"playDate": "2018-11-16T02:55:46.000+0000", "artistId": 123079, "songId": 80694401, "state": "NV", "style": "ELECTRO - DANCE", "latitude": 38.502033, "longitude": -117.02306}, {"playDate": "2018-11-16T03:06:52.000+0000", "artistId": 123079, "songId": 80694404, "state": "FL", "style": "ELECTRO - DANCE", "latitude": 27.975727, "longitude": -83.833015}, {"playDate": "2018-11-16T03:10:29.000+0000", "artistId": 123079, "songId": 37778501, "state": "TX", "style": "ELECTRO - DANCE", "latitude": 31.169336, "longitude": -100.07684}, {"playDate": "2018-11-16T03:19:49.000+0000", "artistId": 123079, "songId": 38151401, "state": "OR", "style": "ELECTRO - DANCE", "latitude": 44.141907, "longitude": -120.5381}, {"playDate": "2018-11-16T03:22:50.000+0000", "artistId": 123079, "songId": 74827606, "state": "TX", "style": "ELECTRO - DANCE", "latitude": 31.169336, "longitude": -100.07684}, {"playDate": "2018-11-16T03:35:03.000+0000", "artistId": 123079, "songId": 74827606, "state": "TX", "style": "ELECTRO - DANCE", "latitude": 31.169336, "longitude": -100.07684}, {"playDate": "2018-11-16T03:36:15.000+0000", "artistId": 123079, "songId": 15154401, "state": "CA", "style": "ELECTRO - DANCE", "latitude": 37.271873, "longitude": -119.27042}, {"playDate": "2018-11-16T03:53:08.000+0000", "artistId": 123079, "songId": 80694404, "state": "TX", "style": "ELECTRO - DANCE", "latitude": 31.169336, "longitude": -100.07684}, {"playDate": "2018-11-16T03:54:36.000+0000", "artistId": 123079, "songId": 80694402, "state": "KY", "style": "ELECTRO - DANCE", "latitude": 37.822292, "longitude": -85.76824}, {"playDate": "2018-11-16T03:57:26.000+0000", "artistId": 123079, "songId": 15154401, "state": "WI", "style": "ELECTRO - DANCE", "latitude": 44.786297, "longitude": -89.826706}, {"playDate": "2018-11-16T04:05:49.000+0000", "artistId": 123079, "songId": 38151401, "state": "ON", "style": "ELECTRO - DANCE", "latitude": 44.566647, "longitude": -80.84998}, {"playDate": "2018-11-16T04:07:06.000+0000", "artistId": 123079, "songId": 38151401, "state": "NM", "style": "ELECTRO - DANCE", "latitude": 34.166233, "longitude": -106.02607}, {"playDate": "2018-11-16T04:11:28.000+0000", "artistId": 123079, "songId": 80694404, "state": "NY", "style": "ELECTRO - DANCE", "latitude": 40.705627, "longitude": -73.97968}, {"playDate": "2018-11-16T04:21:28.000+0000", "artistId": 123079, "songId": 80694401, "state": "OH", "style": "ELECTRO - DANCE", "latitude": 40.19036, "longitude": -82.66925}, {"playDate": "2018-11-16T04:26:42.000+0000", "artistId": 123079, "songId": 74827606, "state": "MS", "style": "ELECTRO - DANCE", "latitude": 32.585106, "longitude": -89.87722}, {"playDate": "2018-11-16T04:49:12.000+0000", "artistId": 123079, "songId": 80694401, "state": "FL", "style": "ELECTRO - DANCE", "latitude": 27.975727, "longitude": -83.833015}, {"playDate": "2018-11-16T05:04:39.000+0000", "artistId": 123079, "songId": 74827606, "state": "CA", "style": "ELECTRO - DANCE", "latitude": 37.271873, "longitude": -119.27042}, {"playDate": "2018-11-16T05:18:11.000+0000", "artistId": 123079, "songId": 74827606, "state": "PA", "style": "ELECTRO - DANCE", "latitude": 40.994595, "longitude": -77.6047}, {"playDate": "2018-11-16T05:26:38.000+0000", "artistId": 123079, "songId": 15154401, "state": "OH", "style": "ELECTRO - DANCE", "latitude": 40.19036, "longitude": -82.66925}, {"playDate": "2018-11-16T05:29:52.000+0000", "artistId": 123079, "songId": 74827606, "state": "WI", "style": "ELECTRO - DANCE", "latitude": 44.786297, "longitude": -89.826706}, {"playDate": "2018-11-16T05:38:01.000+0000", "artistId": 123079, "songId": 38151401, "state": "NV", "style": "ELECTRO - DANCE", "latitude": 38.502033, "longitude": -117.02306}, {"playDate": "2018-11-16T06:04:47.000+0000", "artistId": 123079, "songId": 74827606, "state": "KS", "style": "ELECTRO - DANCE", "latitude": 38.49878, "longitude": -98.320076}, {"playDate": "2018-11-16T06:28:10.000+0000", "artistId": 123079, "songId": 74827605, "state": "WI", "style": "ELECTRO - DANCE", "latitude": 44.786297, "longitude": -89.826706}, {"playDate": "2018-11-16T06:31:25.000+0000", "artistId": 123079, "songId": 89141302, "state": "CT", "style": "ELECTRO - DANCE", "latitude": 41.518784, "longitude": -72.75751}, {"playDate": "2018-11-16T06:33:13.000+0000", "artistId": 123079, "songId": 38151401, "state": "TX", "style": "ELECTRO - DANCE", "latitude": 31.169336, "longitude": -100.07684}, {"playDate": "2018-11-16T06:39:57.000+0000", "artistId": 123079, "songId": 15154401, "state": "FL", "style": "ELECTRO - DANCE", "latitude": 27.975727, "longitude": -83.833015}, {"playDate": "2018-11-16T06:47:16.000+0000", "artistId": 123079, "songId": 74827606, "state": "WI", "style": "ELECTRO - DANCE", "latitude": 44.786297, "longitude": -89.826706}, {"playDate": "2018-11-16T07:10:36.000+0000", "artistId": 123079, "songId": 89141302, "state": "PA", "style": "ELECTRO - DANCE", "latitude": 40.994595, "longitude": -77.6047}, {"playDate": "2018-11-16T07:21:40.000+0000", "artistId": 123079, "songId": 80694401, "state": "TX", "style": "ELECTRO - DANCE", "latitude": 31.169336, "longitude": -100.07684}, {"playDate": "2018-11-16T07:32:06.000+0000", "artistId": 123079, "songId": 80694404, "state": "GA", "style": "ELECTRO - DANCE", "latitude": 32.678123, "longitude": -83.22298}, {"playDate": "2018-11-16T07:35:54.000+0000", "artistId": 123079, "songId": 80694402, "state": "CA", "style": "ELECTRO - DANCE", "latitude": 37.271873, "longitude": -119.27042}, {"playDate": "2018-11-16T07:37:04.000+0000", "artistId": 123079, "songId": 74827606, "state": "KY", "style": "ELECTRO - DANCE", "latitude": 37.822292, "longitude": -85.76824}, {"playDate": "2018-11-16T07:37:51.000+0000", "artistId": 123079, "songId": 80694403, "state": "VA", "style": "ELECTRO - DANCE", "latitude": 38.003384, "longitude": -79.458786}, {"playDate": "2018-11-16T07:39:50.000+0000", "artistId": 123079, "songId": 80694404, "state": "FL", "style": "ELECTRO - DANCE", "latitude": 27.975727, "longitude": -83.833015}, {"playDate": "2018-11-16T07:46:27.000+0000", "artistId": 123079, "songId": 80694402, "state": "IN", "style": "ELECTRO - DANCE", "latitude": 39.76622, "longitude": -86.44128}, {"playDate": "2018-11-16T07:52:48.000+0000", "artistId": 123079, "songId": 15154401, "state": "NV", "style": "ELECTRO - DANCE", "latitude": 38.502033, "longitude": -117.02306}, {"playDate": "2018-11-16T08:11:16.000+0000", "artistId": 123079, "songId": 15154401, "state": "WI", "style": "ELECTRO - DANCE", "latitude": 44.786297, "longitude": -89.826706}, {"playDate": "2018-11-16T08:14:51.000+0000", "artistId": 123079, "songId": 80694402, "state": "VA", "style": "ELECTRO - DANCE", "latitude": 38.003384, "longitude": -79.458786}, {"playDate": "2018-11-16T08:14:56.000+0000", "artistId": 123079, "songId": 89141302, "state": "TX", "style": "ELECTRO - DANCE", "latitude": 31.169336, "longitude": -100.07684}, {"playDate": "2018-11-16T08:24:45.000+0000", "artistId": 123079, "songId": 37039301, "state": "ON", "style": "ELECTRO - DANCE", "latitude": 44.566647, "longitude": -80.84998}, {"playDate": "2018-11-16T08:36:36.000+0000", "artistId": 123079, "songId": 37347101, "state": "NE", "style": "ELECTRO - DANCE", "latitude": 41.50082, "longitude": -99.6809}, {"playDate": "2018-11-16T08:45:29.000+0000", "artistId": 123079, "songId": 80694403, "state": "LA", "style": "ELECTRO - DANCE", "latitude": 30.973377, "longitude": -91.42991}, {"playDate": "2018-11-16T08:46:33.000+0000", "artistId": 123079, "songId": 89141302, "state": "MS", "style": "ELECTRO - DANCE", "latitude": 32.585106, "longitude": -89.87722}, {"playDate": "2018-11-16T08:47:35.000+0000", "artistId": 123079, "songId": 89141302, "state": "NY", "style": "ELECTRO - DANCE", "latitude": 40.705627, "longitude": -73.97968}, {"playDate": "2018-11-16T08:59:20.000+0000", "artistId": 123079, "songId": 89141302, "state": "WI", "style": "ELECTRO - DANCE", "latitude": 44.786297, "longitude": -89.826706}, {"playDate": "2018-11-16T09:10:29.000+0000", "artistId": 123079, "songId": 80694404, "state": "FL", "style": "ELECTRO - DANCE", "latitude": 27.975727, "longitude": -83.833015}, {"playDate": "2018-11-16T09:13:56.000+0000", "artistId": 123079, "songId": 89141302, "state": "CA", "style": "ELECTRO - DANCE", "latitude": 37.271873, "longitude": -119.27042}, {"playDate": "2018-11-16T09:19:47.000+0000", "artistId": 123079, "songId": 37778501, "state": "FL", "style": "ELECTRO - DANCE", "latitude": 27.975727, "longitude": -83.833015}, {"playDate": "2018-11-16T10:07:17.000+0000", "artistId": 123079, "songId": 80694401, "state": "TN", "style": "ELECTRO - DANCE", "latitude": 35.83052, "longitude": -85.9786}, {"playDate": "2018-11-16T10:08:45.000+0000", "artistId": 123079, "songId": 80694402, "state": "GA", "style": "ELECTRO - DANCE", "latitude": 32.678123, "longitude": -83.22298}, {"playDate": "2018-11-16T10:17:10.000+0000", "artistId": 123079, "songId": 74827606, "state": "QC", "style": "ELECTRO - DANCE", "latitude": 49.82258, "longitude": -64.34799}, {"playDate": "2018-11-16T10:23:05.000+0000", "artistId": 123079, "songId": 89141302, "state": "MN", "style": "ELECTRO - DANCE", "latitude": 46.44186, "longitude": -93.36552}, {"playDate": "2018-11-16T10:39:40.000+0000", "artistId": 123079, "songId": 37347101, "state": "NV", "style": "ELECTRO - DANCE", "latitude": 38.502033, "longitude": -117.02306}, {"playDate": "2018-11-16T10:40:08.000+0000", "artistId": 123079, "songId": 74827606, "state": "IA", "style": "ELECTRO - DANCE", "latitude": 41.938316, "longitude": -93.3898}, {"playDate": "2018-11-16T10:56:21.000+0000", "artistId": 123079, "songId": 15154401, "state": "SC", "style": "ELECTRO - DANCE", "latitude": 33.62505, "longitude": -80.94704}, {"playDate": "2018-11-16T11:07:47.000+0000", "artistId": 123079, "songId": 89141302, "state": "FL", "style": "ELECTRO - DANCE", "latitude": 27.975727, "longitude": -83.833015}, {"playDate": "2018-11-16T11:35:21.000+0000", "artistId": 123079, "songId": 80694401, "state": "SC", "style": "ELECTRO - DANCE", "latitude": 33.62505, "longitude": -80.94704}, {"playDate": "2018-11-16T11:43:19.000+0000", "artistId": 123079, "songId": 80694404, "state": "CO", "style": "ELECTRO - DANCE", "latitude": 38.997932, "longitude": -105.55057}, {"playDate": "2018-11-16T11:45:11.000+0000", "artistId": 123079, "songId": 80694404, "state": "IA", "style": "ELECTRO - DANCE", "latitude": 41.938316, "longitude": -93.3898}, {"playDate": "2018-11-16T11:45:16.000+0000", "artistId": 123079, "songId": 80694402, "state": "KS", "style": "ELECTRO - DANCE", "latitude": 38.49878, "longitude": -98.320076}, {"playDate": "2018-11-16T11:49:15.000+0000", "artistId": 123079, "songId": 37778501, "state": "TX", "style": "ELECTRO - DANCE", "latitude": 31.169336, "longitude": -100.07684}, {"playDate": "2018-11-16T11:52:09.000+0000", "artistId": 123079, "songId": 80694404, "state": "TX", "style": "ELECTRO - DANCE", "latitude": 31.169336, "longitude": -100.07684}, {"playDate": "2018-11-16T11:56:59.000+0000", "artistId": 123079, "songId": 15154401, "state": "IN", "style": "ELECTRO - DANCE", "latitude": 39.76622, "longitude": -86.44128}, {"playDate": "2018-11-16T12:12:06.000+0000", "artistId": 123079, "songId": 38151401, "state": "OH", "style": "ELECTRO - DANCE", "latitude": 40.19036, "longitude": -82.66925}, {"playDate": "2018-11-16T12:20:52.000+0000", "artistId": 123079, "songId": 89141302, "state": "NC", "style": "ELECTRO - DANCE", "latitude": 35.21456, "longitude": -79.891266}, {"playDate": "2018-11-16T12:35:20.000+0000", "artistId": 123079, "songId": 80694402, "state": "CA", "style": "ELECTRO - DANCE", "latitude": 37.271873, "longitude": -119.27042}, {"playDate": "2018-11-16T12:57:49.000+0000", "artistId": 123079, "songId": 15154401, "state": "TX", "style": "ELECTRO - DANCE", "latitude": 31.169336, "longitude": -100.07684}, {"playDate": "2018-11-16T13:06:41.000+0000", "artistId": 123079, "songId": 80694401, "state": "AZ", "style": "ELECTRO - DANCE", "latitude": 34.168217, "longitude": -111.93091}, {"playDate": "2018-11-16T13:18:17.000+0000", "artistId": 123079, "songId": 15154401, "state": "MO", "style": "ELECTRO - DANCE", "latitude": 38.30466, "longitude": -92.437096}, {"playDate": "2018-11-16T13:20:01.000+0000", "artistId": 123079, "songId": 89141302, "state": "MO", "style": "ELECTRO - DANCE", "latitude": 38.30466, "longitude": -92.437096}, {"playDate": "2018-11-16T13:38:15.000+0000", "artistId": 123079, "songId": 74827606, "state": "MN", "style": "ELECTRO - DANCE", "latitude": 46.44186, "longitude": -93.36552}, {"playDate": "2018-11-16T13:38:32.000+0000", "artistId": 123079, "songId": 80694402, "state": "TX", "style": "ELECTRO - DANCE", "latitude": 31.169336, "longitude": -100.07684}, {"playDate": "2018-11-16T13:46:44.000+0000", "artistId": 123079, "songId": 38151401, "state": "CA", "style": "ELECTRO - DANCE", "latitude": 37.271873, "longitude": -119.27042}, {"playDate": "2018-11-16T13:56:47.000+0000", "artistId": 123079, "songId": 80694401, "state": "TN", "style": "ELECTRO - DANCE", "latitude": 35.83052, "longitude": -85.9786}, {"playDate": "2018-11-16T14:17:40.000+0000", "artistId": 123079, "songId": 15154401, "state": "ID", "style": "ELECTRO - DANCE", "latitude": 45.494576, "longitude": -114.14243}, {"playDate": "2018-11-16T14:17:50.000+0000", "artistId": 123079, "songId": 15154401, "state": "NY", "style": "ELECTRO - DANCE", "latitude": 40.705627, "longitude": -73.97968}, {"playDate": "2018-11-16T14:21:11.000+0000", "artistId": 123079, "songId": 15154401, "state": "IA", "style": "ELECTRO - DANCE", "latitude": 41.938316, "longitude": -93.3898}, {"playDate": "2018-11-16T14:23:38.000+0000", "artistId": 123079, "songId": 80694403, "state": "NH", "style": "ELECTRO - DANCE", "latitude": 44.001232, "longitude": -71.579926}, {"playDate": "2018-11-16T14:34:00.000+0000", "artistId": 123079, "songId": 74827606, "state": "IN", "style": "ELECTRO - DANCE", "latitude": 39.76622, "longitude": -86.44128}, {"playDate": "2018-11-16T14:36:56.000+0000", "artistId": 123079, "songId": 74827606, "state": "GA", "style": "ELECTRO - DANCE", "latitude": 32.678123, "longitude": -83.22298}, {"playDate": "2018-11-16T14:39:54.000+0000", "artistId": 123079, "songId": 89141302, "state": "NC", "style": "ELECTRO - DANCE", "latitude": 35.21456, "longitude": -79.891266}, {"playDate": "2018-11-16T14:43:16.000+0000", "artistId": 123079, "songId": 74827606, "state": "MD", "style": "ELECTRO - DANCE", "latitude": 38.80635, "longitude": -77.26842}, {"playDate": "2018-11-16T14:46:09.000+0000", "artistId": 123079, "songId": 80694404, "state": "KY", "style": "ELECTRO - DANCE", "latitude": 37.822292, "longitude": -85.76824}, {"playDate": "2018-11-16T14:54:14.000+0000", "artistId": 123079, "songId": 80694401, "state": "DE", "style": "ELECTRO - DANCE", "latitude": 39.145252, "longitude": -75.41892}, {"playDate": "2018-11-16T15:02:58.000+0000", "artistId": 123079, "songId": 89141302, "state": "GA", "style": "ELECTRO - DANCE", "latitude": 32.678123, "longitude": -83.22298}, {"playDate": "2018-11-16T15:11:09.000+0000", "artistId": 123079, "songId": 15154401, "state": "TN", "style": "ELECTRO - DANCE", "latitude": 35.83052, "longitude": -85.9786}, {"playDate": "2018-11-16T15:15:11.000+0000", "artistId": 123079, "songId": 37778501, "state": "TX", "style": "ELECTRO - DANCE", "latitude": 31.169336, "longitude": -100.07684}, {"playDate": "2018-11-16T15:26:06.000+0000", "artistId": 123079, "songId": 89141302, "state": "KS", "style": "ELECTRO - DANCE", "latitude": 38.49878, "longitude": -98.320076}, {"playDate": "2018-11-16T15:31:38.000+0000", "artistId": 123079, "songId": 37778501, "state": "MD", "style": "ELECTRO - DANCE", "latitude": 38.80635, "longitude": -77.26842}, {"playDate": "2018-11-16T15:36:36.000+0000", "artistId": 123079, "songId": 15154401, "state": "OH", "style": "ELECTRO - DANCE", "latitude": 40.19036, "longitude": -82.66925}, {"playDate": "2018-11-16T15:36:40.000+0000", "artistId": 123079, "songId": 80694401, "state": "MO", "style": "ELECTRO - DANCE", "latitude": 38.30466, "longitude": -92.437096}, {"playDate": "2018-11-16T15:46:13.000+0000", "artistId": 123079, "songId": 74827606, "state": "WI", "style": "ELECTRO - DANCE", "latitude": 44.786297, "longitude": -89.826706}, {"playDate": "2018-11-16T15:52:55.000+0000", "artistId": 123079, "songId": 74827606, "state": "OH", "style": "ELECTRO - DANCE", "latitude": 40.19036, "longitude": -82.66925}, {"playDate": "2018-11-16T16:01:11.000+0000", "artistId": 123079, "songId": 80694401, "state": "OH", "style": "ELECTRO - DANCE", "latitude": 40.19036, "longitude": -82.66925}, {"playDate": "2018-11-16T16:01:28.000+0000", "artistId": 123079, "songId": 89141302, "state": "KS", "style": "ELECTRO - DANCE", "latitude": 38.49878, "longitude": -98.320076}, {"playDate": "2018-11-16T16:02:46.000+0000", "artistId": 123079, "songId": 38151401, "state": "NM", "style": "ELECTRO - DANCE", "latitude": 34.166233, "longitude": -106.02607}, {"playDate": "2018-11-16T16:03:14.000+0000", "artistId": 123079, "songId": 38151401, "state": "NJ", "style": "ELECTRO - DANCE", "latitude": 40.143005, "longitude": -74.73112}, {"playDate": "2018-11-16T16:10:36.000+0000", "artistId": 123079, "songId": 80694401, "state": "WI", "style": "ELECTRO - DANCE", "latitude": 44.786297, "longitude": -89.826706}, {"playDate": "2018-11-16T16:22:39.000+0000", "artistId": 123079, "songId": 78104602, "state": "ND", "style": "ELECTRO - DANCE", "latitude": 47.46788, "longitude": -100.30227}, {"playDate": "2018-11-16T16:22:58.000+0000", "artistId": 123079, "songId": 27933701, "state": "QC", "style": "ELECTRO - DANCE", "latitude": 49.82258, "longitude": -64.34799}, {"playDate": "2018-11-16T16:37:48.000+0000", "artistId": 123079, "songId": 74827606, "state": "KY", "style": "ELECTRO - DANCE", "latitude": 37.822292, "longitude": -85.76824}, {"playDate": "2018-11-16T16:43:38.000+0000", "artistId": 123079, "songId": 80694402, "state": "FL", "style": "ELECTRO - DANCE", "latitude": 27.975727, "longitude": -83.833015}, {"playDate": "2018-11-16T16:59:56.000+0000", "artistId": 123079, "songId": 80694401, "state": "FL", "style": "ELECTRO - DANCE", "latitude": 27.975727, "longitude": -83.833015}, {"playDate": "2018-11-16T17:08:42.000+0000", "artistId": 123079, "songId": 38151401, "state": "OH", "style": "ELECTRO - DANCE", "latitude": 40.19036, "longitude": -82.66925}, {"playDate": "2018-11-16T17:16:16.000+0000", "artistId": 123079, "songId": 37778505, "state": "CA", "style": "ELECTRO - DANCE", "latitude": 37.271873, "longitude": -119.27042}, {"playDate": "2018-11-16T17:24:20.000+0000", "artistId": 123079, "songId": 80694402, "state": "WI", "style": "ELECTRO - DANCE", "latitude": 44.786297, "longitude": -89.826706}, {"playDate": "2018-11-16T17:25:35.000+0000", "artistId": 123079, "songId": 80694402, "state": "TX", "style": "ELECTRO - DANCE", "latitude": 31.169336, "longitude": -100.07684}, {"playDate": "2018-11-16T17:28:24.000+0000", "artistId": 123079, "songId": 89141302, "state": "TN", "style": "ELECTRO - DANCE", "latitude": 35.83052, "longitude": -85.9786}, {"playDate": "2018-11-16T17:33:32.000+0000", "artistId": 123079, "songId": 80694403, "state": "NM", "style": "ELECTRO - DANCE", "latitude": 34.166233, "longitude": -106.02607}, {"playDate": "2018-11-16T17:34:03.000+0000", "artistId": 123079, "songId": 80694401, "state": "TX", "style": "ELECTRO - DANCE", "latitude": 31.169336, "longitude": -100.07684}, {"playDate": "2018-11-16T17:51:36.000+0000", "artistId": 123079, "songId": 80694402, "state": "MO", "style": "ELECTRO - DANCE", "latitude": 38.30466, "longitude": -92.437096}, {"playDate": "2018-11-16T17:55:57.000+0000", "artistId": 123079, "songId": 80694401, "state": "TX", "style": "ELECTRO - DANCE", "latitude": 31.169336, "longitude": -100.07684}, {"playDate": "2018-11-16T18:08:03.000+0000", "artistId": 123079, "songId": 80694403, "state": "AZ", "style": "ELECTRO - DANCE", "latitude": 34.168217, "longitude": -111.93091}, {"playDate": "2018-11-16T18:09:02.000+0000", "artistId": 123079, "songId": 89141302, "state": "MI", "style": "ELECTRO - DANCE", "latitude": 44.94356, "longitude": -86.4158}, {"playDate": "2018-11-16T18:10:46.000+0000", "artistId": 123079, "songId": 80694402, "state": "MS", "style": "ELECTRO - DANCE", "latitude": 32.585106, "longitude": -89.87722}, {"playDate": "2018-11-16T18:20:59.000+0000", "artistId": 123079, "songId": 80694401, "state": "WI", "style": "ELECTRO - DANCE", "latitude": 44.786297, "longitude": -89.826706}, {"playDate": "2018-11-16T18:24:59.000+0000", "artistId": 123079, "songId": 15154401, "state": "TX", "style": "ELECTRO - DANCE", "latitude": 31.169336, "longitude": -100.07684}, {"playDate": "2018-11-16T18:37:28.000+0000", "artistId": 123079, "songId": 80694403, "state": "MD", "style": "ELECTRO - DANCE", "latitude": 38.80635, "longitude": -77.26842}, {"playDate": "2018-11-16T18:43:40.000+0000", "artistId": 123079, "songId": 80694404, "state": "MA", "style": "ELECTRO - DANCE", "latitude": 42.06294, "longitude": -71.71806}, {"playDate": "2018-11-16T18:59:47.000+0000", "artistId": 123079, "songId": 80694401, "state": "NJ", "style": "ELECTRO - DANCE", "latitude": 40.143005, "longitude": -74.73112}, {"playDate": "2018-11-16T19:02:35.000+0000", "artistId": 123079, "songId": 15154401, "state": "IL", "style": "ELECTRO - DANCE", "latitude": 39.73932, "longitude": -89.50414}, {"playDate": "2018-11-16T19:02:43.000+0000", "artistId": 123079, "songId": 78104604, "state": "MN", "style": "ELECTRO - DANCE", "latitude": 46.44186, "longitude": -93.36552}, {"playDate": "2018-11-16T19:06:01.000+0000", "artistId": 123079, "songId": 80694401, "state": "OR", "style": "ELECTRO - DANCE", "latitude": 44.141907, "longitude": -120.5381}, {"playDate": "2018-11-16T19:07:18.000+0000", "artistId": 123079, "songId": 80694403, "state": "IA", "style": "ELECTRO - DANCE", "latitude": 41.938316, "longitude": -93.3898}, {"playDate": "2018-11-16T19:07:54.000+0000", "artistId": 123079, "songId": 80694401, "state": "IL", "style": "ELECTRO - DANCE", "latitude": 39.73932, "longitude": -89.50414}, {"playDate": "2018-11-16T19:11:04.000+0000", "artistId": 123079, "songId": 80694404, "state": "MS", "style": "ELECTRO - DANCE", "latitude": 32.585106, "longitude": -89.87722}, {"playDate": "2018-11-16T19:13:34.000+0000", "artistId": 123079, "songId": 80694401, "state": "FL", "style": "ELECTRO - DANCE", "latitude": 27.975727, "longitude": -83.833015}, {"playDate": "2018-11-16T19:18:51.000+0000", "artistId": 123079, "songId": 37778501, "state": "TX", "style": "ELECTRO - DANCE", "latitude": 31.169336, "longitude": -100.07684}, {"playDate": "2018-11-16T19:22:18.000+0000", "artistId": 123079, "songId": 27933702, "state": "MI", "style": "ELECTRO - DANCE", "latitude": 44.94356, "longitude": -86.4158}, {"playDate": "2018-11-16T19:25:01.000+0000", "artistId": 123079, "songId": 38151401, "state": "CA", "style": "ELECTRO - DANCE", "latitude": 37.271873, "longitude": -119.27042}, {"playDate": "2018-11-16T19:25:19.000+0000", "artistId": 123079, "songId": 80694401, "state": "OH", "style": "ELECTRO - DANCE", "latitude": 40.19036, "longitude": -82.66925}, {"playDate": "2018-11-16T19:25:46.000+0000", "artistId": 123079, "songId": 80694401, "state": "VA", "style": "ELECTRO - DANCE", "latitude": 38.003384, "longitude": -79.458786}, {"playDate": "2018-11-16T19:30:01.000+0000", "artistId": 123079, "songId": 80694404, "state": "AZ", "style": "ELECTRO - DANCE", "latitude": 34.168217, "longitude": -111.93091}, {"playDate": "2018-11-16T19:32:33.000+0000", "artistId": 123079, "songId": 15154401, "state": "AB", "style": "ELECTRO - DANCE", "latitude": 53.016697, "longitude": -112.816635}, {"playDate": "2018-11-16T19:33:04.000+0000", "artistId": 123079, "songId": 80694402, "state": "TN", "style": "ELECTRO - DANCE", "latitude": 35.83052, "longitude": -85.9786}, {"playDate": "2018-11-16T19:34:53.000+0000", "artistId": 123079, "songId": 15154401, "state": "TN", "style": "ELECTRO - DANCE", "latitude": 35.83052, "longitude": -85.9786}, {"playDate": "2018-11-16T19:44:54.000+0000", "artistId": 123079, "songId": 80694403, "state": "MA", "style": "ELECTRO - DANCE", "latitude": 42.06294, "longitude": -71.71806}, {"playDate": "2018-11-16T19:46:02.000+0000", "artistId": 123079, "songId": 15154402, "state": "VA", "style": "ELECTRO - DANCE", "latitude": 38.003384, "longitude": -79.458786}, {"playDate": "2018-11-16T19:48:43.000+0000", "artistId": 123079, "songId": 80694404, "state": "CO", "style": "ELECTRO - DANCE", "latitude": 38.997932, "longitude": -105.55057}, {"playDate": "2018-11-16T19:57:09.000+0000", "artistId": 123079, "songId": 15154401, "state": "QC", "style": "ELECTRO - DANCE", "latitude": 49.82258, "longitude": -64.34799}, {"playDate": "2018-11-16T19:58:17.000+0000", "artistId": 123079, "songId": 80694404, "state": "MN", "style": "ELECTRO - DANCE", "latitude": 46.44186, "longitude": -93.36552}, {"playDate": "2018-11-16T20:01:43.000+0000", "artistId": 123079, "songId": 80694404, "state": "WI", "style": "ELECTRO - DANCE", "latitude": 44.786297, "longitude": -89.826706}, {"playDate": "2018-11-16T20:02:33.000+0000", "artistId": 123079, "songId": 80694403, "state": "KS", "style": "ELECTRO - DANCE", "latitude": 38.49878, "longitude": -98.320076}, {"playDate": "2018-11-16T20:02:37.000+0000", "artistId": 123079, "songId": 80694403, "state": "RI", "style": "ELECTRO - DANCE", "latitude": 41.58273, "longitude": -71.506454}, {"playDate": "2018-11-16T20:04:09.000+0000", "artistId": 123079, "songId": 80694402, "state": "FL", "style": "ELECTRO - DANCE", "latitude": 27.975727, "longitude": -83.833015}, {"playDate": "2018-11-16T20:04:25.000+0000", "artistId": 123079, "songId": 74827606, "state": "TX", "style": "ELECTRO - DANCE", "latitude": 31.169336, "longitude": -100.07684}, {"playDate": "2018-11-16T20:05:06.000+0000", "artistId": 123079, "songId": 80694401, "state": "IL", "style": "ELECTRO - DANCE", "latitude": 39.73932, "longitude": -89.50414}, {"playDate": "2018-11-16T20:07:00.000+0000", "artistId": 123079, "songId": 80694401, "state": "CA", "style": "ELECTRO - DANCE", "latitude": 37.271873, "longitude": -119.27042}, {"playDate": "2018-11-16T20:12:26.000+0000", "artistId": 123079, "songId": 80694403, "state": "NJ", "style": "ELECTRO - DANCE", "latitude": 40.143005, "longitude": -74.73112}, {"playDate": "2018-11-16T20:18:53.000+0000", "artistId": 123079, "songId": 80694403, "state": "OH", "style": "ELECTRO - DANCE", "latitude": 40.19036, "longitude": -82.66925}, {"playDate": "2018-11-16T20:19:33.000+0000", "artistId": 123079, "songId": 80694401, "state": "NC", "style": "ELECTRO - DANCE", "latitude": 35.21456, "longitude": -79.891266}, {"playDate": "2018-11-16T20:22:36.000+0000", "artistId": 123079, "songId": 48751306, "state": "IL", "style": "ELECTRO - DANCE", "latitude": 39.73932, "longitude": -89.50414}, {"playDate": "2018-11-16T20:22:48.000+0000", "artistId": 123079, "songId": 15154401, "state": "TX", "style": "ELECTRO - DANCE", "latitude": 31.169336, "longitude": -100.07684}, {"playDate": "2018-11-16T20:37:06.000+0000", "artistId": 123079, "songId": 15154401, "state": "CA", "style": "ELECTRO - DANCE", "latitude": 37.271873, "longitude": -119.27042}, {"playDate": "2018-11-16T20:45:09.000+0000", "artistId": 123079, "songId": 80694403, "state": "MA", "style": "ELECTRO - DANCE", "latitude": 42.06294, "longitude": -71.71806}, {"playDate": "2018-11-16T20:48:17.000+0000", "artistId": 123079, "songId": 89141302, "state": "CO", "style": "ELECTRO - DANCE", "latitude": 38.997932, "longitude": -105.55057}, {"playDate": "2018-11-16T20:58:11.000+0000", "artistId": 123079, "songId": 80694404, "state": "FL", "style": "ELECTRO - DANCE", "latitude": 27.975727, "longitude": -83.833015}, {"playDate": "2018-11-16T21:01:05.000+0000", "artistId": 123079, "songId": 27933702, "state": "NJ", "style": "ELECTRO - DANCE", "latitude": 40.143005, "longitude": -74.73112}, {"playDate": "2018-11-16T21:01:36.000+0000", "artistId": 123079, "songId": 80694401, "state": "PA", "style": "ELECTRO - DANCE", "latitude": 40.994595, "longitude": -77.6047}, {"playDate": "2018-11-16T21:05:36.000+0000", "artistId": 123079, "songId": 74827610, "state": "WA", "style": "ELECTRO - DANCE", "latitude": 38.89935, "longitude": -77.014565}, {"playDate": "2018-11-16T21:09:04.000+0000", "artistId": 123079, "songId": 80694404, "state": "WI", "style": "ELECTRO - DANCE", "latitude": 44.786297, "longitude": -89.826706}, {"playDate": "2018-11-16T21:09:54.000+0000", "artistId": 123079, "songId": 15154402, "state": "ND", "style": "ELECTRO - DANCE", "latitude": 47.46788, "longitude": -100.30227}, {"playDate": "2018-11-16T21:21:19.000+0000", "artistId": 123079, "songId": 37778503, "state": "NY", "style": "ELECTRO - DANCE", "latitude": 40.705627, "longitude": -73.97968}, {"playDate": "2018-11-16T21:22:11.000+0000", "artistId": 123079, "songId": 37778501, "state": "CO", "style": "ELECTRO - DANCE", "latitude": 38.997932, "longitude": -105.55057}, {"playDate": "2018-11-16T21:27:22.000+0000", "artistId": 123079, "songId": 78104604, "state": "TX", "style": "ELECTRO - DANCE", "latitude": 31.169336, "longitude": -100.07684}, {"playDate": "2018-11-16T21:31:51.000+0000", "artistId": 123079, "songId": 80694402, "state": "WA", "style": "ELECTRO - DANCE", "latitude": 38.89935, "longitude": -77.014565}, {"playDate": "2018-11-16T21:35:19.000+0000", "artistId": 123079, "songId": 80694402, "state": "WI", "style": "ELECTRO - DANCE", "latitude": 44.786297, "longitude": -89.826706}, {"playDate": "2018-11-16T21:38:34.000+0000", "artistId": 123079, "songId": 74827606, "state": "CO", "style": "ELECTRO - DANCE", "latitude": 38.997932, "longitude": -105.55057}, {"playDate": "2018-11-16T21:40:28.000+0000", "artistId": 123079, "songId": 80694403, "state": "IL", "style": "ELECTRO - DANCE", "latitude": 39.73932, "longitude": -89.50414}, {"playDate": "2018-11-16T21:51:16.000+0000", "artistId": 123079, "songId": 80694403, "state": "MN", "style": "ELECTRO - DANCE", "latitude": 46.44186, "longitude": -93.36552}, {"playDate": "2018-11-16T21:55:10.000+0000", "artistId": 123079, "songId": 78104604, "state": "WI", "style": "ELECTRO - DANCE", "latitude": 44.786297, "longitude": -89.826706}, {"playDate": "2018-11-16T22:00:42.000+0000", "artistId": 123079, "songId": 80694401, "state": "FL", "style": "ELECTRO - DANCE", "latitude": 27.975727, "longitude": -83.833015}, {"playDate": "2018-11-16T22:10:12.000+0000", "artistId": 123079, "songId": 89141302, "state": "NV", "style": "ELECTRO - DANCE", "latitude": 38.502033, "longitude": -117.02306}, {"playDate": "2018-11-16T22:15:43.000+0000", "artistId": 123079, "songId": 80694401, "state": "PA", "style": "ELECTRO - DANCE", "latitude": 40.994595, "longitude": -77.6047}, {"playDate": "2018-11-16T22:19:32.000+0000", "artistId": 123079, "songId": 37778501, "state": "WV", "style": "ELECTRO - DANCE", "latitude": 38.92017, "longitude": -80.181694}, {"playDate": "2018-11-16T22:29:25.000+0000", "artistId": 123079, "songId": 89141302, "state": "TN", "style": "ELECTRO - DANCE", "latitude": 35.83052, "longitude": -85.9786}, {"playDate": "2018-11-16T22:33:56.000+0000", "artistId": 123079, "songId": 80694404, "state": "CA", "style": "ELECTRO - DANCE", "latitude": 37.271873, "longitude": -119.27042}, {"playDate": "2018-11-16T22:34:23.000+0000", "artistId": 123079, "songId": 80694403, "state": "NY", "style": "ELECTRO - DANCE", "latitude": 40.705627, "longitude": -73.97968}, {"playDate": "2018-11-16T22:38:16.000+0000", "artistId": 123079, "songId": 80694402, "state": "DE", "style": "ELECTRO - DANCE", "latitude": 39.145252, "longitude": -75.41892}, {"playDate": "2018-11-16T23:08:26.000+0000", "artistId": 123079, "songId": 89141302, "state": "OH", "style": "ELECTRO - DANCE", "latitude": 40.19036, "longitude": -82.66925}, {"playDate": "2018-11-16T23:15:24.000+0000", "artistId": 123079, "songId": 15154401, "state": "FL", "style": "ELECTRO - DANCE", "latitude": 27.975727, "longitude": -83.833015}, {"playDate": "2018-11-16T23:15:52.000+0000", "artistId": 123079, "songId": 74827606, "state": "MA", "style": "ELECTRO - DANCE", "latitude": 42.06294, "longitude": -71.71806}, {"playDate": "2018-11-16T23:23:08.000+0000", "artistId": 123079, "songId": 27933701, "state": "NY", "style": "ELECTRO - DANCE", "latitude": 40.705627, "longitude": -73.97968}, {"playDate": "2018-11-16T23:23:33.000+0000", "artistId": 123079, "songId": 80694403, "state": "WI", "style": "ELECTRO - DANCE", "latitude": 44.786297, "longitude": -89.826706}, {"playDate": "2018-11-16T23:28:11.000+0000", "artistId": 123079, "songId": 89141302, "state": "TX", "style": "ELECTRO - DANCE", "latitude": 31.169336, "longitude": -100.07684}, {"playDate": "2018-11-16T23:29:43.000+0000", "artistId": 123079, "songId": 15154401, "state": "FL", "style": "ELECTRO - DANCE", "latitude": 27.975727, "longitude": -83.833015}, {"playDate": "2018-11-16T23:30:13.000+0000", "artistId": 123079, "songId": 80694401, "state": "TN", "style": "ELECTRO - DANCE", "latitude": 35.83052, "longitude": -85.9786}, {"playDate": "2018-11-16T23:34:31.000+0000", "artistId": 123079, "songId": 89141302, "state": "CA", "style": "ELECTRO - DANCE", "latitude": 37.271873, "longitude": -119.27042}, {"playDate": "2018-11-16T23:34:46.000+0000", "artistId": 123079, "songId": 27933702, "state": "CA", "style": "ELECTRO - DANCE", "latitude": 37.271873, "longitude": -119.27042}, {"playDate": "2018-11-16T23:36:19.000+0000", "artistId": 123079, "songId": 27933701, "state": "MN", "style": "ELECTRO - DANCE", "latitude": 46.44186, "longitude": -93.36552}, {"playDate": "2018-11-16T23:40:10.000+0000", "artistId": 123079, "songId": 78104606, "state": "FL", "style": "ELECTRO - DANCE", "latitude": 27.975727, "longitude": -83.833015}, {"playDate": "2018-11-16T23:48:04.000+0000", "artistId": 123079, "songId": 74827606, "state": "ON", "style": "ELECTRO - DANCE", "latitude": 44.566647, "longitude": -80.84998}, {"playDate": "2018-11-16T23:52:43.000+0000", "artistId": 123079, "songId": 38151401, "state": "CO", "style": "ELECTRO - DANCE", "latitude": 38.997932, "longitude": -105.55057}, {"playDate": "2018-11-16T23:56:20.000+0000", "artistId": 123079, "songId": 80694401, "state": "IL", "style": "ELECTRO - DANCE", "latitude": 39.73932, "longitude": -89.50414}, {"playDate": "2018-11-16T23:56:27.000+0000", "artistId": 123079, "songId": 80694401, "state": "WI", "style": "ELECTRO - DANCE", "latitude": 44.786297, "longitude": -89.826706}], "totalRecordsCount": 227}