{"plays": [{"playDate": "2018-08-16T00:00:58.000+0000", "artistId": 123079, "songId": 80694401, "state": "PA", "style": "ELECTRO - DANCE", "latitude": 40.994595, "longitude": -77.6047}, {"playDate": "2018-08-16T00:06:33.000+0000", "artistId": 123079, "songId": 80694403, "state": "CA", "style": "ELECTRO - DANCE", "latitude": 37.271873, "longitude": -119.27042}, {"playDate": "2018-08-16T00:12:08.000+0000", "artistId": 123079, "songId": 80694401, "state": "CA", "style": "ELECTRO - DANCE", "latitude": 37.271873, "longitude": -119.27042}, {"playDate": "2018-08-16T00:18:39.000+0000", "artistId": 123079, "songId": 80694402, "state": "SC", "style": "ELECTRO - DANCE", "latitude": 33.62505, "longitude": -80.94704}, {"playDate": "2018-08-16T00:20:55.000+0000", "artistId": 123079, "songId": 80694401, "state": "AZ", "style": "ELECTRO - DANCE", "latitude": 34.168217, "longitude": -111.93091}, {"playDate": "2018-08-16T00:25:20.000+0000", "artistId": 123079, "songId": 80694403, "state": "CA", "style": "ELECTRO - DANCE", "latitude": 37.271873, "longitude": -119.27042}, {"playDate": "2018-08-16T00:27:59.000+0000", "artistId": 123079, "songId": 80694402, "state": "NM", "style": "ELECTRO - DANCE", "latitude": 34.166233, "longitude": -106.02607}, {"playDate": "2018-08-16T00:40:56.000+0000", "artistId": 123079, "songId": 15154404, "state": "IL", "style": "ELECTRO - DANCE", "latitude": 39.73932, "longitude": -89.50414}, {"playDate": "2018-08-16T00:44:26.000+0000", "artistId": 123079, "songId": 78104602, "state": "ND", "style": "ELECTRO - DANCE", "latitude": 47.46788, "longitude": -100.30227}, {"playDate": "2018-08-16T00:49:17.000+0000", "artistId": 123079, "songId": 80694401, "state": "NY", "style": "ELECTRO - DANCE", "latitude": 40.705627, "longitude": -73.97968}, {"playDate": "2018-08-16T00:50:06.000+0000", "artistId": 123079, "songId": 52789501, "state": "CA", "style": "ELECTRO - DANCE", "latitude": 37.271873, "longitude": -119.27042}, {"playDate": "2018-08-16T00:54:34.000+0000", "artistId": 123079, "songId": 80694401, "state": "NY", "style": "ELECTRO - DANCE", "latitude": 40.705627, "longitude": -73.97968}, {"playDate": "2018-08-16T00:55:23.000+0000", "artistId": 123079, "songId": 74827606, "state": "PA", "style": "ELECTRO - DANCE", "latitude": 40.994595, "longitude": -77.6047}, {"playDate": "2018-08-16T00:55:58.000+0000", "artistId": 123079, "songId": 78104602, "state": "TX", "style": "ELECTRO - DANCE", "latitude": 31.169336, "longitude": -100.07684}, {"playDate": "2018-08-16T00:56:03.000+0000", "artistId": 123079, "songId": 80694401, "state": "NV", "style": "ELECTRO - DANCE", "latitude": 38.502033, "longitude": -117.02306}, {"playDate": "2018-08-16T01:02:21.000+0000", "artistId": 123079, "songId": 74827606, "state": "TX", "style": "ELECTRO - DANCE", "latitude": 31.169336, "longitude": -100.07684}, {"playDate": "2018-08-16T01:02:38.000+0000", "artistId": 123079, "songId": 78104602, "state": "PA", "style": "ELECTRO - DANCE", "latitude": 40.994595, "longitude": -77.6047}, {"playDate": "2018-08-16T01:03:20.000+0000", "artistId": 123079, "songId": 37541301, "state": "TX", "style": "POP", "latitude": 31.169336, "longitude": -100.07684}, {"playDate": "2018-08-16T01:04:21.000+0000", "artistId": 123079, "songId": 80694404, "state": "OR", "style": "ELECTRO - DANCE", "latitude": 44.141907, "longitude": -120.5381}, {"playDate": "2018-08-16T01:08:17.000+0000", "artistId": 123079, "songId": 27933702, "state": "WA", "style": "ELECTRO - DANCE", "latitude": 38.89935, "longitude": -77.014565}, {"playDate": "2018-08-16T01:08:56.000+0000", "artistId": 123079, "songId": 80694401, "state": "IA", "style": "ELECTRO - DANCE", "latitude": 41.938316, "longitude": -93.3898}, {"playDate": "2018-08-16T01:12:49.000+0000", "artistId": 123079, "songId": 80694404, "state": "GA", "style": "ELECTRO - DANCE", "latitude": 32.678123, "longitude": -83.22298}, {"playDate": "2018-08-16T01:16:30.000+0000", "artistId": 123079, "songId": 74827606, "state": "KY", "style": "ELECTRO - DANCE", "latitude": 37.822292, "longitude": -85.76824}, {"playDate": "2018-08-16T01:22:45.000+0000", "artistId": 123079, "songId": 74827606, "state": "GA", "style": "ELECTRO - DANCE", "latitude": 32.678123, "longitude": -83.22298}, {"playDate": "2018-08-16T01:27:34.000+0000", "artistId": 123079, "songId": 89141302, "state": "VA", "style": "ELECTRO - DANCE", "latitude": 38.003384, "longitude": -79.458786}, {"playDate": "2018-08-16T01:33:29.000+0000", "artistId": 123079, "songId": 74827606, "state": "PA", "style": "ELECTRO - DANCE", "latitude": 40.994595, "longitude": -77.6047}, {"playDate": "2018-08-16T01:37:01.000+0000", "artistId": 123079, "songId": 89141302, "state": "MI", "style": "ELECTRO - DANCE", "latitude": 44.94356, "longitude": -86.4158}, {"playDate": "2018-08-16T01:42:38.000+0000", "artistId": 123079, "songId": 52789501, "state": "TX", "style": "ELECTRO - DANCE", "latitude": 31.169336, "longitude": -100.07684}, {"playDate": "2018-08-16T01:43:32.000+0000", "artistId": 123079, "songId": 37778501, "state": "DE", "style": "ELECTRO - DANCE", "latitude": 39.145252, "longitude": -75.41892}, {"playDate": "2018-08-16T01:46:57.000+0000", "artistId": 123079, "songId": 89141302, "state": "MD", "style": "ELECTRO - DANCE", "latitude": 38.80635, "longitude": -77.26842}, {"playDate": "2018-08-16T01:47:50.000+0000", "artistId": 123079, "songId": 37347101, "state": "TX", "style": "ELECTRO - DANCE", "latitude": 31.169336, "longitude": -100.07684}, {"playDate": "2018-08-16T01:55:36.000+0000", "artistId": 123079, "songId": 80694401, "state": "PA", "style": "ELECTRO - DANCE", "latitude": 40.994595, "longitude": -77.6047}, {"playDate": "2018-08-16T01:56:53.000+0000", "artistId": 123079, "songId": 80694401, "state": "VA", "style": "ELECTRO - DANCE", "latitude": 38.003384, "longitude": -79.458786}, {"playDate": "2018-08-16T01:59:08.000+0000", "artistId": 123079, "songId": 15154401, "state": "SD", "style": "ELECTRO - DANCE", "latitude": 44.2127, "longitude": -100.24716}, {"playDate": "2018-08-16T02:08:00.000+0000", "artistId": 123079, "songId": 80694401, "state": "IL", "style": "ELECTRO - DANCE", "latitude": 39.73932, "longitude": -89.50414}, {"playDate": "2018-08-16T02:10:12.000+0000", "artistId": 123079, "songId": 52789501, "state": "CA", "style": "ELECTRO - DANCE", "latitude": 37.271873, "longitude": -119.27042}, {"playDate": "2018-08-16T02:10:32.000+0000", "artistId": 123079, "songId": 89141302, "state": "OH", "style": "ELECTRO - DANCE", "latitude": 40.19036, "longitude": -82.66925}, {"playDate": "2018-08-16T02:11:39.000+0000", "artistId": 123079, "songId": 27933701, "state": "FL", "style": "ELECTRO - DANCE", "latitude": 27.975727, "longitude": -83.833015}, {"playDate": "2018-08-16T02:12:02.000+0000", "artistId": 123079, "songId": 38151401, "state": "MN", "style": "ELECTRO - DANCE", "latitude": 46.44186, "longitude": -93.36552}, {"playDate": "2018-08-16T02:14:10.000+0000", "artistId": 123079, "songId": 27933702, "state": "AZ", "style": "ELECTRO - DANCE", "latitude": 34.168217, "longitude": -111.93091}, {"playDate": "2018-08-16T02:16:05.000+0000", "artistId": 123079, "songId": 80694402, "state": "TN", "style": "ELECTRO - DANCE", "latitude": 35.83052, "longitude": -85.9786}, {"playDate": "2018-08-16T02:16:22.000+0000", "artistId": 123079, "songId": 15154401, "state": "AL", "style": "ELECTRO - DANCE", "latitude": 32.60101, "longitude": -86.68073}, {"playDate": "2018-08-16T02:28:11.000+0000", "artistId": 123079, "songId": 80694404, "state": "NC", "style": "ELECTRO - DANCE", "latitude": 35.21456, "longitude": -79.891266}, {"playDate": "2018-08-16T02:56:07.000+0000", "artistId": 123079, "songId": 15154401, "state": "GA", "style": "ELECTRO - DANCE", "latitude": 32.678123, "longitude": -83.22298}, {"playDate": "2018-08-16T02:56:40.000+0000", "artistId": 123079, "songId": 80694402, "state": "IL", "style": "ELECTRO - DANCE", "latitude": 39.73932, "longitude": -89.50414}, {"playDate": "2018-08-16T02:57:18.000+0000", "artistId": 123079, "songId": 38151401, "state": "GA", "style": "ELECTRO - DANCE", "latitude": 32.678123, "longitude": -83.22298}, {"playDate": "2018-08-16T02:58:40.000+0000", "artistId": 123079, "songId": 89141302, "state": "PA", "style": "ELECTRO - DANCE", "latitude": 40.994595, "longitude": -77.6047}, {"playDate": "2018-08-16T03:06:48.000+0000", "artistId": 123079, "songId": 89141302, "state": "CO", "style": "ELECTRO - DANCE", "latitude": 38.997932, "longitude": -105.55057}, {"playDate": "2018-08-16T03:08:12.000+0000", "artistId": 123079, "songId": 80694401, "state": "AL", "style": "ELECTRO - DANCE", "latitude": 32.60101, "longitude": -86.68073}, {"playDate": "2018-08-16T03:15:14.000+0000", "artistId": 123079, "songId": 89141302, "state": "MI", "style": "ELECTRO - DANCE", "latitude": 44.94356, "longitude": -86.4158}, {"playDate": "2018-08-16T03:16:38.000+0000", "artistId": 123079, "songId": 80694404, "state": "SC", "style": "ELECTRO - DANCE", "latitude": 33.62505, "longitude": -80.94704}, {"playDate": "2018-08-16T03:20:37.000+0000", "artistId": 123079, "songId": 80694401, "state": "OH", "style": "ELECTRO - DANCE", "latitude": 40.19036, "longitude": -82.66925}, {"playDate": "2018-08-16T03:22:30.000+0000", "artistId": 123079, "songId": 80694404, "state": "IA", "style": "ELECTRO - DANCE", "latitude": 41.938316, "longitude": -93.3898}, {"playDate": "2018-08-16T03:41:12.000+0000", "artistId": 123079, "songId": 80694401, "state": "CT", "style": "ELECTRO - DANCE", "latitude": 41.518784, "longitude": -72.75751}, {"playDate": "2018-08-16T03:41:36.000+0000", "artistId": 123079, "songId": 80694401, "state": "TX", "style": "ELECTRO - DANCE", "latitude": 31.169336, "longitude": -100.07684}, {"playDate": "2018-08-16T03:44:59.000+0000", "artistId": 123079, "songId": 80694404, "state": "TX", "style": "ELECTRO - DANCE", "latitude": 31.169336, "longitude": -100.07684}, {"playDate": "2018-08-16T03:47:44.000+0000", "artistId": 123079, "songId": 80694401, "state": "WA", "style": "ELECTRO - DANCE", "latitude": 38.89935, "longitude": -77.014565}, {"playDate": "2018-08-16T03:48:21.000+0000", "artistId": 123079, "songId": 38151401, "state": "TX", "style": "ELECTRO - DANCE", "latitude": 31.169336, "longitude": -100.07684}, {"playDate": "2018-08-16T03:51:41.000+0000", "artistId": 123079, "songId": 74827606, "state": "TN", "style": "ELECTRO - DANCE", "latitude": 35.83052, "longitude": -85.9786}, {"playDate": "2018-08-16T03:57:33.000+0000", "artistId": 123079, "songId": 80694401, "state": "KY", "style": "ELECTRO - DANCE", "latitude": 37.822292, "longitude": -85.76824}, {"playDate": "2018-08-16T04:03:39.000+0000", "artistId": 123079, "songId": 89141302, "state": "FL", "style": "ELECTRO - DANCE", "latitude": 27.975727, "longitude": -83.833015}, {"playDate": "2018-08-16T04:05:15.000+0000", "artistId": 123079, "songId": 74827606, "state": "FL", "style": "ELECTRO - DANCE", "latitude": 27.975727, "longitude": -83.833015}, {"playDate": "2018-08-16T04:06:04.000+0000", "artistId": 123079, "songId": 80694401, "state": "MN", "style": "ELECTRO - DANCE", "latitude": 46.44186, "longitude": -93.36552}, {"playDate": "2018-08-16T04:07:13.000+0000", "artistId": 123079, "songId": 80694402, "state": "MO", "style": "ELECTRO - DANCE", "latitude": 38.30466, "longitude": -92.437096}, {"playDate": "2018-08-16T04:08:16.000+0000", "artistId": 123079, "songId": 80694401, "state": "BC", "style": "ELECTRO - DANCE", "latitude": 49.09996, "longitude": -116.5167}, {"playDate": "2018-08-16T04:16:06.000+0000", "artistId": 123079, "songId": 74827606, "state": "IL", "style": "ELECTRO - DANCE", "latitude": 39.73932, "longitude": -89.50414}, {"playDate": "2018-08-16T04:18:50.000+0000", "artistId": 123079, "songId": 80694401, "state": "CA", "style": "ELECTRO - DANCE", "latitude": 37.271873, "longitude": -119.27042}, {"playDate": "2018-08-16T04:23:59.000+0000", "artistId": 123079, "songId": 89141302, "state": "NY", "style": "ELECTRO - DANCE", "latitude": 40.705627, "longitude": -73.97968}, {"playDate": "2018-08-16T04:28:55.000+0000", "artistId": 123079, "songId": 80694401, "state": "MO", "style": "ELECTRO - DANCE", "latitude": 38.30466, "longitude": -92.437096}, {"playDate": "2018-08-16T04:55:38.000+0000", "artistId": 123079, "songId": 74827606, "state": "RI", "style": "ELECTRO - DANCE", "latitude": 41.58273, "longitude": -71.506454}, {"playDate": "2018-08-16T05:03:57.000+0000", "artistId": 123079, "songId": 80694403, "state": "GA", "style": "ELECTRO - DANCE", "latitude": 32.678123, "longitude": -83.22298}, {"playDate": "2018-08-16T05:09:05.000+0000", "artistId": 123079, "songId": 74827606, "state": "IL", "style": "ELECTRO - DANCE", "latitude": 39.73932, "longitude": -89.50414}, {"playDate": "2018-08-16T05:10:25.000+0000", "artistId": 123079, "songId": 80694401, "state": "OH", "style": "ELECTRO - DANCE", "latitude": 40.19036, "longitude": -82.66925}, {"playDate": "2018-08-16T05:18:01.000+0000", "artistId": 123079, "songId": 80694404, "state": "ON", "style": "ELECTRO - DANCE", "latitude": 44.566647, "longitude": -80.84998}, {"playDate": "2018-08-16T05:20:37.000+0000", "artistId": 123079, "songId": 80694401, "state": "LA", "style": "ELECTRO - DANCE", "latitude": 30.973377, "longitude": -91.42991}, {"playDate": "2018-08-16T05:29:12.000+0000", "artistId": 123079, "songId": 38151401, "state": "FL", "style": "ELECTRO - DANCE", "latitude": 27.975727, "longitude": -83.833015}, {"playDate": "2018-08-16T05:30:19.000+0000", "artistId": 123079, "songId": 80694401, "state": "SC", "style": "ELECTRO - DANCE", "latitude": 33.62505, "longitude": -80.94704}, {"playDate": "2018-08-16T05:40:28.000+0000", "artistId": 123079, "songId": 15154401, "state": "NM", "style": "ELECTRO - DANCE", "latitude": 34.166233, "longitude": -106.02607}, {"playDate": "2018-08-16T05:42:06.000+0000", "artistId": 123079, "songId": 80694403, "state": "PA", "style": "ELECTRO - DANCE", "latitude": 40.994595, "longitude": -77.6047}, {"playDate": "2018-08-16T05:48:57.000+0000", "artistId": 123079, "songId": 89141302, "state": "VA", "style": "ELECTRO - DANCE", "latitude": 38.003384, "longitude": -79.458786}, {"playDate": "2018-08-16T05:51:29.000+0000", "artistId": 123079, "songId": 80694401, "state": "WA", "style": "ELECTRO - DANCE", "latitude": 38.89935, "longitude": -77.014565}, {"playDate": "2018-08-16T06:17:28.000+0000", "artistId": 123079, "songId": 80694402, "state": "AZ", "style": "ELECTRO - DANCE", "latitude": 34.168217, "longitude": -111.93091}, {"playDate": "2018-08-16T06:27:31.000+0000", "artistId": 123079, "songId": 80694402, "state": "AL", "style": "ELECTRO - DANCE", "latitude": 32.60101, "longitude": -86.68073}, {"playDate": "2018-08-16T06:37:53.000+0000", "artistId": 123079, "songId": 74827606, "state": "MN", "style": "ELECTRO - DANCE", "latitude": 46.44186, "longitude": -93.36552}, {"playDate": "2018-08-16T06:41:55.000+0000", "artistId": 123079, "songId": 15154401, "state": "TX", "style": "ELECTRO - DANCE", "latitude": 31.169336, "longitude": -100.07684}, {"playDate": "2018-08-16T06:58:37.000+0000", "artistId": 123079, "songId": 80694402, "state": "TX", "style": "ELECTRO - DANCE", "latitude": 31.169336, "longitude": -100.07684}, {"playDate": "2018-08-16T07:04:01.000+0000", "artistId": 123079, "songId": 38151401, "state": "FL", "style": "ELECTRO - DANCE", "latitude": 27.975727, "longitude": -83.833015}, {"playDate": "2018-08-16T07:06:21.000+0000", "artistId": 123079, "songId": 89141302, "state": "TN", "style": "ELECTRO - DANCE", "latitude": 35.83052, "longitude": -85.9786}, {"playDate": "2018-08-16T07:10:27.000+0000", "artistId": 123079, "songId": 74827606, "state": "GA", "style": "ELECTRO - DANCE", "latitude": 32.678123, "longitude": -83.22298}, {"playDate": "2018-08-16T07:14:36.000+0000", "artistId": 123079, "songId": 37778501, "state": "WI", "style": "ELECTRO - DANCE", "latitude": 44.786297, "longitude": -89.826706}, {"playDate": "2018-08-16T07:17:54.000+0000", "artistId": 123079, "songId": 89141302, "state": "NJ", "style": "ELECTRO - DANCE", "latitude": 40.143005, "longitude": -74.73112}, {"playDate": "2018-08-16T07:18:59.000+0000", "artistId": 123079, "songId": 80694402, "state": "WA", "style": "ELECTRO - DANCE", "latitude": 38.89935, "longitude": -77.014565}, {"playDate": "2018-08-16T07:43:09.000+0000", "artistId": 123079, "songId": 74827606, "state": "TX", "style": "ELECTRO - DANCE", "latitude": 31.169336, "longitude": -100.07684}, {"playDate": "2018-08-16T07:47:44.000+0000", "artistId": 123079, "songId": 89141302, "state": "CA", "style": "ELECTRO - DANCE", "latitude": 37.271873, "longitude": -119.27042}, {"playDate": "2018-08-16T07:48:44.000+0000", "artistId": 123079, "songId": 80694401, "state": "TN", "style": "ELECTRO - DANCE", "latitude": 35.83052, "longitude": -85.9786}, {"playDate": "2018-08-16T07:54:35.000+0000", "artistId": 123079, "songId": 15154401, "state": "FL", "style": "ELECTRO - DANCE", "latitude": 27.975727, "longitude": -83.833015}, {"playDate": "2018-08-16T08:02:38.000+0000", "artistId": 123079, "songId": 80694401, "state": "ON", "style": "ELECTRO - DANCE", "latitude": 44.566647, "longitude": -80.84998}, {"playDate": "2018-08-16T08:19:15.000+0000", "artistId": 123079, "songId": 37778501, "state": "MO", "style": "ELECTRO - DANCE", "latitude": 38.30466, "longitude": -92.437096}, {"playDate": "2018-08-16T08:25:00.000+0000", "artistId": 123079, "songId": 74827606, "state": "IL", "style": "ELECTRO - DANCE", "latitude": 39.73932, "longitude": -89.50414}, {"playDate": "2018-08-16T08:26:31.000+0000", "artistId": 123079, "songId": 80694401, "state": "NV", "style": "ELECTRO - DANCE", "latitude": 38.502033, "longitude": -117.02306}, {"playDate": "2018-08-16T08:45:26.000+0000", "artistId": 123079, "songId": 74827606, "state": "ON", "style": "ELECTRO - DANCE", "latitude": 44.566647, "longitude": -80.84998}, {"playDate": "2018-08-16T09:17:44.000+0000", "artistId": 123079, "songId": 15154401, "state": "NJ", "style": "ELECTRO - DANCE", "latitude": 40.143005, "longitude": -74.73112}, {"playDate": "2018-08-16T09:23:47.000+0000", "artistId": 123079, "songId": 80694401, "state": "WI", "style": "ELECTRO - DANCE", "latitude": 44.786297, "longitude": -89.826706}, {"playDate": "2018-08-16T09:34:01.000+0000", "artistId": 123079, "songId": 80694402, "state": "NC", "style": "ELECTRO - DANCE", "latitude": 35.21456, "longitude": -79.891266}, {"playDate": "2018-08-16T09:40:06.000+0000", "artistId": 123079, "songId": 80694402, "state": "IN", "style": "ELECTRO - DANCE", "latitude": 39.76622, "longitude": -86.44128}, {"playDate": "2018-08-16T09:55:16.000+0000", "artistId": 123079, "songId": 74827606, "state": "TX", "style": "ELECTRO - DANCE", "latitude": 31.169336, "longitude": -100.07684}, {"playDate": "2018-08-16T09:58:00.000+0000", "artistId": 123079, "songId": 80694401, "state": "IN", "style": "ELECTRO - DANCE", "latitude": 39.76622, "longitude": -86.44128}, {"playDate": "2018-08-16T10:04:52.000+0000", "artistId": 123079, "songId": 37778501, "state": "NC", "style": "ELECTRO - DANCE", "latitude": 35.21456, "longitude": -79.891266}, {"playDate": "2018-08-16T10:23:37.000+0000", "artistId": 123079, "songId": 80694401, "state": "GA", "style": "ELECTRO - DANCE", "latitude": 32.678123, "longitude": -83.22298}, {"playDate": "2018-08-16T10:36:32.000+0000", "artistId": 123079, "songId": 74827606, "state": "ON", "style": "ELECTRO - DANCE", "latitude": 44.566647, "longitude": -80.84998}, {"playDate": "2018-08-16T10:43:30.000+0000", "artistId": 123079, "songId": 89141302, "state": "KS", "style": "ELECTRO - DANCE", "latitude": 38.49878, "longitude": -98.320076}, {"playDate": "2018-08-16T10:47:39.000+0000", "artistId": 123079, "songId": 74827606, "state": "NC", "style": "ELECTRO - DANCE", "latitude": 35.21456, "longitude": -79.891266}, {"playDate": "2018-08-16T10:48:34.000+0000", "artistId": 123079, "songId": 15154401, "state": "NH", "style": "ELECTRO - DANCE", "latitude": 44.001232, "longitude": -71.579926}, {"playDate": "2018-08-16T10:52:10.000+0000", "artistId": 123079, "songId": 80694401, "state": "CA", "style": "ELECTRO - DANCE", "latitude": 37.271873, "longitude": -119.27042}, {"playDate": "2018-08-16T11:04:00.000+0000", "artistId": 123079, "songId": 80694401, "state": "IL", "style": "ELECTRO - DANCE", "latitude": 39.73932, "longitude": -89.50414}, {"playDate": "2018-08-16T11:04:52.000+0000", "artistId": 123079, "songId": 80694404, "state": "MD", "style": "ELECTRO - DANCE", "latitude": 38.80635, "longitude": -77.26842}, {"playDate": "2018-08-16T11:10:58.000+0000", "artistId": 123079, "songId": 80694401, "state": "CA", "style": "ELECTRO - DANCE", "latitude": 37.271873, "longitude": -119.27042}, {"playDate": "2018-08-16T11:12:04.000+0000", "artistId": 123079, "songId": 80694401, "state": "SK", "style": "ELECTRO - DANCE", "latitude": 50.93331, "longitude": -102.79999}, {"playDate": "2018-08-16T11:18:49.000+0000", "artistId": 123079, "songId": 80694402, "state": "AZ", "style": "ELECTRO - DANCE", "latitude": 34.168217, "longitude": -111.93091}, {"playDate": "2018-08-16T11:27:53.000+0000", "artistId": 123079, "songId": 74827606, "state": "NE", "style": "ELECTRO - DANCE", "latitude": 41.50082, "longitude": -99.6809}, {"playDate": "2018-08-16T11:30:12.000+0000", "artistId": 123079, "songId": 80694401, "state": "PA", "style": "ELECTRO - DANCE", "latitude": 40.994595, "longitude": -77.6047}, {"playDate": "2018-08-16T11:36:38.000+0000", "artistId": 123079, "songId": 80694402, "state": "IN", "style": "ELECTRO - DANCE", "latitude": 39.76622, "longitude": -86.44128}, {"playDate": "2018-08-16T11:38:56.000+0000", "artistId": 123079, "songId": 37039301, "state": "IL", "style": "ELECTRO - DANCE", "latitude": 39.73932, "longitude": -89.50414}, {"playDate": "2018-08-16T11:44:55.000+0000", "artistId": 123079, "songId": 80694401, "state": "NY", "style": "ELECTRO - DANCE", "latitude": 40.705627, "longitude": -73.97968}, {"playDate": "2018-08-16T11:48:10.000+0000", "artistId": 123079, "songId": 80694401, "state": "MN", "style": "ELECTRO - DANCE", "latitude": 46.44186, "longitude": -93.36552}, {"playDate": "2018-08-16T11:48:20.000+0000", "artistId": 123079, "songId": 80694401, "state": "MI", "style": "ELECTRO - DANCE", "latitude": 44.94356, "longitude": -86.4158}, {"playDate": "2018-08-16T11:49:49.000+0000", "artistId": 123079, "songId": 80694401, "state": "WI", "style": "ELECTRO - DANCE", "latitude": 44.786297, "longitude": -89.826706}, {"playDate": "2018-08-16T11:51:03.000+0000", "artistId": 123079, "songId": 15154404, "state": "VA", "style": "ELECTRO - DANCE", "latitude": 38.003384, "longitude": -79.458786}, {"playDate": "2018-08-16T11:58:51.000+0000", "artistId": 123079, "songId": 38151401, "state": "TX", "style": "ELECTRO - DANCE", "latitude": 31.169336, "longitude": -100.07684}, {"playDate": "2018-08-16T12:00:20.000+0000", "artistId": 123079, "songId": 80694401, "state": "MI", "style": "ELECTRO - DANCE", "latitude": 44.94356, "longitude": -86.4158}, {"playDate": "2018-08-16T12:13:22.000+0000", "artistId": 123079, "songId": 80694401, "state": "MI", "style": "ELECTRO - DANCE", "latitude": 44.94356, "longitude": -86.4158}, {"playDate": "2018-08-16T12:18:21.000+0000", "artistId": 123079, "songId": 37347101, "state": "IL", "style": "ELECTRO - DANCE", "latitude": 39.73932, "longitude": -89.50414}, {"playDate": "2018-08-16T12:19:15.000+0000", "artistId": 123079, "songId": 80694404, "state": "TX", "style": "ELECTRO - DANCE", "latitude": 31.169336, "longitude": -100.07684}, {"playDate": "2018-08-16T12:30:28.000+0000", "artistId": 123079, "songId": 80694401, "state": "IA", "style": "ELECTRO - DANCE", "latitude": 41.938316, "longitude": -93.3898}, {"playDate": "2018-08-16T12:55:14.000+0000", "artistId": 123079, "songId": 80694401, "state": "OH", "style": "ELECTRO - DANCE", "latitude": 40.19036, "longitude": -82.66925}, {"playDate": "2018-08-16T12:56:28.000+0000", "artistId": 123079, "songId": 74827606, "state": "OH", "style": "ELECTRO - DANCE", "latitude": 40.19036, "longitude": -82.66925}, {"playDate": "2018-08-16T12:56:57.000+0000", "artistId": 123079, "songId": 89141302, "state": "MD", "style": "ELECTRO - DANCE", "latitude": 38.80635, "longitude": -77.26842}, {"playDate": "2018-08-16T12:58:51.000+0000", "artistId": 123079, "songId": 15154401, "state": "VA", "style": "ELECTRO - DANCE", "latitude": 38.003384, "longitude": -79.458786}, {"playDate": "2018-08-16T13:06:52.000+0000", "artistId": 123079, "songId": 15154404, "state": "MD", "style": "ELECTRO - DANCE", "latitude": 38.80635, "longitude": -77.26842}, {"playDate": "2018-08-16T13:25:52.000+0000", "artistId": 123079, "songId": 80694403, "state": "AB", "style": "ELECTRO - DANCE", "latitude": 53.016697, "longitude": -112.816635}, {"playDate": "2018-08-16T13:27:11.000+0000", "artistId": 123079, "songId": 74827606, "state": "WI", "style": "ELECTRO - DANCE", "latitude": 44.786297, "longitude": -89.826706}, {"playDate": "2018-08-16T13:32:35.000+0000", "artistId": 123079, "songId": 80694401, "state": "IA", "style": "ELECTRO - DANCE", "latitude": 41.938316, "longitude": -93.3898}, {"playDate": "2018-08-16T13:45:03.000+0000", "artistId": 123079, "songId": 80694402, "state": "TX", "style": "ELECTRO - DANCE", "latitude": 31.169336, "longitude": -100.07684}, {"playDate": "2018-08-16T13:48:10.000+0000", "artistId": 123079, "songId": 80694401, "state": "TX", "style": "ELECTRO - DANCE", "latitude": 31.169336, "longitude": -100.07684}, {"playDate": "2018-08-16T13:50:36.000+0000", "artistId": 123079, "songId": 74827606, "state": "CO", "style": "ELECTRO - DANCE", "latitude": 38.997932, "longitude": -105.55057}, {"playDate": "2018-08-16T13:52:31.000+0000", "artistId": 123079, "songId": 80694401, "state": "IN", "style": "ELECTRO - DANCE", "latitude": 39.76622, "longitude": -86.44128}, {"playDate": "2018-08-16T13:55:33.000+0000", "artistId": 123079, "songId": 80694403, "state": "CO", "style": "ELECTRO - DANCE", "latitude": 38.997932, "longitude": -105.55057}, {"playDate": "2018-08-16T13:57:20.000+0000", "artistId": 123079, "songId": 89141302, "state": "IA", "style": "ELECTRO - DANCE", "latitude": 41.938316, "longitude": -93.3898}, {"playDate": "2018-08-16T14:03:49.000+0000", "artistId": 123079, "songId": 15154401, "state": "ID", "style": "ELECTRO - DANCE", "latitude": 45.494576, "longitude": -114.14243}, {"playDate": "2018-08-16T14:10:14.000+0000", "artistId": 123079, "songId": 38151401, "state": "TX", "style": "ELECTRO - DANCE", "latitude": 31.169336, "longitude": -100.07684}, {"playDate": "2018-08-16T14:13:19.000+0000", "artistId": 123079, "songId": 80694403, "state": "BC", "style": "ELECTRO - DANCE", "latitude": 49.09996, "longitude": -116.5167}, {"playDate": "2018-08-16T14:15:56.000+0000", "artistId": 123079, "songId": 80694402, "state": "WY", "style": "ELECTRO - DANCE", "latitude": 43.000324, "longitude": -107.554565}, {"playDate": "2018-08-16T14:24:05.000+0000", "artistId": 123079, "songId": 80694401, "state": "FL", "style": "ELECTRO - DANCE", "latitude": 27.975727, "longitude": -83.833015}, {"playDate": "2018-08-16T14:25:26.000+0000", "artistId": 123079, "songId": 80694401, "state": "BC", "style": "ELECTRO - DANCE", "latitude": 49.09996, "longitude": -116.5167}, {"playDate": "2018-08-16T14:30:53.000+0000", "artistId": 123079, "songId": 15154401, "state": "IL", "style": "ELECTRO - DANCE", "latitude": 39.73932, "longitude": -89.50414}, {"playDate": "2018-08-16T14:31:48.000+0000", "artistId": 123079, "songId": 37039301, "state": "DC", "style": "ELECTRO - DANCE", "latitude": 38.89935, "longitude": -77.014565}, {"playDate": "2018-08-16T14:35:37.000+0000", "artistId": 123079, "songId": 15154401, "state": "OH", "style": "ELECTRO - DANCE", "latitude": 40.19036, "longitude": -82.66925}, {"playDate": "2018-08-16T14:38:17.000+0000", "artistId": 123079, "songId": 80694401, "state": "CA", "style": "ELECTRO - DANCE", "latitude": 37.271873, "longitude": -119.27042}, {"playDate": "2018-08-16T14:45:05.000+0000", "artistId": 123079, "songId": 80694401, "state": "NC", "style": "ELECTRO - DANCE", "latitude": 35.21456, "longitude": -79.891266}, {"playDate": "2018-08-16T14:54:52.000+0000", "artistId": 123079, "songId": 80694402, "state": "NM", "style": "ELECTRO - DANCE", "latitude": 34.166233, "longitude": -106.02607}, {"playDate": "2018-08-16T14:58:50.000+0000", "artistId": 123079, "songId": 80694402, "state": "IL", "style": "ELECTRO - DANCE", "latitude": 39.73932, "longitude": -89.50414}, {"playDate": "2018-08-16T15:03:48.000+0000", "artistId": 123079, "songId": 89141302, "state": "AZ", "style": "ELECTRO - DANCE", "latitude": 34.168217, "longitude": -111.93091}, {"playDate": "2018-08-16T15:13:38.000+0000", "artistId": 123079, "songId": 89141302, "state": "TX", "style": "ELECTRO - DANCE", "latitude": 31.169336, "longitude": -100.07684}, {"playDate": "2018-08-16T15:13:44.000+0000", "artistId": 123079, "songId": 80694403, "state": "FL", "style": "ELECTRO - DANCE", "latitude": 27.975727, "longitude": -83.833015}, {"playDate": "2018-08-16T15:16:58.000+0000", "artistId": 123079, "songId": 80694404, "state": "PA", "style": "ELECTRO - DANCE", "latitude": 40.994595, "longitude": -77.6047}, {"playDate": "2018-08-16T15:19:55.000+0000", "artistId": 123079, "songId": 80694404, "state": "TX", "style": "ELECTRO - DANCE", "latitude": 31.169336, "longitude": -100.07684}, {"playDate": "2018-08-16T15:23:12.000+0000", "artistId": 123079, "songId": 80694401, "state": "IN", "style": "ELECTRO - DANCE", "latitude": 39.76622, "longitude": -86.44128}, {"playDate": "2018-08-16T15:23:20.000+0000", "artistId": 123079, "songId": 80694401, "state": "FL", "style": "ELECTRO - DANCE", "latitude": 27.975727, "longitude": -83.833015}, {"playDate": "2018-08-16T15:30:09.000+0000", "artistId": 123079, "songId": 52789501, "state": "NV", "style": "ELECTRO - DANCE", "latitude": 38.502033, "longitude": -117.02306}, {"playDate": "2018-08-16T15:38:56.000+0000", "artistId": 123079, "songId": 74827606, "state": "CA", "style": "ELECTRO - DANCE", "latitude": 37.271873, "longitude": -119.27042}, {"playDate": "2018-08-16T15:39:56.000+0000", "artistId": 123079, "songId": 80694402, "state": "WA", "style": "ELECTRO - DANCE", "latitude": 38.89935, "longitude": -77.014565}, {"playDate": "2018-08-16T15:40:55.000+0000", "artistId": 123079, "songId": 80694403, "state": "CT", "style": "ELECTRO - DANCE", "latitude": 41.518784, "longitude": -72.75751}, {"playDate": "2018-08-16T15:46:30.000+0000", "artistId": 123079, "songId": 80694402, "state": "NY", "style": "ELECTRO - DANCE", "latitude": 40.705627, "longitude": -73.97968}, {"playDate": "2018-08-16T15:50:09.000+0000", "artistId": 123079, "songId": 89141302, "state": "MO", "style": "ELECTRO - DANCE", "latitude": 38.30466, "longitude": -92.437096}, {"playDate": "2018-08-16T15:56:16.000+0000", "artistId": 123079, "songId": 80694401, "state": "FL", "style": "ELECTRO - DANCE", "latitude": 27.975727, "longitude": -83.833015}, {"playDate": "2018-08-16T15:56:25.000+0000", "artistId": 123079, "songId": 80694401, "state": "MN", "style": "ELECTRO - DANCE", "latitude": 46.44186, "longitude": -93.36552}, {"playDate": "2018-08-16T15:56:44.000+0000", "artistId": 123079, "songId": 80694401, "state": "IL", "style": "ELECTRO - DANCE", "latitude": 39.73932, "longitude": -89.50414}, {"playDate": "2018-08-16T15:58:57.000+0000", "artistId": 123079, "songId": 80694401, "state": "WA", "style": "ELECTRO - DANCE", "latitude": 38.89935, "longitude": -77.014565}, {"playDate": "2018-08-16T16:03:13.000+0000", "artistId": 123079, "songId": 15154401, "state": "GA", "style": "ELECTRO - DANCE", "latitude": 32.678123, "longitude": -83.22298}, {"playDate": "2018-08-16T16:04:09.000+0000", "artistId": 123079, "songId": 80694401, "state": "FL", "style": "ELECTRO - DANCE", "latitude": 27.975727, "longitude": -83.833015}, {"playDate": "2018-08-16T16:05:00.000+0000", "artistId": 123079, "songId": 80694404, "state": "FL", "style": "ELECTRO - DANCE", "latitude": 27.975727, "longitude": -83.833015}, {"playDate": "2018-08-16T16:10:31.000+0000", "artistId": 123079, "songId": 27933701, "state": "TX", "style": "ELECTRO - DANCE", "latitude": 31.169336, "longitude": -100.07684}, {"playDate": "2018-08-16T16:17:28.000+0000", "artistId": 123079, "songId": 38151401, "state": "CO", "style": "ELECTRO - DANCE", "latitude": 38.997932, "longitude": -105.55057}, {"playDate": "2018-08-16T16:21:37.000+0000", "artistId": 123079, "songId": 80694401, "state": "WA", "style": "ELECTRO - DANCE", "latitude": 38.89935, "longitude": -77.014565}, {"playDate": "2018-08-16T16:24:52.000+0000", "artistId": 123079, "songId": 15154401, "state": "CA", "style": "ELECTRO - DANCE", "latitude": 37.271873, "longitude": -119.27042}, {"playDate": "2018-08-16T16:31:36.000+0000", "artistId": 123079, "songId": 80694401, "state": "FL", "style": "ELECTRO - DANCE", "latitude": 27.975727, "longitude": -83.833015}, {"playDate": "2018-08-16T16:35:31.000+0000", "artistId": 123079, "songId": 80694401, "state": "CA", "style": "ELECTRO - DANCE", "latitude": 37.271873, "longitude": -119.27042}, {"playDate": "2018-08-16T16:35:49.000+0000", "artistId": 123079, "songId": 80694403, "state": "MN", "style": "ELECTRO - DANCE", "latitude": 46.44186, "longitude": -93.36552}, {"playDate": "2018-08-16T16:36:16.000+0000", "artistId": 123079, "songId": 37778501, "state": "MD", "style": "ELECTRO - DANCE", "latitude": 38.80635, "longitude": -77.26842}, {"playDate": "2018-08-16T16:38:54.000+0000", "artistId": 123079, "songId": 52789501, "state": "IL", "style": "ELECTRO - DANCE", "latitude": 39.73932, "longitude": -89.50414}, {"playDate": "2018-08-16T16:42:43.000+0000", "artistId": 123079, "songId": 89141302, "state": "IA", "style": "ELECTRO - DANCE", "latitude": 41.938316, "longitude": -93.3898}, {"playDate": "2018-08-16T16:47:38.000+0000", "artistId": 123079, "songId": 15154401, "state": "MI", "style": "ELECTRO - DANCE", "latitude": 44.94356, "longitude": -86.4158}, {"playDate": "2018-08-16T16:49:20.000+0000", "artistId": 123079, "songId": 80694402, "state": "TN", "style": "ELECTRO - DANCE", "latitude": 35.83052, "longitude": -85.9786}, {"playDate": "2018-08-16T16:51:02.000+0000", "artistId": 123079, "songId": 38151401, "state": "GA", "style": "ELECTRO - DANCE", "latitude": 32.678123, "longitude": -83.22298}, {"playDate": "2018-08-16T16:56:11.000+0000", "artistId": 123079, "songId": 74827606, "state": "VA", "style": "ELECTRO - DANCE", "latitude": 38.003384, "longitude": -79.458786}, {"playDate": "2018-08-16T16:57:10.000+0000", "artistId": 123079, "songId": 74827606, "state": "FL", "style": "ELECTRO - DANCE", "latitude": 27.975727, "longitude": -83.833015}, {"playDate": "2018-08-16T16:58:14.000+0000", "artistId": 123079, "songId": 89141302, "state": "WI", "style": "ELECTRO - DANCE", "latitude": 44.786297, "longitude": -89.826706}, {"playDate": "2018-08-16T17:04:56.000+0000", "artistId": 123079, "songId": 37778501, "state": "PA", "style": "ELECTRO - DANCE", "latitude": 40.994595, "longitude": -77.6047}, {"playDate": "2018-08-16T17:06:31.000+0000", "artistId": 123079, "songId": 37778501, "state": "VA", "style": "ELECTRO - DANCE", "latitude": 38.003384, "longitude": -79.458786}, {"playDate": "2018-08-16T17:10:16.000+0000", "artistId": 123079, "songId": 89141302, "state": "TX", "style": "ELECTRO - DANCE", "latitude": 31.169336, "longitude": -100.07684}, {"playDate": "2018-08-16T17:12:39.000+0000", "artistId": 123079, "songId": 80694401, "state": "MA", "style": "ELECTRO - DANCE", "latitude": 42.06294, "longitude": -71.71806}, {"playDate": "2018-08-16T17:13:21.000+0000", "artistId": 123079, "songId": 15154401, "state": "FL", "style": "ELECTRO - DANCE", "latitude": 27.975727, "longitude": -83.833015}, {"playDate": "2018-08-16T17:16:17.000+0000", "artistId": 123079, "songId": 80694404, "state": "NJ", "style": "ELECTRO - DANCE", "latitude": 40.143005, "longitude": -74.73112}, {"playDate": "2018-08-16T17:17:40.000+0000", "artistId": 123079, "songId": 80694404, "state": "PA", "style": "ELECTRO - DANCE", "latitude": 40.994595, "longitude": -77.6047}, {"playDate": "2018-08-16T17:23:21.000+0000", "artistId": 123079, "songId": 80694404, "state": "CA", "style": "ELECTRO - DANCE", "latitude": 37.271873, "longitude": -119.27042}, {"playDate": "2018-08-16T17:23:37.000+0000", "artistId": 123079, "songId": 15154404, "state": "QC", "style": "ELECTRO - DANCE", "latitude": 49.82258, "longitude": -64.34799}, {"playDate": "2018-08-16T17:23:45.000+0000", "artistId": 123079, "songId": 80694401, "state": "NJ", "style": "ELECTRO - DANCE", "latitude": 40.143005, "longitude": -74.73112}, {"playDate": "2018-08-16T17:26:30.000+0000", "artistId": 123079, "songId": 15154401, "state": "IL", "style": "ELECTRO - DANCE", "latitude": 39.73932, "longitude": -89.50414}, {"playDate": "2018-08-16T17:29:07.000+0000", "artistId": 123079, "songId": 80694401, "state": "TX", "style": "ELECTRO - DANCE", "latitude": 31.169336, "longitude": -100.07684}, {"playDate": "2018-08-16T17:34:53.000+0000", "artistId": 123079, "songId": 80694402, "state": "TX", "style": "ELECTRO - DANCE", "latitude": 31.169336, "longitude": -100.07684}, {"playDate": "2018-08-16T17:46:41.000+0000", "artistId": 123079, "songId": 80694401, "state": "LA", "style": "ELECTRO - DANCE", "latitude": 30.973377, "longitude": -91.42991}, {"playDate": "2018-08-16T17:47:04.000+0000", "artistId": 123079, "songId": 80694403, "state": "MD", "style": "ELECTRO - DANCE", "latitude": 38.80635, "longitude": -77.26842}, {"playDate": "2018-08-16T17:52:33.000+0000", "artistId": 123079, "songId": 80694403, "state": "MA", "style": "ELECTRO - DANCE", "latitude": 42.06294, "longitude": -71.71806}, {"playDate": "2018-08-16T17:53:02.000+0000", "artistId": 123079, "songId": 80694401, "state": "CO", "style": "ELECTRO - DANCE", "latitude": 38.997932, "longitude": -105.55057}, {"playDate": "2018-08-16T17:54:49.000+0000", "artistId": 123079, "songId": 80694401, "state": "ID", "style": "ELECTRO - DANCE", "latitude": 45.494576, "longitude": -114.14243}, {"playDate": "2018-08-16T18:08:05.000+0000", "artistId": 123079, "songId": 80694401, "state": "OH", "style": "ELECTRO - DANCE", "latitude": 40.19036, "longitude": -82.66925}, {"playDate": "2018-08-16T18:09:40.000+0000", "artistId": 123079, "songId": 80694403, "state": "CO", "style": "ELECTRO - DANCE", "latitude": 38.997932, "longitude": -105.55057}, {"playDate": "2018-08-16T18:10:55.000+0000", "artistId": 123079, "songId": 80694401, "state": "AZ", "style": "ELECTRO - DANCE", "latitude": 34.168217, "longitude": -111.93091}, {"playDate": "2018-08-16T18:11:21.000+0000", "artistId": 123079, "songId": 80694403, "state": "TX", "style": "ELECTRO - DANCE", "latitude": 31.169336, "longitude": -100.07684}, {"playDate": "2018-08-16T18:14:50.000+0000", "artistId": 123079, "songId": 89141302, "state": "IL", "style": "ELECTRO - DANCE", "latitude": 39.73932, "longitude": -89.50414}, {"playDate": "2018-08-16T18:20:37.000+0000", "artistId": 123079, "songId": 80694403, "state": "CO", "style": "ELECTRO - DANCE", "latitude": 38.997932, "longitude": -105.55057}, {"playDate": "2018-08-16T18:26:27.000+0000", "artistId": 123079, "songId": 80694401, "state": "TX", "style": "ELECTRO - DANCE", "latitude": 31.169336, "longitude": -100.07684}, {"playDate": "2018-08-16T18:28:06.000+0000", "artistId": 123079, "songId": 38151401, "state": "TX", "style": "ELECTRO - DANCE", "latitude": 31.169336, "longitude": -100.07684}, {"playDate": "2018-08-16T18:29:02.000+0000", "artistId": 123079, "songId": 74827606, "state": "MS", "style": "ELECTRO - DANCE", "latitude": 32.585106, "longitude": -89.87722}, {"playDate": "2018-08-16T18:30:27.000+0000", "artistId": 123079, "songId": 37039301, "state": "IL", "style": "ELECTRO - DANCE", "latitude": 39.73932, "longitude": -89.50414}, {"playDate": "2018-08-16T18:34:21.000+0000", "artistId": 123079, "songId": 15154401, "state": "FL", "style": "ELECTRO - DANCE", "latitude": 27.975727, "longitude": -83.833015}, {"playDate": "2018-08-16T18:56:28.000+0000", "artistId": 123079, "songId": 89141302, "state": "AZ", "style": "ELECTRO - DANCE", "latitude": 34.168217, "longitude": -111.93091}, {"playDate": "2018-08-16T18:57:01.000+0000", "artistId": 123079, "songId": 80694401, "state": "MN", "style": "ELECTRO - DANCE", "latitude": 46.44186, "longitude": -93.36552}, {"playDate": "2018-08-16T18:57:30.000+0000", "artistId": 123079, "songId": 80694401, "state": "TX", "style": "ELECTRO - DANCE", "latitude": 31.169336, "longitude": -100.07684}, {"playDate": "2018-08-16T18:57:30.000+0000", "artistId": 123079, "songId": 80694401, "state": "TX", "style": "ELECTRO - DANCE", "latitude": 31.169336, "longitude": -100.07684}, {"playDate": "2018-08-16T19:00:09.000+0000", "artistId": 123079, "songId": 80694403, "state": "WI", "style": "ELECTRO - DANCE", "latitude": 44.786297, "longitude": -89.826706}, {"playDate": "2018-08-16T19:00:44.000+0000", "artistId": 123079, "songId": 80694401, "state": "MI", "style": "ELECTRO - DANCE", "latitude": 44.94356, "longitude": -86.4158}, {"playDate": "2018-08-16T19:02:31.000+0000", "artistId": 123079, "songId": 80694404, "state": "VA", "style": "ELECTRO - DANCE", "latitude": 38.003384, "longitude": -79.458786}, {"playDate": "2018-08-16T19:10:07.000+0000", "artistId": 123079, "songId": 74827606, "state": "MN", "style": "ELECTRO - DANCE", "latitude": 46.44186, "longitude": -93.36552}, {"playDate": "2018-08-16T19:13:19.000+0000", "artistId": 123079, "songId": 38151401, "state": "WI", "style": "ELECTRO - DANCE", "latitude": 44.786297, "longitude": -89.826706}, {"playDate": "2018-08-16T19:15:32.000+0000", "artistId": 123079, "songId": 80694404, "state": "NY", "style": "ELECTRO - DANCE", "latitude": 40.705627, "longitude": -73.97968}, {"playDate": "2018-08-16T19:21:13.000+0000", "artistId": 123079, "songId": 80694401, "state": "PA", "style": "ELECTRO - DANCE", "latitude": 40.994595, "longitude": -77.6047}, {"playDate": "2018-08-16T19:27:30.000+0000", "artistId": 123079, "songId": 80694401, "state": "MD", "style": "ELECTRO - DANCE", "latitude": 38.80635, "longitude": -77.26842}, {"playDate": "2018-08-16T19:39:27.000+0000", "artistId": 123079, "songId": 89141302, "state": "TX", "style": "ELECTRO - DANCE", "latitude": 31.169336, "longitude": -100.07684}, {"playDate": "2018-08-16T19:41:55.000+0000", "artistId": 123079, "songId": 80694404, "state": "MI", "style": "ELECTRO - DANCE", "latitude": 44.94356, "longitude": -86.4158}, {"playDate": "2018-08-16T19:44:56.000+0000", "artistId": 123079, "songId": 80694404, "state": "PA", "style": "ELECTRO - DANCE", "latitude": 40.994595, "longitude": -77.6047}, {"playDate": "2018-08-16T19:59:01.000+0000", "artistId": 123079, "songId": 80694404, "state": "TX", "style": "ELECTRO - DANCE", "latitude": 31.169336, "longitude": -100.07684}, {"playDate": "2018-08-16T20:00:46.000+0000", "artistId": 123079, "songId": 15154401, "state": "AZ", "style": "ELECTRO - DANCE", "latitude": 34.168217, "longitude": -111.93091}, {"playDate": "2018-08-16T20:02:12.000+0000", "artistId": 123079, "songId": 80694401, "state": "IA", "style": "ELECTRO - DANCE", "latitude": 41.938316, "longitude": -93.3898}, {"playDate": "2018-08-16T20:02:36.000+0000", "artistId": 123079, "songId": 80694403, "state": "CA", "style": "ELECTRO - DANCE", "latitude": 37.271873, "longitude": -119.27042}, {"playDate": "2018-08-16T20:14:31.000+0000", "artistId": 123079, "songId": 80694401, "state": "AL", "style": "ELECTRO - DANCE", "latitude": 32.60101, "longitude": -86.68073}, {"playDate": "2018-08-16T20:18:33.000+0000", "artistId": 123079, "songId": 80694403, "state": "CA", "style": "ELECTRO - DANCE", "latitude": 37.271873, "longitude": -119.27042}, {"playDate": "2018-08-16T20:19:48.000+0000", "artistId": 123079, "songId": 89141302, "state": "FL", "style": "ELECTRO - DANCE", "latitude": 27.975727, "longitude": -83.833015}, {"playDate": "2018-08-16T20:20:16.000+0000", "artistId": 123079, "songId": 89141302, "state": "FL", "style": "ELECTRO - DANCE", "latitude": 27.975727, "longitude": -83.833015}, {"playDate": "2018-08-16T20:22:52.000+0000", "artistId": 123079, "songId": 80694401, "state": "OH", "style": "ELECTRO - DANCE", "latitude": 40.19036, "longitude": -82.66925}, {"playDate": "2018-08-16T20:29:08.000+0000", "artistId": 123079, "songId": 78104604, "state": "CT", "style": "ELECTRO - DANCE", "latitude": 41.518784, "longitude": -72.75751}, {"playDate": "2018-08-16T20:33:12.000+0000", "artistId": 123079, "songId": 80694401, "state": "OH", "style": "ELECTRO - DANCE", "latitude": 40.19036, "longitude": -82.66925}, {"playDate": "2018-08-16T20:36:20.000+0000", "artistId": 123079, "songId": 80694401, "state": "OH", "style": "ELECTRO - DANCE", "latitude": 40.19036, "longitude": -82.66925}, {"playDate": "2018-08-16T20:37:16.000+0000", "artistId": 123079, "songId": 89141302, "state": "NC", "style": "ELECTRO - DANCE", "latitude": 35.21456, "longitude": -79.891266}, {"playDate": "2018-08-16T20:40:00.000+0000", "artistId": 123079, "songId": 15154401, "state": "TX", "style": "ELECTRO - DANCE", "latitude": 31.169336, "longitude": -100.07684}, {"playDate": "2018-08-16T20:42:00.000+0000", "artistId": 123079, "songId": 80694401, "state": "IL", "style": "ELECTRO - DANCE", "latitude": 39.73932, "longitude": -89.50414}, {"playDate": "2018-08-16T20:42:12.000+0000", "artistId": 123079, "songId": 27933702, "state": "NY", "style": "ELECTRO - DANCE", "latitude": 40.705627, "longitude": -73.97968}, {"playDate": "2018-08-16T20:43:23.000+0000", "artistId": 123079, "songId": 52789501, "state": "NV", "style": "ELECTRO - DANCE", "latitude": 38.502033, "longitude": -117.02306}, {"playDate": "2018-08-16T20:45:06.000+0000", "artistId": 123079, "songId": 78104602, "state": "IN", "style": "ELECTRO - DANCE", "latitude": 39.76622, "longitude": -86.44128}, {"playDate": "2018-08-16T20:46:58.000+0000", "artistId": 123079, "songId": 52789501, "state": "OK", "style": "ELECTRO - DANCE", "latitude": 35.309765, "longitude": -98.71656}, {"playDate": "2018-08-16T20:47:39.000+0000", "artistId": 123079, "songId": 80694401, "state": "AZ", "style": "ELECTRO - DANCE", "latitude": 34.168217, "longitude": -111.93091}, {"playDate": "2018-08-16T20:47:57.000+0000", "artistId": 123079, "songId": 80694402, "state": "WI", "style": "ELECTRO - DANCE", "latitude": 44.786297, "longitude": -89.826706}, {"playDate": "2018-08-16T20:47:58.000+0000", "artistId": 123079, "songId": 89141302, "state": "CO", "style": "ELECTRO - DANCE", "latitude": 38.997932, "longitude": -105.55057}, {"playDate": "2018-08-16T20:49:23.000+0000", "artistId": 123079, "songId": 74827606, "state": "QC", "style": "ELECTRO - DANCE", "latitude": 49.82258, "longitude": -64.34799}, {"playDate": "2018-08-16T20:53:45.000+0000", "artistId": 123079, "songId": 80694403, "state": "WI", "style": "ELECTRO - DANCE", "latitude": 44.786297, "longitude": -89.826706}, {"playDate": "2018-08-16T20:53:45.000+0000", "artistId": 123079, "songId": 80694403, "state": "WI", "style": "ELECTRO - DANCE", "latitude": 44.786297, "longitude": -89.826706}, {"playDate": "2018-08-16T20:57:03.000+0000", "artistId": 123079, "songId": 80694402, "state": "AZ", "style": "ELECTRO - DANCE", "latitude": 34.168217, "longitude": -111.93091}, {"playDate": "2018-08-16T21:05:27.000+0000", "artistId": 123079, "songId": 80694401, "state": "IN", "style": "ELECTRO - DANCE", "latitude": 39.76622, "longitude": -86.44128}, {"playDate": "2018-08-16T21:06:22.000+0000", "artistId": 123079, "songId": 80694401, "state": "TN", "style": "ELECTRO - DANCE", "latitude": 35.83052, "longitude": -85.9786}, {"playDate": "2018-08-16T21:09:48.000+0000", "artistId": 123079, "songId": 37347101, "state": "WA", "style": "ELECTRO - DANCE", "latitude": 38.89935, "longitude": -77.014565}, {"playDate": "2018-08-16T21:11:18.000+0000", "artistId": 123079, "songId": 80694404, "state": "OH", "style": "ELECTRO - DANCE", "latitude": 40.19036, "longitude": -82.66925}, {"playDate": "2018-08-16T21:13:35.000+0000", "artistId": 123079, "songId": 80694403, "state": "MD", "style": "ELECTRO - DANCE", "latitude": 38.80635, "longitude": -77.26842}, {"playDate": "2018-08-16T21:14:33.000+0000", "artistId": 123079, "songId": 52789501, "state": "NJ", "style": "ELECTRO - DANCE", "latitude": 40.143005, "longitude": -74.73112}, {"playDate": "2018-08-16T21:14:35.000+0000", "artistId": 123079, "songId": 89141302, "state": "IN", "style": "ELECTRO - DANCE", "latitude": 39.76622, "longitude": -86.44128}, {"playDate": "2018-08-16T21:18:20.000+0000", "artistId": 123079, "songId": 80694401, "state": "KS", "style": "ELECTRO - DANCE", "latitude": 38.49878, "longitude": -98.320076}, {"playDate": "2018-08-16T21:26:32.000+0000", "artistId": 123079, "songId": 74827606, "state": "PA", "style": "ELECTRO - DANCE", "latitude": 40.994595, "longitude": -77.6047}, {"playDate": "2018-08-16T21:28:58.000+0000", "artistId": 123079, "songId": 89141302, "state": "MI", "style": "ELECTRO - DANCE", "latitude": 44.94356, "longitude": -86.4158}, {"playDate": "2018-08-16T21:31:25.000+0000", "artistId": 123079, "songId": 27933702, "state": "CA", "style": "ELECTRO - DANCE", "latitude": 37.271873, "longitude": -119.27042}, {"playDate": "2018-08-16T21:31:46.000+0000", "artistId": 123079, "songId": 89141302, "state": "TX", "style": "ELECTRO - DANCE", "latitude": 31.169336, "longitude": -100.07684}, {"playDate": "2018-08-16T21:37:21.000+0000", "artistId": 123079, "songId": 37039301, "state": "TX", "style": "ELECTRO - DANCE", "latitude": 31.169336, "longitude": -100.07684}, {"playDate": "2018-08-16T21:37:21.000+0000", "artistId": 123079, "songId": 37039301, "state": "TX", "style": "ELECTRO - DANCE", "latitude": 31.169336, "longitude": -100.07684}, {"playDate": "2018-08-16T21:39:08.000+0000", "artistId": 123079, "songId": 15154401, "state": "NC", "style": "ELECTRO - DANCE", "latitude": 35.21456, "longitude": -79.891266}, {"playDate": "2018-08-16T21:39:08.000+0000", "artistId": 123079, "songId": 15154401, "state": "NC", "style": "ELECTRO - DANCE", "latitude": 35.21456, "longitude": -79.891266}, {"playDate": "2018-08-16T21:41:10.000+0000", "artistId": 123079, "songId": 37778505, "state": "NJ", "style": "ELECTRO - DANCE", "latitude": 40.143005, "longitude": -74.73112}, {"playDate": "2018-08-16T21:43:30.000+0000", "artistId": 123079, "songId": 80694401, "state": "TN", "style": "ELECTRO - DANCE", "latitude": 35.83052, "longitude": -85.9786}, {"playDate": "2018-08-16T21:50:57.000+0000", "artistId": 123079, "songId": 80694401, "state": "CA", "style": "ELECTRO - DANCE", "latitude": 37.271873, "longitude": -119.27042}, {"playDate": "2018-08-16T21:58:37.000+0000", "artistId": 123079, "songId": 52789501, "state": "NJ", "style": "ELECTRO - DANCE", "latitude": 40.143005, "longitude": -74.73112}, {"playDate": "2018-08-16T22:02:11.000+0000", "artistId": 123079, "songId": 80694401, "state": "TN", "style": "ELECTRO - DANCE", "latitude": 35.83052, "longitude": -85.9786}, {"playDate": "2018-08-16T22:08:42.000+0000", "artistId": 123079, "songId": 15154401, "state": "NY", "style": "ELECTRO - DANCE", "latitude": 40.705627, "longitude": -73.97968}, {"playDate": "2018-08-16T22:19:12.000+0000", "artistId": 123079, "songId": 80694401, "state": "NE", "style": "ELECTRO - DANCE", "latitude": 41.50082, "longitude": -99.6809}, {"playDate": "2018-08-16T22:27:27.000+0000", "artistId": 123079, "songId": 80694403, "state": "IN", "style": "ELECTRO - DANCE", "latitude": 39.76622, "longitude": -86.44128}, {"playDate": "2018-08-16T22:30:38.000+0000", "artistId": 123079, "songId": 80694401, "state": "CT", "style": "ELECTRO - DANCE", "latitude": 41.518784, "longitude": -72.75751}, {"playDate": "2018-08-16T22:37:12.000+0000", "artistId": 123079, "songId": 80694401, "state": "NJ", "style": "ELECTRO - DANCE", "latitude": 40.143005, "longitude": -74.73112}, {"playDate": "2018-08-16T22:40:13.000+0000", "artistId": 123079, "songId": 37347101, "state": "OH", "style": "ELECTRO - DANCE", "latitude": 40.19036, "longitude": -82.66925}, {"playDate": "2018-08-16T22:42:20.000+0000", "artistId": 123079, "songId": 37272101, "state": "WY", "style": "ELECTRO - DANCE", "latitude": 43.000324, "longitude": -107.554565}, {"playDate": "2018-08-16T22:42:26.000+0000", "artistId": 123079, "songId": 37778501, "state": "FL", "style": "ELECTRO - DANCE", "latitude": 27.975727, "longitude": -83.833015}, {"playDate": "2018-08-16T22:47:39.000+0000", "artistId": 123079, "songId": 52789501, "state": "NC", "style": "ELECTRO - DANCE", "latitude": 35.21456, "longitude": -79.891266}, {"playDate": "2018-08-16T22:50:38.000+0000", "artistId": 123079, "songId": 74827606, "state": "PA", "style": "ELECTRO - DANCE", "latitude": 40.994595, "longitude": -77.6047}, {"playDate": "2018-08-16T22:51:24.000+0000", "artistId": 123079, "songId": 15154402, "state": "IL", "style": "ELECTRO - DANCE", "latitude": 39.73932, "longitude": -89.50414}, {"playDate": "2018-08-16T22:56:00.000+0000", "artistId": 123079, "songId": 80694401, "state": "OK", "style": "ELECTRO - DANCE", "latitude": 35.309765, "longitude": -98.71656}, {"playDate": "2018-08-16T22:57:30.000+0000", "artistId": 123079, "songId": 27933701, "state": "QC", "style": "ELECTRO - DANCE", "latitude": 49.82258, "longitude": -64.34799}, {"playDate": "2018-08-16T23:02:04.000+0000", "artistId": 123079, "songId": 37347101, "state": "CT", "style": "ELECTRO - DANCE", "latitude": 41.518784, "longitude": -72.75751}, {"playDate": "2018-08-16T23:08:24.000+0000", "artistId": 123079, "songId": 52789501, "state": "WI", "style": "ELECTRO - DANCE", "latitude": 44.786297, "longitude": -89.826706}, {"playDate": "2018-08-16T23:13:10.000+0000", "artistId": 123079, "songId": 80694402, "state": "MA", "style": "ELECTRO - DANCE", "latitude": 42.06294, "longitude": -71.71806}, {"playDate": "2018-08-16T23:18:26.000+0000", "artistId": 123079, "songId": 80694403, "state": "CA", "style": "ELECTRO - DANCE", "latitude": 37.271873, "longitude": -119.27042}, {"playDate": "2018-08-16T23:24:08.000+0000", "artistId": 123079, "songId": 80694403, "state": "CA", "style": "ELECTRO - DANCE", "latitude": 37.271873, "longitude": -119.27042}, {"playDate": "2018-08-16T23:30:32.000+0000", "artistId": 123079, "songId": 80694403, "state": "KS", "style": "ELECTRO - DANCE", "latitude": 38.49878, "longitude": -98.320076}, {"playDate": "2018-08-16T23:34:44.000+0000", "artistId": 123079, "songId": 89141302, "state": "VA", "style": "ELECTRO - DANCE", "latitude": 38.003384, "longitude": -79.458786}, {"playDate": "2018-08-16T23:37:35.000+0000", "artistId": 123079, "songId": 78104602, "state": "IL", "style": "ELECTRO - DANCE", "latitude": 39.73932, "longitude": -89.50414}, {"playDate": "2018-08-16T23:40:38.000+0000", "artistId": 123079, "songId": 80694403, "state": "IN", "style": "ELECTRO - DANCE", "latitude": 39.76622, "longitude": -86.44128}, {"playDate": "2018-08-16T23:43:35.000+0000", "artistId": 123079, "songId": 80694404, "state": "WY", "style": "ELECTRO - DANCE", "latitude": 43.000324, "longitude": -107.554565}, {"playDate": "2018-08-16T23:46:07.000+0000", "artistId": 123079, "songId": 52789501, "state": "IL", "style": "ELECTRO - DANCE", "latitude": 39.73932, "longitude": -89.50414}, {"playDate": "2018-08-16T23:48:16.000+0000", "artistId": 123079, "songId": 15154401, "state": "VA", "style": "ELECTRO - DANCE", "latitude": 38.003384, "longitude": -79.458786}, {"playDate": "2018-08-16T23:54:12.000+0000", "artistId": 123079, "songId": 80694401, "state": "NV", "style": "ELECTRO - DANCE", "latitude": 38.502033, "longitude": -117.02306}], "totalRecordsCount": 314}