{"plays": [{"playDate": "2018-12-09T00:07:02.000+0000", "artistId": 123079, "songId": 80694402, "state": "TX", "style": "ELECTRO - DANCE", "latitude": 31.169336, "longitude": -100.07684}, {"playDate": "2018-12-09T00:07:32.000+0000", "artistId": 123079, "songId": 80694404, "state": "NV", "style": "ELECTRO - DANCE", "latitude": 38.502033, "longitude": -117.02306}, {"playDate": "2018-12-09T00:13:59.000+0000", "artistId": 123079, "songId": 80694401, "state": "GA", "style": "ELECTRO - DANCE", "latitude": 32.678123, "longitude": -83.22298}, {"playDate": "2018-12-09T00:17:21.000+0000", "artistId": 123079, "songId": 80694404, "state": "NM", "style": "ELECTRO - DANCE", "latitude": 34.166233, "longitude": -106.02607}, {"playDate": "2018-12-09T00:18:12.000+0000", "artistId": 123079, "songId": 80694403, "state": "NY", "style": "ELECTRO - DANCE", "latitude": 40.705627, "longitude": -73.97968}, {"playDate": "2018-12-09T00:24:29.000+0000", "artistId": 123079, "songId": 80694402, "state": "IL", "style": "ELECTRO - DANCE", "latitude": 39.73932, "longitude": -89.50414}, {"playDate": "2018-12-09T00:43:49.000+0000", "artistId": 123079, "songId": 80694401, "state": "MT", "style": "ELECTRO - DANCE", "latitude": 46.6798, "longitude": -110.044785}, {"playDate": "2018-12-09T00:45:49.000+0000", "artistId": 123079, "songId": 27933701, "state": "RI", "style": "ELECTRO - DANCE", "latitude": 41.58273, "longitude": -71.506454}, {"playDate": "2018-12-09T00:47:43.000+0000", "artistId": 123079, "songId": 80694402, "state": "FL", "style": "ELECTRO - DANCE", "latitude": 27.975727, "longitude": -83.833015}, {"playDate": "2018-12-09T00:48:43.000+0000", "artistId": 123079, "songId": 80694401, "state": "QC", "style": "ELECTRO - DANCE", "latitude": 49.82258, "longitude": -64.34799}, {"playDate": "2018-12-09T00:56:37.000+0000", "artistId": 123079, "songId": 15154401, "state": "NY", "style": "ELECTRO - DANCE", "latitude": 40.705627, "longitude": -73.97968}, {"playDate": "2018-12-09T01:02:13.000+0000", "artistId": 123079, "songId": 78104604, "state": "MI", "style": "ELECTRO - DANCE", "latitude": 44.94356, "longitude": -86.4158}, {"playDate": "2018-12-09T01:05:49.000+0000", "artistId": 123079, "songId": 80694403, "state": "NC", "style": "ELECTRO - DANCE", "latitude": 35.21456, "longitude": -79.891266}, {"playDate": "2018-12-09T01:06:48.000+0000", "artistId": 123079, "songId": 80694401, "state": "FL", "style": "ELECTRO - DANCE", "latitude": 27.975727, "longitude": -83.833015}, {"playDate": "2018-12-09T01:07:23.000+0000", "artistId": 123079, "songId": 89141302, "state": "UT", "style": "ELECTRO - DANCE", "latitude": 39.49976, "longitude": -111.54703}, {"playDate": "2018-12-09T01:07:49.000+0000", "artistId": 123079, "songId": 27933701, "state": "WI", "style": "ELECTRO - DANCE", "latitude": 44.786297, "longitude": -89.826706}, {"playDate": "2018-12-09T01:17:10.000+0000", "artistId": 123079, "songId": 80694402, "state": "SC", "style": "ELECTRO - DANCE", "latitude": 33.62505, "longitude": -80.94704}, {"playDate": "2018-12-09T01:29:42.000+0000", "artistId": 123079, "songId": 15154404, "state": "NH", "style": "ELECTRO - DANCE", "latitude": 44.001232, "longitude": -71.579926}, {"playDate": "2018-12-09T01:33:22.000+0000", "artistId": 123079, "songId": 78104602, "state": "ND", "style": "ELECTRO - DANCE", "latitude": 47.46788, "longitude": -100.30227}, {"playDate": "2018-12-09T01:38:27.000+0000", "artistId": 123079, "songId": 27933702, "state": "PA", "style": "ELECTRO - DANCE", "latitude": 40.994595, "longitude": -77.6047}, {"playDate": "2018-12-09T01:39:53.000+0000", "artistId": 123079, "songId": 80694402, "state": "VA", "style": "ELECTRO - DANCE", "latitude": 38.003384, "longitude": -79.458786}, {"playDate": "2018-12-09T01:40:09.000+0000", "artistId": 123079, "songId": 37778501, "state": "FL", "style": "ELECTRO - DANCE", "latitude": 27.975727, "longitude": -83.833015}, {"playDate": "2018-12-09T01:40:22.000+0000", "artistId": 123079, "songId": 15154401, "state": "NE", "style": "ELECTRO - DANCE", "latitude": 41.50082, "longitude": -99.6809}, {"playDate": "2018-12-09T01:56:13.000+0000", "artistId": 123079, "songId": 38156901, "state": "MI", "style": "ELECTRO - DANCE", "latitude": 44.94356, "longitude": -86.4158}, {"playDate": "2018-12-09T02:00:57.000+0000", "artistId": 123079, "songId": 80694403, "state": "NY", "style": "ELECTRO - DANCE", "latitude": 40.705627, "longitude": -73.97968}, {"playDate": "2018-12-09T02:01:40.000+0000", "artistId": 123079, "songId": 15154401, "state": "OH", "style": "ELECTRO - DANCE", "latitude": 40.19036, "longitude": -82.66925}, {"playDate": "2018-12-09T02:04:59.000+0000", "artistId": 123079, "songId": 80694403, "state": "MD", "style": "ELECTRO - DANCE", "latitude": 38.80635, "longitude": -77.26842}, {"playDate": "2018-12-09T02:05:15.000+0000", "artistId": 123079, "songId": 89141302, "state": "FL", "style": "ELECTRO - DANCE", "latitude": 27.975727, "longitude": -83.833015}, {"playDate": "2018-12-09T02:12:02.000+0000", "artistId": 123079, "songId": 15154401, "state": "TN", "style": "ELECTRO - DANCE", "latitude": 35.83052, "longitude": -85.9786}, {"playDate": "2018-12-09T02:13:39.000+0000", "artistId": 123079, "songId": 89141302, "state": "TX", "style": "ELECTRO - DANCE", "latitude": 31.169336, "longitude": -100.07684}, {"playDate": "2018-12-09T02:42:34.000+0000", "artistId": 123079, "songId": 89141302, "state": "IA", "style": "ELECTRO - DANCE", "latitude": 41.938316, "longitude": -93.3898}, {"playDate": "2018-12-09T02:55:25.000+0000", "artistId": 123079, "songId": 78104604, "state": "NY", "style": "ELECTRO - DANCE", "latitude": 40.705627, "longitude": -73.97968}, {"playDate": "2018-12-09T02:55:52.000+0000", "artistId": 123079, "songId": 38151401, "state": "KS", "style": "ELECTRO - DANCE", "latitude": 38.49878, "longitude": -98.320076}, {"playDate": "2018-12-09T02:57:16.000+0000", "artistId": 123079, "songId": 74827606, "state": "GA", "style": "ELECTRO - DANCE", "latitude": 32.678123, "longitude": -83.22298}, {"playDate": "2018-12-09T02:58:47.000+0000", "artistId": 123079, "songId": 89141302, "state": "GA", "style": "ELECTRO - DANCE", "latitude": 32.678123, "longitude": -83.22298}, {"playDate": "2018-12-09T02:59:57.000+0000", "artistId": 123079, "songId": 37039301, "state": "IL", "style": "ELECTRO - DANCE", "latitude": 39.73932, "longitude": -89.50414}, {"playDate": "2018-12-09T03:18:54.000+0000", "artistId": 123079, "songId": 74827606, "state": "TX", "style": "ELECTRO - DANCE", "latitude": 31.169336, "longitude": -100.07684}, {"playDate": "2018-12-09T03:21:02.000+0000", "artistId": 123079, "songId": 80694401, "state": "KS", "style": "ELECTRO - DANCE", "latitude": 38.49878, "longitude": -98.320076}, {"playDate": "2018-12-09T03:23:05.000+0000", "artistId": 123079, "songId": 27933701, "state": "OK", "style": "ELECTRO - DANCE", "latitude": 35.309765, "longitude": -98.71656}, {"playDate": "2018-12-09T03:27:30.000+0000", "artistId": 123079, "songId": 80694401, "state": "LA", "style": "ELECTRO - DANCE", "latitude": 30.973377, "longitude": -91.42991}, {"playDate": "2018-12-09T03:31:09.000+0000", "artistId": 123079, "songId": 80694403, "state": "FL", "style": "ELECTRO - DANCE", "latitude": 27.975727, "longitude": -83.833015}, {"playDate": "2018-12-09T03:47:13.000+0000", "artistId": 123079, "songId": 80694402, "state": "TN", "style": "ELECTRO - DANCE", "latitude": 35.83052, "longitude": -85.9786}, {"playDate": "2018-12-09T03:57:27.000+0000", "artistId": 123079, "songId": 80694402, "state": "WY", "style": "ELECTRO - DANCE", "latitude": 43.000324, "longitude": -107.554565}, {"playDate": "2018-12-09T04:00:48.000+0000", "artistId": 123079, "songId": 74827606, "state": "NY", "style": "ELECTRO - DANCE", "latitude": 40.705627, "longitude": -73.97968}, {"playDate": "2018-12-09T04:32:46.000+0000", "artistId": 123079, "songId": 38151401, "state": "NM", "style": "ELECTRO - DANCE", "latitude": 34.166233, "longitude": -106.02607}, {"playDate": "2018-12-09T04:37:56.000+0000", "artistId": 123079, "songId": 89141302, "state": "TX", "style": "ELECTRO - DANCE", "latitude": 31.169336, "longitude": -100.07684}, {"playDate": "2018-12-09T04:38:50.000+0000", "artistId": 123079, "songId": 89141302, "state": "TN", "style": "ELECTRO - DANCE", "latitude": 35.83052, "longitude": -85.9786}, {"playDate": "2018-12-09T04:52:24.000+0000", "artistId": 123079, "songId": 38156901, "state": "NY", "style": "ELECTRO - DANCE", "latitude": 40.705627, "longitude": -73.97968}, {"playDate": "2018-12-09T04:56:06.000+0000", "artistId": 123079, "songId": 80694402, "state": "IA", "style": "ELECTRO - DANCE", "latitude": 41.938316, "longitude": -93.3898}, {"playDate": "2018-12-09T05:21:01.000+0000", "artistId": 123079, "songId": 37039301, "state": "NY", "style": "ELECTRO - DANCE", "latitude": 40.705627, "longitude": -73.97968}, {"playDate": "2018-12-09T05:21:10.000+0000", "artistId": 123079, "songId": 37039301, "state": "FL", "style": "ELECTRO - DANCE", "latitude": 27.975727, "longitude": -83.833015}, {"playDate": "2018-12-09T05:31:15.000+0000", "artistId": 123079, "songId": 80694401, "state": "MO", "style": "ELECTRO - DANCE", "latitude": 38.30466, "longitude": -92.437096}, {"playDate": "2018-12-09T06:33:28.000+0000", "artistId": 123079, "songId": 74827606, "state": "WI", "style": "ELECTRO - DANCE", "latitude": 44.786297, "longitude": -89.826706}, {"playDate": "2018-12-09T06:51:52.000+0000", "artistId": 123079, "songId": 80694404, "state": "VA", "style": "ELECTRO - DANCE", "latitude": 38.003384, "longitude": -79.458786}, {"playDate": "2018-12-09T07:12:34.000+0000", "artistId": 123079, "songId": 80694402, "state": "WI", "style": "ELECTRO - DANCE", "latitude": 44.786297, "longitude": -89.826706}, {"playDate": "2018-12-09T07:18:51.000+0000", "artistId": 123079, "songId": 27933701, "state": "CO", "style": "ELECTRO - DANCE", "latitude": 38.997932, "longitude": -105.55057}, {"playDate": "2018-12-09T07:20:15.000+0000", "artistId": 123079, "songId": 74827606, "state": "OH", "style": "ELECTRO - DANCE", "latitude": 40.19036, "longitude": -82.66925}, {"playDate": "2018-12-09T07:29:20.000+0000", "artistId": 123079, "songId": 80694402, "state": "GA", "style": "ELECTRO - DANCE", "latitude": 32.678123, "longitude": -83.22298}, {"playDate": "2018-12-09T07:29:40.000+0000", "artistId": 123079, "songId": 80694401, "state": "FL", "style": "ELECTRO - DANCE", "latitude": 27.975727, "longitude": -83.833015}, {"playDate": "2018-12-09T08:17:59.000+0000", "artistId": 123079, "songId": 80694404, "state": "TX", "style": "ELECTRO - DANCE", "latitude": 31.169336, "longitude": -100.07684}, {"playDate": "2018-12-09T08:19:38.000+0000", "artistId": 123079, "songId": 89141302, "state": "TX", "style": "ELECTRO - DANCE", "latitude": 31.169336, "longitude": -100.07684}, {"playDate": "2018-12-09T08:19:59.000+0000", "artistId": 123079, "songId": 15154401, "state": "CT", "style": "ELECTRO - DANCE", "latitude": 41.518784, "longitude": -72.75751}, {"playDate": "2018-12-09T08:27:13.000+0000", "artistId": 123079, "songId": 89141302, "state": "TN", "style": "ELECTRO - DANCE", "latitude": 35.83052, "longitude": -85.9786}, {"playDate": "2018-12-09T08:35:02.000+0000", "artistId": 123079, "songId": 74827606, "state": "WA", "style": "ELECTRO - DANCE", "latitude": 38.89935, "longitude": -77.014565}, {"playDate": "2018-12-09T08:43:53.000+0000", "artistId": 123079, "songId": 80694404, "state": "PA", "style": "ELECTRO - DANCE", "latitude": 40.994595, "longitude": -77.6047}, {"playDate": "2018-12-09T09:09:26.000+0000", "artistId": 123079, "songId": 80694402, "state": "WI", "style": "ELECTRO - DANCE", "latitude": 44.786297, "longitude": -89.826706}, {"playDate": "2018-12-09T09:15:40.000+0000", "artistId": 123079, "songId": 74827606, "state": "WI", "style": "ELECTRO - DANCE", "latitude": 44.786297, "longitude": -89.826706}, {"playDate": "2018-12-09T09:17:51.000+0000", "artistId": 123079, "songId": 15154401, "state": "GA", "style": "ELECTRO - DANCE", "latitude": 32.678123, "longitude": -83.22298}, {"playDate": "2018-12-09T09:19:17.000+0000", "artistId": 123079, "songId": 80694402, "state": "DC", "style": "ELECTRO - DANCE", "latitude": 38.89935, "longitude": -77.014565}, {"playDate": "2018-12-09T09:19:54.000+0000", "artistId": 123079, "songId": 15154401, "state": "GA", "style": "ELECTRO - DANCE", "latitude": 32.678123, "longitude": -83.22298}, {"playDate": "2018-12-09T09:20:12.000+0000", "artistId": 123079, "songId": 89141302, "state": "TX", "style": "ELECTRO - DANCE", "latitude": 31.169336, "longitude": -100.07684}, {"playDate": "2018-12-09T09:20:32.000+0000", "artistId": 123079, "songId": 80694404, "state": "PA", "style": "ELECTRO - DANCE", "latitude": 40.994595, "longitude": -77.6047}, {"playDate": "2018-12-09T09:31:02.000+0000", "artistId": 123079, "songId": 80694401, "state": "NC", "style": "ELECTRO - DANCE", "latitude": 35.21456, "longitude": -79.891266}, {"playDate": "2018-12-09T09:34:16.000+0000", "artistId": 123079, "songId": 74827606, "state": "GA", "style": "ELECTRO - DANCE", "latitude": 32.678123, "longitude": -83.22298}, {"playDate": "2018-12-09T09:51:25.000+0000", "artistId": 123079, "songId": 89141302, "state": "WA", "style": "ELECTRO - DANCE", "latitude": 38.89935, "longitude": -77.014565}, {"playDate": "2018-12-09T09:54:15.000+0000", "artistId": 123079, "songId": 74827606, "state": "CA", "style": "ELECTRO - DANCE", "latitude": 37.271873, "longitude": -119.27042}, {"playDate": "2018-12-09T10:02:22.000+0000", "artistId": 123079, "songId": 74827606, "state": "MS", "style": "ELECTRO - DANCE", "latitude": 32.585106, "longitude": -89.87722}, {"playDate": "2018-12-09T10:03:39.000+0000", "artistId": 123079, "songId": 80694404, "state": "KS", "style": "ELECTRO - DANCE", "latitude": 38.49878, "longitude": -98.320076}, {"playDate": "2018-12-09T10:14:38.000+0000", "artistId": 123079, "songId": 37347101, "state": "FL", "style": "ELECTRO - DANCE", "latitude": 27.975727, "longitude": -83.833015}, {"playDate": "2018-12-09T10:17:23.000+0000", "artistId": 123079, "songId": 89141302, "state": "GA", "style": "ELECTRO - DANCE", "latitude": 32.678123, "longitude": -83.22298}, {"playDate": "2018-12-09T10:22:17.000+0000", "artistId": 123079, "songId": 89141302, "state": "ON", "style": "ELECTRO - DANCE", "latitude": 44.566647, "longitude": -80.84998}, {"playDate": "2018-12-09T10:25:13.000+0000", "artistId": 123079, "songId": 80694401, "state": "WI", "style": "ELECTRO - DANCE", "latitude": 44.786297, "longitude": -89.826706}, {"playDate": "2018-12-09T10:37:50.000+0000", "artistId": 123079, "songId": 15154401, "state": "ON", "style": "ELECTRO - DANCE", "latitude": 44.566647, "longitude": -80.84998}, {"playDate": "2018-12-09T10:39:38.000+0000", "artistId": 123079, "songId": 37039301, "state": "NY", "style": "ELECTRO - DANCE", "latitude": 40.705627, "longitude": -73.97968}, {"playDate": "2018-12-09T10:42:25.000+0000", "artistId": 123079, "songId": 38151401, "state": "LA", "style": "ELECTRO - DANCE", "latitude": 30.973377, "longitude": -91.42991}, {"playDate": "2018-12-09T10:45:44.000+0000", "artistId": 123079, "songId": 38151401, "state": "TX", "style": "ELECTRO - DANCE", "latitude": 31.169336, "longitude": -100.07684}, {"playDate": "2018-12-09T10:48:11.000+0000", "artistId": 123079, "songId": 80694402, "state": "WI", "style": "ELECTRO - DANCE", "latitude": 44.786297, "longitude": -89.826706}, {"playDate": "2018-12-09T10:49:58.000+0000", "artistId": 123079, "songId": 80694402, "state": "KY", "style": "ELECTRO - DANCE", "latitude": 37.822292, "longitude": -85.76824}, {"playDate": "2018-12-09T11:00:18.000+0000", "artistId": 123079, "songId": 15154401, "state": "TX", "style": "ELECTRO - DANCE", "latitude": 31.169336, "longitude": -100.07684}, {"playDate": "2018-12-09T11:05:36.000+0000", "artistId": 123079, "songId": 80694401, "state": "NY", "style": "ELECTRO - DANCE", "latitude": 40.705627, "longitude": -73.97968}, {"playDate": "2018-12-09T11:06:36.000+0000", "artistId": 123079, "songId": 15154401, "state": "FL", "style": "ELECTRO - DANCE", "latitude": 27.975727, "longitude": -83.833015}, {"playDate": "2018-12-09T11:13:29.000+0000", "artistId": 123079, "songId": 74827606, "state": "QC", "style": "ELECTRO - DANCE", "latitude": 49.82258, "longitude": -64.34799}, {"playDate": "2018-12-09T11:23:58.000+0000", "artistId": 123079, "songId": 15154401, "state": "IA", "style": "ELECTRO - DANCE", "latitude": 41.938316, "longitude": -93.3898}, {"playDate": "2018-12-09T11:30:47.000+0000", "artistId": 123079, "songId": 80694404, "state": "MI", "style": "ELECTRO - DANCE", "latitude": 44.94356, "longitude": -86.4158}, {"playDate": "2018-12-09T11:31:46.000+0000", "artistId": 123079, "songId": 80694402, "state": "IL", "style": "ELECTRO - DANCE", "latitude": 39.73932, "longitude": -89.50414}, {"playDate": "2018-12-09T11:45:11.000+0000", "artistId": 123079, "songId": 89141302, "state": "WI", "style": "ELECTRO - DANCE", "latitude": 44.786297, "longitude": -89.826706}, {"playDate": "2018-12-09T11:57:43.000+0000", "artistId": 123079, "songId": 80694402, "state": "MD", "style": "ELECTRO - DANCE", "latitude": 38.80635, "longitude": -77.26842}, {"playDate": "2018-12-09T12:03:14.000+0000", "artistId": 123079, "songId": 37039301, "state": "NH", "style": "ELECTRO - DANCE", "latitude": 44.001232, "longitude": -71.579926}, {"playDate": "2018-12-09T12:06:09.000+0000", "artistId": 123079, "songId": 78104606, "state": "TX", "style": "ELECTRO - DANCE", "latitude": 31.169336, "longitude": -100.07684}, {"playDate": "2018-12-09T12:06:44.000+0000", "artistId": 123079, "songId": 15154401, "state": "AZ", "style": "ELECTRO - DANCE", "latitude": 34.168217, "longitude": -111.93091}, {"playDate": "2018-12-09T12:15:54.000+0000", "artistId": 123079, "songId": 80694404, "state": "WI", "style": "ELECTRO - DANCE", "latitude": 44.786297, "longitude": -89.826706}, {"playDate": "2018-12-09T12:17:45.000+0000", "artistId": 123079, "songId": 37039301, "state": "FL", "style": "ELECTRO - DANCE", "latitude": 27.975727, "longitude": -83.833015}, {"playDate": "2018-12-09T12:31:54.000+0000", "artistId": 123079, "songId": 80694404, "state": "TX", "style": "ELECTRO - DANCE", "latitude": 31.169336, "longitude": -100.07684}, {"playDate": "2018-12-09T12:37:20.000+0000", "artistId": 123079, "songId": 74827606, "state": "NM", "style": "ELECTRO - DANCE", "latitude": 34.166233, "longitude": -106.02607}, {"playDate": "2018-12-09T12:39:08.000+0000", "artistId": 123079, "songId": 89141302, "state": "NY", "style": "ELECTRO - DANCE", "latitude": 40.705627, "longitude": -73.97968}, {"playDate": "2018-12-09T12:49:04.000+0000", "artistId": 123079, "songId": 74827606, "state": "CA", "style": "ELECTRO - DANCE", "latitude": 37.271873, "longitude": -119.27042}, {"playDate": "2018-12-09T12:55:35.000+0000", "artistId": 123079, "songId": 80694403, "state": "FL", "style": "ELECTRO - DANCE", "latitude": 27.975727, "longitude": -83.833015}, {"playDate": "2018-12-09T12:59:11.000+0000", "artistId": 123079, "songId": 80694402, "state": "PA", "style": "ELECTRO - DANCE", "latitude": 40.994595, "longitude": -77.6047}, {"playDate": "2018-12-09T13:07:08.000+0000", "artistId": 123079, "songId": 74827606, "state": "TX", "style": "ELECTRO - DANCE", "latitude": 31.169336, "longitude": -100.07684}, {"playDate": "2018-12-09T13:08:37.000+0000", "artistId": 123079, "songId": 15154401, "state": "CO", "style": "ELECTRO - DANCE", "latitude": 38.997932, "longitude": -105.55057}, {"playDate": "2018-12-09T13:13:25.000+0000", "artistId": 123079, "songId": 74827606, "state": "WI", "style": "ELECTRO - DANCE", "latitude": 44.786297, "longitude": -89.826706}, {"playDate": "2018-12-09T13:15:21.000+0000", "artistId": 123079, "songId": 15154401, "state": "MS", "style": "ELECTRO - DANCE", "latitude": 32.585106, "longitude": -89.87722}, {"playDate": "2018-12-09T13:15:55.000+0000", "artistId": 123079, "songId": 80694401, "state": "TX", "style": "ELECTRO - DANCE", "latitude": 31.169336, "longitude": -100.07684}, {"playDate": "2018-12-09T13:19:39.000+0000", "artistId": 123079, "songId": 80694402, "state": "TX", "style": "ELECTRO - DANCE", "latitude": 31.169336, "longitude": -100.07684}, {"playDate": "2018-12-09T13:37:16.000+0000", "artistId": 123079, "songId": 74827606, "state": "TN", "style": "ELECTRO - DANCE", "latitude": 35.83052, "longitude": -85.9786}, {"playDate": "2018-12-09T13:42:16.000+0000", "artistId": 123079, "songId": 15154401, "state": "GA", "style": "ELECTRO - DANCE", "latitude": 32.678123, "longitude": -83.22298}, {"playDate": "2018-12-09T13:43:26.000+0000", "artistId": 123079, "songId": 74827606, "state": "TN", "style": "ELECTRO - DANCE", "latitude": 35.83052, "longitude": -85.9786}, {"playDate": "2018-12-09T13:49:49.000+0000", "artistId": 123079, "songId": 89141302, "state": "AZ", "style": "ELECTRO - DANCE", "latitude": 34.168217, "longitude": -111.93091}, {"playDate": "2018-12-09T13:50:19.000+0000", "artistId": 123079, "songId": 89141302, "state": "IA", "style": "ELECTRO - DANCE", "latitude": 41.938316, "longitude": -93.3898}, {"playDate": "2018-12-09T13:52:25.000+0000", "artistId": 123079, "songId": 80694403, "state": "MN", "style": "ELECTRO - DANCE", "latitude": 46.44186, "longitude": -93.36552}, {"playDate": "2018-12-09T14:00:55.000+0000", "artistId": 123079, "songId": 80694401, "state": "MD", "style": "ELECTRO - DANCE", "latitude": 38.80635, "longitude": -77.26842}, {"playDate": "2018-12-09T14:26:34.000+0000", "artistId": 123079, "songId": 89141302, "state": "VA", "style": "ELECTRO - DANCE", "latitude": 38.003384, "longitude": -79.458786}, {"playDate": "2018-12-09T14:29:33.000+0000", "artistId": 123079, "songId": 37039301, "state": "AB", "style": "ELECTRO - DANCE", "latitude": 53.016697, "longitude": -112.816635}, {"playDate": "2018-12-09T14:32:39.000+0000", "artistId": 123079, "songId": 78104602, "state": "RI", "style": "ELECTRO - DANCE", "latitude": 41.58273, "longitude": -71.506454}, {"playDate": "2018-12-09T14:33:42.000+0000", "artistId": 123079, "songId": 15154401, "state": "VA", "style": "ELECTRO - DANCE", "latitude": 38.003384, "longitude": -79.458786}, {"playDate": "2018-12-09T14:46:46.000+0000", "artistId": 123079, "songId": 80694404, "state": "NE", "style": "ELECTRO - DANCE", "latitude": 41.50082, "longitude": -99.6809}, {"playDate": "2018-12-09T14:46:48.000+0000", "artistId": 123079, "songId": 15154401, "state": "PA", "style": "ELECTRO - DANCE", "latitude": 40.994595, "longitude": -77.6047}, {"playDate": "2018-12-09T14:48:42.000+0000", "artistId": 123079, "songId": 80694401, "state": "MN", "style": "ELECTRO - DANCE", "latitude": 46.44186, "longitude": -93.36552}, {"playDate": "2018-12-09T14:57:25.000+0000", "artistId": 123079, "songId": 80694402, "state": "TX", "style": "ELECTRO - DANCE", "latitude": 31.169336, "longitude": -100.07684}, {"playDate": "2018-12-09T14:59:15.000+0000", "artistId": 123079, "songId": 74827606, "state": "IL", "style": "ELECTRO - DANCE", "latitude": 39.73932, "longitude": -89.50414}, {"playDate": "2018-12-09T14:59:34.000+0000", "artistId": 123079, "songId": 89141302, "state": "TX", "style": "ELECTRO - DANCE", "latitude": 31.169336, "longitude": -100.07684}, {"playDate": "2018-12-09T15:08:31.000+0000", "artistId": 123079, "songId": 80694401, "state": "OH", "style": "ELECTRO - DANCE", "latitude": 40.19036, "longitude": -82.66925}, {"playDate": "2018-12-09T15:19:57.000+0000", "artistId": 123079, "songId": 80694403, "state": "MN", "style": "ELECTRO - DANCE", "latitude": 46.44186, "longitude": -93.36552}, {"playDate": "2018-12-09T15:30:57.000+0000", "artistId": 123079, "songId": 80694401, "state": "KY", "style": "ELECTRO - DANCE", "latitude": 37.822292, "longitude": -85.76824}, {"playDate": "2018-12-09T15:35:39.000+0000", "artistId": 123079, "songId": 80694401, "state": "ID", "style": "ELECTRO - DANCE", "latitude": 45.494576, "longitude": -114.14243}, {"playDate": "2018-12-09T15:55:15.000+0000", "artistId": 123079, "songId": 38151401, "state": "WI", "style": "ELECTRO - DANCE", "latitude": 44.786297, "longitude": -89.826706}, {"playDate": "2018-12-09T15:58:27.000+0000", "artistId": 123079, "songId": 80694403, "state": "MN", "style": "ELECTRO - DANCE", "latitude": 46.44186, "longitude": -93.36552}, {"playDate": "2018-12-09T16:09:24.000+0000", "artistId": 123079, "songId": 37039301, "state": "BC", "style": "ELECTRO - DANCE", "latitude": 49.09996, "longitude": -116.5167}, {"playDate": "2018-12-09T16:11:37.000+0000", "artistId": 123079, "songId": 27933702, "state": "IN", "style": "ELECTRO - DANCE", "latitude": 39.76622, "longitude": -86.44128}, {"playDate": "2018-12-09T16:12:09.000+0000", "artistId": 123079, "songId": 38151401, "state": "MS", "style": "ELECTRO - DANCE", "latitude": 32.585106, "longitude": -89.87722}, {"playDate": "2018-12-09T16:30:11.000+0000", "artistId": 123079, "songId": 80694403, "state": "PA", "style": "ELECTRO - DANCE", "latitude": 40.994595, "longitude": -77.6047}, {"playDate": "2018-12-09T16:34:35.000+0000", "artistId": 123079, "songId": 80694401, "state": "CO", "style": "ELECTRO - DANCE", "latitude": 38.997932, "longitude": -105.55057}, {"playDate": "2018-12-09T16:35:31.000+0000", "artistId": 123079, "songId": 74827606, "state": "PA", "style": "ELECTRO - DANCE", "latitude": 40.994595, "longitude": -77.6047}, {"playDate": "2018-12-09T16:50:58.000+0000", "artistId": 123079, "songId": 89141302, "state": "FL", "style": "ELECTRO - DANCE", "latitude": 27.975727, "longitude": -83.833015}, {"playDate": "2018-12-09T16:52:18.000+0000", "artistId": 123079, "songId": 80694403, "state": "MN", "style": "ELECTRO - DANCE", "latitude": 46.44186, "longitude": -93.36552}, {"playDate": "2018-12-09T17:08:21.000+0000", "artistId": 123079, "songId": 80694401, "state": "PA", "style": "ELECTRO - DANCE", "latitude": 40.994595, "longitude": -77.6047}, {"playDate": "2018-12-09T17:16:53.000+0000", "artistId": 123079, "songId": 80694402, "state": "GA", "style": "ELECTRO - DANCE", "latitude": 32.678123, "longitude": -83.22298}, {"playDate": "2018-12-09T17:40:59.000+0000", "artistId": 123079, "songId": 80694403, "state": "AB", "style": "ELECTRO - DANCE", "latitude": 53.016697, "longitude": -112.816635}, {"playDate": "2018-12-09T17:48:08.000+0000", "artistId": 123079, "songId": 74827606, "state": "MI", "style": "ELECTRO - DANCE", "latitude": 44.94356, "longitude": -86.4158}, {"playDate": "2018-12-09T17:54:36.000+0000", "artistId": 123079, "songId": 37347101, "state": "TX", "style": "ELECTRO - DANCE", "latitude": 31.169336, "longitude": -100.07684}, {"playDate": "2018-12-09T18:09:13.000+0000", "artistId": 123079, "songId": 74827606, "state": "NY", "style": "ELECTRO - DANCE", "latitude": 40.705627, "longitude": -73.97968}, {"playDate": "2018-12-09T18:18:49.000+0000", "artistId": 123079, "songId": 15154401, "state": "MS", "style": "ELECTRO - DANCE", "latitude": 32.585106, "longitude": -89.87722}, {"playDate": "2018-12-09T18:20:01.000+0000", "artistId": 123079, "songId": 80694402, "state": "WI", "style": "ELECTRO - DANCE", "latitude": 44.786297, "longitude": -89.826706}, {"playDate": "2018-12-09T18:36:33.000+0000", "artistId": 123079, "songId": 54804702, "state": "CA", "style": "ELECTRO - DANCE", "latitude": 37.271873, "longitude": -119.27042}, {"playDate": "2018-12-09T18:39:37.000+0000", "artistId": 123079, "songId": 38151401, "state": "ON", "style": "ELECTRO - DANCE", "latitude": 44.566647, "longitude": -80.84998}, {"playDate": "2018-12-09T19:09:07.000+0000", "artistId": 123079, "songId": 80694402, "state": "MS", "style": "ELECTRO - DANCE", "latitude": 32.585106, "longitude": -89.87722}, {"playDate": "2018-12-09T19:12:50.000+0000", "artistId": 123079, "songId": 80694401, "state": "FL", "style": "ELECTRO - DANCE", "latitude": 27.975727, "longitude": -83.833015}, {"playDate": "2018-12-09T19:17:00.000+0000", "artistId": 123079, "songId": 37272101, "state": "NJ", "style": "ELECTRO - DANCE", "latitude": 40.143005, "longitude": -74.73112}, {"playDate": "2018-12-09T19:17:51.000+0000", "artistId": 123079, "songId": 80694401, "state": "FL", "style": "ELECTRO - DANCE", "latitude": 27.975727, "longitude": -83.833015}, {"playDate": "2018-12-09T19:21:59.000+0000", "artistId": 123079, "songId": 38151401, "state": "NV", "style": "ELECTRO - DANCE", "latitude": 38.502033, "longitude": -117.02306}, {"playDate": "2018-12-09T19:24:13.000+0000", "artistId": 123079, "songId": 89141302, "state": "IL", "style": "ELECTRO - DANCE", "latitude": 39.73932, "longitude": -89.50414}, {"playDate": "2018-12-09T19:26:51.000+0000", "artistId": 123079, "songId": 15154401, "state": "IL", "style": "ELECTRO - DANCE", "latitude": 39.73932, "longitude": -89.50414}, {"playDate": "2018-12-09T19:29:45.000+0000", "artistId": 123079, "songId": 15154401, "state": "TN", "style": "ELECTRO - DANCE", "latitude": 35.83052, "longitude": -85.9786}, {"playDate": "2018-12-09T19:30:56.000+0000", "artistId": 123079, "songId": 80694402, "state": "AL", "style": "ELECTRO - DANCE", "latitude": 32.60101, "longitude": -86.68073}, {"playDate": "2018-12-09T19:40:26.000+0000", "artistId": 123079, "songId": 74827606, "state": "WI", "style": "ELECTRO - DANCE", "latitude": 44.786297, "longitude": -89.826706}, {"playDate": "2018-12-09T19:58:37.000+0000", "artistId": 123079, "songId": 37347101, "state": "GA", "style": "ELECTRO - DANCE", "latitude": 32.678123, "longitude": -83.22298}, {"playDate": "2018-12-09T20:04:18.000+0000", "artistId": 123079, "songId": 89141302, "state": "CO", "style": "ELECTRO - DANCE", "latitude": 38.997932, "longitude": -105.55057}, {"playDate": "2018-12-09T20:06:18.000+0000", "artistId": 123079, "songId": 80694404, "state": "TX", "style": "ELECTRO - DANCE", "latitude": 31.169336, "longitude": -100.07684}, {"playDate": "2018-12-09T20:06:40.000+0000", "artistId": 123079, "songId": 80694401, "state": "TX", "style": "ELECTRO - DANCE", "latitude": 31.169336, "longitude": -100.07684}, {"playDate": "2018-12-09T20:07:23.000+0000", "artistId": 123079, "songId": 80694401, "state": "TX", "style": "ELECTRO - DANCE", "latitude": 31.169336, "longitude": -100.07684}, {"playDate": "2018-12-09T20:10:21.000+0000", "artistId": 123079, "songId": 38151401, "state": "CA", "style": "ELECTRO - DANCE", "latitude": 37.271873, "longitude": -119.27042}, {"playDate": "2018-12-09T20:11:36.000+0000", "artistId": 123079, "songId": 80694402, "state": "AZ", "style": "ELECTRO - DANCE", "latitude": 34.168217, "longitude": -111.93091}, {"playDate": "2018-12-09T20:16:39.000+0000", "artistId": 123079, "songId": 80694401, "state": "MA", "style": "ELECTRO - DANCE", "latitude": 42.06294, "longitude": -71.71806}, {"playDate": "2018-12-09T20:31:21.000+0000", "artistId": 123079, "songId": 80694401, "state": "WI", "style": "ELECTRO - DANCE", "latitude": 44.786297, "longitude": -89.826706}, {"playDate": "2018-12-09T20:34:55.000+0000", "artistId": 123079, "songId": 89141302, "state": "GA", "style": "ELECTRO - DANCE", "latitude": 32.678123, "longitude": -83.22298}, {"playDate": "2018-12-09T20:38:58.000+0000", "artistId": 123079, "songId": 80694401, "state": "MA", "style": "ELECTRO - DANCE", "latitude": 42.06294, "longitude": -71.71806}, {"playDate": "2018-12-09T20:41:03.000+0000", "artistId": 123079, "songId": 89141302, "state": "PA", "style": "ELECTRO - DANCE", "latitude": 40.994595, "longitude": -77.6047}, {"playDate": "2018-12-09T20:53:15.000+0000", "artistId": 123079, "songId": 15154404, "state": "BC", "style": "ELECTRO - DANCE", "latitude": 49.09996, "longitude": -116.5167}, {"playDate": "2018-12-09T21:00:48.000+0000", "artistId": 123079, "songId": 74827606, "state": "IL", "style": "ELECTRO - DANCE", "latitude": 39.73932, "longitude": -89.50414}, {"playDate": "2018-12-09T21:01:46.000+0000", "artistId": 123079, "songId": 37778501, "state": "MD", "style": "ELECTRO - DANCE", "latitude": 38.80635, "longitude": -77.26842}, {"playDate": "2018-12-09T21:27:34.000+0000", "artistId": 123079, "songId": 80694401, "state": "CA", "style": "ELECTRO - DANCE", "latitude": 37.271873, "longitude": -119.27042}, {"playDate": "2018-12-09T21:34:12.000+0000", "artistId": 123079, "songId": 80694402, "state": "MI", "style": "ELECTRO - DANCE", "latitude": 44.94356, "longitude": -86.4158}, {"playDate": "2018-12-09T21:35:21.000+0000", "artistId": 123079, "songId": 80694401, "state": "ON", "style": "ELECTRO - DANCE", "latitude": 44.566647, "longitude": -80.84998}, {"playDate": "2018-12-09T21:38:47.000+0000", "artistId": 123079, "songId": 38151401, "state": "CA", "style": "ELECTRO - DANCE", "latitude": 37.271873, "longitude": -119.27042}, {"playDate": "2018-12-09T21:41:15.000+0000", "artistId": 123079, "songId": 80694401, "state": "CA", "style": "ELECTRO - DANCE", "latitude": 37.271873, "longitude": -119.27042}, {"playDate": "2018-12-09T21:51:30.000+0000", "artistId": 123079, "songId": 80694404, "state": "VA", "style": "ELECTRO - DANCE", "latitude": 38.003384, "longitude": -79.458786}, {"playDate": "2018-12-09T21:54:12.000+0000", "artistId": 123079, "songId": 80694401, "state": "AZ", "style": "ELECTRO - DANCE", "latitude": 34.168217, "longitude": -111.93091}, {"playDate": "2018-12-09T21:57:35.000+0000", "artistId": 123079, "songId": 89141302, "state": "FL", "style": "ELECTRO - DANCE", "latitude": 27.975727, "longitude": -83.833015}, {"playDate": "2018-12-09T22:11:06.000+0000", "artistId": 123079, "songId": 37778501, "state": "MD", "style": "ELECTRO - DANCE", "latitude": 38.80635, "longitude": -77.26842}, {"playDate": "2018-12-09T22:12:06.000+0000", "artistId": 123079, "songId": 15154402, "state": "WI", "style": "ELECTRO - DANCE", "latitude": 44.786297, "longitude": -89.826706}, {"playDate": "2018-12-09T22:15:57.000+0000", "artistId": 123079, "songId": 38151401, "state": "MN", "style": "ELECTRO - DANCE", "latitude": 46.44186, "longitude": -93.36552}, {"playDate": "2018-12-09T22:21:22.000+0000", "artistId": 123079, "songId": 89141302, "state": "TN", "style": "ELECTRO - DANCE", "latitude": 35.83052, "longitude": -85.9786}, {"playDate": "2018-12-09T22:23:49.000+0000", "artistId": 123079, "songId": 15154402, "state": "AZ", "style": "ELECTRO - DANCE", "latitude": 34.168217, "longitude": -111.93091}, {"playDate": "2018-12-09T22:24:30.000+0000", "artistId": 123079, "songId": 80694401, "state": "NY", "style": "ELECTRO - DANCE", "latitude": 40.705627, "longitude": -73.97968}, {"playDate": "2018-12-09T22:28:03.000+0000", "artistId": 123079, "songId": 89141302, "state": "MI", "style": "ELECTRO - DANCE", "latitude": 44.94356, "longitude": -86.4158}, {"playDate": "2018-12-09T22:35:40.000+0000", "artistId": 123079, "songId": 27933701, "state": "PA", "style": "ELECTRO - DANCE", "latitude": 40.994595, "longitude": -77.6047}, {"playDate": "2018-12-09T22:39:13.000+0000", "artistId": 123079, "songId": 80694402, "state": "PA", "style": "ELECTRO - DANCE", "latitude": 40.994595, "longitude": -77.6047}, {"playDate": "2018-12-09T22:45:41.000+0000", "artistId": 123079, "songId": 27933701, "state": "PA", "style": "ELECTRO - DANCE", "latitude": 40.994595, "longitude": -77.6047}, {"playDate": "2018-12-09T22:46:48.000+0000", "artistId": 123079, "songId": 37778501, "state": "MD", "style": "ELECTRO - DANCE", "latitude": 38.80635, "longitude": -77.26842}, {"playDate": "2018-12-09T22:53:53.000+0000", "artistId": 123079, "songId": 80694401, "state": "CA", "style": "ELECTRO - DANCE", "latitude": 37.271873, "longitude": -119.27042}, {"playDate": "2018-12-09T22:56:55.000+0000", "artistId": 123079, "songId": 80694401, "state": "ID", "style": "ELECTRO - DANCE", "latitude": 45.494576, "longitude": -114.14243}, {"playDate": "2018-12-09T23:01:37.000+0000", "artistId": 123079, "songId": 80694402, "state": "TX", "style": "ELECTRO - DANCE", "latitude": 31.169336, "longitude": -100.07684}, {"playDate": "2018-12-09T23:02:53.000+0000", "artistId": 123079, "songId": 80694401, "state": "NV", "style": "ELECTRO - DANCE", "latitude": 38.502033, "longitude": -117.02306}, {"playDate": "2018-12-09T23:03:51.000+0000", "artistId": 123079, "songId": 38151401, "state": "VA", "style": "ELECTRO - DANCE", "latitude": 38.003384, "longitude": -79.458786}, {"playDate": "2018-12-09T23:05:30.000+0000", "artistId": 123079, "songId": 80694402, "state": "VA", "style": "ELECTRO - DANCE", "latitude": 38.003384, "longitude": -79.458786}, {"playDate": "2018-12-09T23:07:38.000+0000", "artistId": 123079, "songId": 80694401, "state": "FL", "style": "ELECTRO - DANCE", "latitude": 27.975727, "longitude": -83.833015}, {"playDate": "2018-12-09T23:09:26.000+0000", "artistId": 123079, "songId": 80694402, "state": "OH", "style": "ELECTRO - DANCE", "latitude": 40.19036, "longitude": -82.66925}, {"playDate": "2018-12-09T23:15:25.000+0000", "artistId": 123079, "songId": 80694404, "state": "NM", "style": "ELECTRO - DANCE", "latitude": 34.166233, "longitude": -106.02607}, {"playDate": "2018-12-09T23:18:14.000+0000", "artistId": 123079, "songId": 80694403, "state": "CA", "style": "ELECTRO - DANCE", "latitude": 37.271873, "longitude": -119.27042}, {"playDate": "2018-12-09T23:18:49.000+0000", "artistId": 123079, "songId": 27933701, "state": "IL", "style": "ELECTRO - DANCE", "latitude": 39.73932, "longitude": -89.50414}, {"playDate": "2018-12-09T23:19:47.000+0000", "artistId": 123079, "songId": 80694401, "state": "GA", "style": "ELECTRO - DANCE", "latitude": 32.678123, "longitude": -83.22298}, {"playDate": "2018-12-09T23:25:09.000+0000", "artistId": 123079, "songId": 80694401, "state": "TX", "style": "ELECTRO - DANCE", "latitude": 31.169336, "longitude": -100.07684}, {"playDate": "2018-12-09T23:25:54.000+0000", "artistId": 123079, "songId": 80694402, "state": "FL", "style": "ELECTRO - DANCE", "latitude": 27.975727, "longitude": -83.833015}, {"playDate": "2018-12-09T23:27:38.000+0000", "artistId": 123079, "songId": 80694404, "state": "TX", "style": "ELECTRO - DANCE", "latitude": 31.169336, "longitude": -100.07684}, {"playDate": "2018-12-09T23:29:21.000+0000", "artistId": 123079, "songId": 80694402, "state": "DE", "style": "ELECTRO - DANCE", "latitude": 39.145252, "longitude": -75.41892}, {"playDate": "2018-12-09T23:29:57.000+0000", "artistId": 123079, "songId": 80694401, "state": "NJ", "style": "ELECTRO - DANCE", "latitude": 40.143005, "longitude": -74.73112}, {"playDate": "2018-12-09T23:33:26.000+0000", "artistId": 123079, "songId": 80694401, "state": "PA", "style": "ELECTRO - DANCE", "latitude": 40.994595, "longitude": -77.6047}, {"playDate": "2018-12-09T23:34:32.000+0000", "artistId": 123079, "songId": 80694401, "state": "CA", "style": "ELECTRO - DANCE", "latitude": 37.271873, "longitude": -119.27042}, {"playDate": "2018-12-09T23:35:09.000+0000", "artistId": 123079, "songId": 80694403, "state": "WA", "style": "ELECTRO - DANCE", "latitude": 38.89935, "longitude": -77.014565}, {"playDate": "2018-12-09T23:39:04.000+0000", "artistId": 123079, "songId": 27933704, "state": "ON", "style": "ELECTRO - DANCE", "latitude": 44.566647, "longitude": -80.84998}, {"playDate": "2018-12-09T23:42:49.000+0000", "artistId": 123079, "songId": 80694401, "state": "WI", "style": "ELECTRO - DANCE", "latitude": 44.786297, "longitude": -89.826706}, {"playDate": "2018-12-09T23:43:29.000+0000", "artistId": 123079, "songId": 80694401, "state": "AZ", "style": "ELECTRO - DANCE", "latitude": 34.168217, "longitude": -111.93091}, {"playDate": "2018-12-09T23:47:17.000+0000", "artistId": 123079, "songId": 80694401, "state": "CO", "style": "ELECTRO - DANCE", "latitude": 38.997932, "longitude": -105.55057}], "totalRecordsCount": 223}