{"plays": [{"playDate": "2018-11-08T23:25:07.000+0000", "artistId": 123079, "songId": 15154401, "state": "MD", "style": "ELECTRO - DANCE", "latitude": 38.80635, "longitude": -77.26842}, {"playDate": "2018-11-08T23:29:57.000+0000", "artistId": 123079, "songId": 89141302, "state": "FL", "style": "ELECTRO - DANCE", "latitude": 27.975727, "longitude": -83.833015}, {"playDate": "2018-11-08T23:32:50.000+0000", "artistId": 123079, "songId": 38151401, "state": "CA", "style": "ELECTRO - DANCE", "latitude": 37.271873, "longitude": -119.27042}, {"playDate": "2018-11-08T23:55:58.000+0000", "artistId": 123079, "songId": 80694403, "state": "HI", "style": "ELECTRO - DANCE", "latitude": 20.46, "longitude": -157.505}], "totalRecordsCount": 4}