{"plays": [{"playDate": "2018-04-23T00:00:44.000+0000", "artistId": 123079, "songId": 80694401, "state": "MN", "style": "ELECTRO - DANCE", "latitude": 46.44186, "longitude": -93.36552}, {"playDate": "2018-04-23T00:02:33.000+0000", "artistId": 123079, "songId": 52789501, "state": "CA", "style": "ELECTRO - DANCE", "latitude": 37.271873, "longitude": -119.27042}, {"playDate": "2018-04-23T00:07:25.000+0000", "artistId": 123079, "songId": 37039301, "state": "CA", "style": "ELECTRO - DANCE", "latitude": 37.271873, "longitude": -119.27042}, {"playDate": "2018-04-23T00:09:56.000+0000", "artistId": 123079, "songId": 78104604, "state": "OH", "style": "ELECTRO - DANCE", "latitude": 40.19036, "longitude": -82.66925}, {"playDate": "2018-04-23T00:12:00.000+0000", "artistId": 123079, "songId": 78104602, "state": "WI", "style": "ELECTRO - DANCE", "latitude": 44.786297, "longitude": -89.826706}, {"playDate": "2018-04-23T00:12:41.000+0000", "artistId": 123079, "songId": 80694401, "state": "OH", "style": "ELECTRO - DANCE", "latitude": 40.19036, "longitude": -82.66925}, {"playDate": "2018-04-23T00:14:09.000+0000", "artistId": 123079, "songId": 80694401, "state": "PA", "style": "ELECTRO - DANCE", "latitude": 40.994595, "longitude": -77.6047}, {"playDate": "2018-04-23T00:16:58.000+0000", "artistId": 123079, "songId": 37272101, "state": "CA", "style": "ELECTRO - DANCE", "latitude": 37.271873, "longitude": -119.27042}, {"playDate": "2018-04-23T00:19:19.000+0000", "artistId": 123079, "songId": 78104602, "state": "MN", "style": "ELECTRO - DANCE", "latitude": 46.44186, "longitude": -93.36552}, {"playDate": "2018-04-23T00:19:23.000+0000", "artistId": 123079, "songId": 65279701, "state": "CA", "style": "ELECTRO - PROGRESSIVE HOUSE", "latitude": 37.271873, "longitude": -119.27042}, {"playDate": "2018-04-23T00:19:51.000+0000", "artistId": 123079, "songId": 89141302, "state": "MN", "style": "ELECTRO - DANCE", "latitude": 46.44186, "longitude": -93.36552}, {"playDate": "2018-04-23T00:23:56.000+0000", "artistId": 123079, "songId": 52789501, "state": "OH", "style": "ELECTRO - DANCE", "latitude": 40.19036, "longitude": -82.66925}, {"playDate": "2018-04-23T00:24:32.000+0000", "artistId": 123079, "songId": 80694401, "state": "CA", "style": "ELECTRO - DANCE", "latitude": 37.271873, "longitude": -119.27042}, {"playDate": "2018-04-23T00:25:58.000+0000", "artistId": 123079, "songId": 27933701, "state": "MD", "style": "ELECTRO - DANCE", "latitude": 38.80635, "longitude": -77.26842}, {"playDate": "2018-04-23T00:27:19.000+0000", "artistId": 123079, "songId": 37039301, "state": "IL", "style": "ELECTRO - DANCE", "latitude": 39.73932, "longitude": -89.50414}, {"playDate": "2018-04-23T00:31:23.000+0000", "artistId": 123079, "songId": 80694404, "state": "TX", "style": "ELECTRO - DANCE", "latitude": 31.169336, "longitude": -100.07684}, {"playDate": "2018-04-23T00:32:17.000+0000", "artistId": 123079, "songId": 37039301, "state": "MA", "style": "ELECTRO - DANCE", "latitude": 42.06294, "longitude": -71.71806}, {"playDate": "2018-04-23T00:34:13.000+0000", "artistId": 123079, "songId": 27933702, "state": "CT", "style": "ELECTRO - DANCE", "latitude": 41.518784, "longitude": -72.75751}, {"playDate": "2018-04-23T00:36:36.000+0000", "artistId": 123079, "songId": 80694403, "state": "OH", "style": "ELECTRO - DANCE", "latitude": 40.19036, "longitude": -82.66925}, {"playDate": "2018-04-23T00:41:38.000+0000", "artistId": 123079, "songId": 80694401, "state": "FL", "style": "ELECTRO - DANCE", "latitude": 27.975727, "longitude": -83.833015}, {"playDate": "2018-04-23T00:42:59.000+0000", "artistId": 123079, "songId": 80694403, "state": "MA", "style": "ELECTRO - DANCE", "latitude": 42.06294, "longitude": -71.71806}, {"playDate": "2018-04-23T00:43:10.000+0000", "artistId": 123079, "songId": 15154402, "state": "VA", "style": "ELECTRO - DANCE", "latitude": 38.003384, "longitude": -79.458786}, {"playDate": "2018-04-23T00:44:04.000+0000", "artistId": 123079, "songId": 80694401, "state": "OR", "style": "ELECTRO - DANCE", "latitude": 44.141907, "longitude": -120.5381}, {"playDate": "2018-04-23T00:44:06.000+0000", "artistId": 123079, "songId": 52789501, "state": "TX", "style": "ELECTRO - DANCE", "latitude": 31.169336, "longitude": -100.07684}, {"playDate": "2018-04-23T00:45:12.000+0000", "artistId": 123079, "songId": 80694403, "state": "AB", "style": "ELECTRO - DANCE", "latitude": 53.016697, "longitude": -112.816635}, {"playDate": "2018-04-23T00:50:45.000+0000", "artistId": 123079, "songId": 80694401, "state": "MN", "style": "ELECTRO - DANCE", "latitude": 46.44186, "longitude": -93.36552}, {"playDate": "2018-04-23T00:50:46.000+0000", "artistId": 123079, "songId": 80694401, "state": "OH", "style": "ELECTRO - DANCE", "latitude": 40.19036, "longitude": -82.66925}, {"playDate": "2018-04-23T00:53:22.000+0000", "artistId": 123079, "songId": 80694401, "state": "ND", "style": "ELECTRO - DANCE", "latitude": 47.46788, "longitude": -100.30227}, {"playDate": "2018-04-23T00:54:18.000+0000", "artistId": 123079, "songId": 38151401, "state": "WI", "style": "ELECTRO - DANCE", "latitude": 44.786297, "longitude": -89.826706}, {"playDate": "2018-04-23T00:54:33.000+0000", "artistId": 123079, "songId": 27933702, "state": "GA", "style": "ELECTRO - DANCE", "latitude": 32.678123, "longitude": -83.22298}, {"playDate": "2018-04-23T00:54:43.000+0000", "artistId": 123079, "songId": 80694401, "state": "NE", "style": "ELECTRO - DANCE", "latitude": 41.50082, "longitude": -99.6809}, {"playDate": "2018-04-23T00:56:13.000+0000", "artistId": 123079, "songId": 27933701, "state": "NJ", "style": "ELECTRO - DANCE", "latitude": 40.143005, "longitude": -74.73112}, {"playDate": "2018-04-23T00:57:16.000+0000", "artistId": 123079, "songId": 37272101, "state": "IL", "style": "ELECTRO - DANCE", "latitude": 39.73932, "longitude": -89.50414}, {"playDate": "2018-04-23T00:58:01.000+0000", "artistId": 123079, "songId": 27933702, "state": "VA", "style": "ELECTRO - DANCE", "latitude": 38.003384, "longitude": -79.458786}, {"playDate": "2018-04-23T01:02:09.000+0000", "artistId": 123079, "songId": 80694401, "state": "NY", "style": "ELECTRO - DANCE", "latitude": 40.705627, "longitude": -73.97968}, {"playDate": "2018-04-23T01:04:27.000+0000", "artistId": 123079, "songId": 74827606, "state": "PA", "style": "ELECTRO - DANCE", "latitude": 40.994595, "longitude": -77.6047}, {"playDate": "2018-04-23T01:04:43.000+0000", "artistId": 123079, "songId": 80694403, "state": "NE", "style": "ELECTRO - DANCE", "latitude": 41.50082, "longitude": -99.6809}, {"playDate": "2018-04-23T01:06:35.000+0000", "artistId": 123079, "songId": 80694401, "state": "NY", "style": "ELECTRO - DANCE", "latitude": 40.705627, "longitude": -73.97968}, {"playDate": "2018-04-23T01:09:06.000+0000", "artistId": 123079, "songId": 80694401, "state": "KS", "style": "ELECTRO - DANCE", "latitude": 38.49878, "longitude": -98.320076}, {"playDate": "2018-04-23T01:10:03.000+0000", "artistId": 123079, "songId": 52789501, "state": "FL", "style": "ELECTRO - DANCE", "latitude": 27.975727, "longitude": -83.833015}, {"playDate": "2018-04-23T01:11:36.000+0000", "artistId": 123079, "songId": 52789501, "state": "TX", "style": "ELECTRO - DANCE", "latitude": 31.169336, "longitude": -100.07684}, {"playDate": "2018-04-23T01:12:47.000+0000", "artistId": 123079, "songId": 37541301, "state": "FL", "style": "POP", "latitude": 27.975727, "longitude": -83.833015}, {"playDate": "2018-04-23T01:16:52.000+0000", "artistId": 123079, "songId": 80694401, "state": "MN", "style": "ELECTRO - DANCE", "latitude": 46.44186, "longitude": -93.36552}, {"playDate": "2018-04-23T01:17:04.000+0000", "artistId": 123079, "songId": 37778503, "state": "FL", "style": "ELECTRO - DANCE", "latitude": 27.975727, "longitude": -83.833015}, {"playDate": "2018-04-23T01:17:17.000+0000", "artistId": 123079, "songId": 78104602, "state": "NV", "style": "ELECTRO - DANCE", "latitude": 38.502033, "longitude": -117.02306}, {"playDate": "2018-04-23T01:18:37.000+0000", "artistId": 123079, "songId": 74827606, "state": "VA", "style": "ELECTRO - DANCE", "latitude": 38.003384, "longitude": -79.458786}, {"playDate": "2018-04-23T01:18:48.000+0000", "artistId": 123079, "songId": 52789501, "state": "CA", "style": "ELECTRO - DANCE", "latitude": 37.271873, "longitude": -119.27042}, {"playDate": "2018-04-23T01:19:55.000+0000", "artistId": 123079, "songId": 80694403, "state": "MA", "style": "ELECTRO - DANCE", "latitude": 42.06294, "longitude": -71.71806}, {"playDate": "2018-04-23T01:20:23.000+0000", "artistId": 123079, "songId": 27933702, "state": "WA", "style": "ELECTRO - DANCE", "latitude": 38.89935, "longitude": -77.014565}, {"playDate": "2018-04-23T01:22:45.000+0000", "artistId": 123079, "songId": 80694401, "state": "IL", "style": "ELECTRO - DANCE", "latitude": 39.73932, "longitude": -89.50414}, {"playDate": "2018-04-23T01:23:03.000+0000", "artistId": 123079, "songId": 80694401, "state": "CA", "style": "ELECTRO - DANCE", "latitude": 37.271873, "longitude": -119.27042}, {"playDate": "2018-04-23T01:23:06.000+0000", "artistId": 123079, "songId": 80694409, "state": "MA", "style": "ELECTRO - DANCE", "latitude": 42.06294, "longitude": -71.71806}, {"playDate": "2018-04-23T01:25:53.000+0000", "artistId": 123079, "songId": 27933701, "state": "IL", "style": "ELECTRO - DANCE", "latitude": 39.73932, "longitude": -89.50414}, {"playDate": "2018-04-23T01:27:22.000+0000", "artistId": 123079, "songId": 27933702, "state": "OH", "style": "ELECTRO - DANCE", "latitude": 40.19036, "longitude": -82.66925}, {"playDate": "2018-04-23T01:30:12.000+0000", "artistId": 123079, "songId": 52789501, "state": "OR", "style": "ELECTRO - DANCE", "latitude": 44.141907, "longitude": -120.5381}, {"playDate": "2018-04-23T01:32:05.000+0000", "artistId": 123079, "songId": 52789501, "state": "FL", "style": "ELECTRO - DANCE", "latitude": 27.975727, "longitude": -83.833015}, {"playDate": "2018-04-23T01:33:07.000+0000", "artistId": 123079, "songId": 37039301, "state": "ID", "style": "ELECTRO - DANCE", "latitude": 45.494576, "longitude": -114.14243}, {"playDate": "2018-04-23T01:33:59.000+0000", "artistId": 123079, "songId": 52789501, "state": "ON", "style": "ELECTRO - DANCE", "latitude": 44.566647, "longitude": -80.84998}, {"playDate": "2018-04-23T01:37:08.000+0000", "artistId": 123079, "songId": 80694401, "state": "PA", "style": "ELECTRO - DANCE", "latitude": 40.994595, "longitude": -77.6047}, {"playDate": "2018-04-23T01:38:44.000+0000", "artistId": 123079, "songId": 80694403, "state": "QC", "style": "ELECTRO - DANCE", "latitude": 49.82258, "longitude": -64.34799}, {"playDate": "2018-04-23T01:41:09.000+0000", "artistId": 123079, "songId": 15154401, "state": "CO", "style": "ELECTRO - DANCE", "latitude": 38.997932, "longitude": -105.55057}, {"playDate": "2018-04-23T01:41:22.000+0000", "artistId": 123079, "songId": 80694403, "state": "CO", "style": "ELECTRO - DANCE", "latitude": 38.997932, "longitude": -105.55057}, {"playDate": "2018-04-23T01:43:09.000+0000", "artistId": 123079, "songId": 80694401, "state": "TX", "style": "ELECTRO - DANCE", "latitude": 31.169336, "longitude": -100.07684}, {"playDate": "2018-04-23T01:46:58.000+0000", "artistId": 123079, "songId": 80694401, "state": "MI", "style": "ELECTRO - DANCE", "latitude": 44.94356, "longitude": -86.4158}, {"playDate": "2018-04-23T01:49:27.000+0000", "artistId": 123079, "songId": 15154401, "state": "KY", "style": "ELECTRO - DANCE", "latitude": 37.822292, "longitude": -85.76824}, {"playDate": "2018-04-23T01:52:14.000+0000", "artistId": 123079, "songId": 27933702, "state": "CO", "style": "ELECTRO - DANCE", "latitude": 38.997932, "longitude": -105.55057}, {"playDate": "2018-04-23T01:55:37.000+0000", "artistId": 123079, "songId": 80694401, "state": "IL", "style": "ELECTRO - DANCE", "latitude": 39.73932, "longitude": -89.50414}, {"playDate": "2018-04-23T01:56:23.000+0000", "artistId": 123079, "songId": 80694401, "state": "CO", "style": "ELECTRO - DANCE", "latitude": 38.997932, "longitude": -105.55057}, {"playDate": "2018-04-23T01:56:58.000+0000", "artistId": 123079, "songId": 80694403, "state": "QC", "style": "ELECTRO - DANCE", "latitude": 49.82258, "longitude": -64.34799}, {"playDate": "2018-04-23T02:01:35.000+0000", "artistId": 123079, "songId": 80694401, "state": "CO", "style": "ELECTRO - DANCE", "latitude": 38.997932, "longitude": -105.55057}, {"playDate": "2018-04-23T02:02:29.000+0000", "artistId": 123079, "songId": 80694404, "state": "CA", "style": "ELECTRO - DANCE", "latitude": 37.271873, "longitude": -119.27042}, {"playDate": "2018-04-23T02:03:24.000+0000", "artistId": 123079, "songId": 52789501, "state": "NJ", "style": "ELECTRO - DANCE", "latitude": 40.143005, "longitude": -74.73112}, {"playDate": "2018-04-23T02:04:11.000+0000", "artistId": 123079, "songId": 74827606, "state": "VA", "style": "ELECTRO - DANCE", "latitude": 38.003384, "longitude": -79.458786}, {"playDate": "2018-04-23T02:05:02.000+0000", "artistId": 123079, "songId": 78104602, "state": "NJ", "style": "ELECTRO - DANCE", "latitude": 40.143005, "longitude": -74.73112}, {"playDate": "2018-04-23T02:07:58.000+0000", "artistId": 123079, "songId": 80694401, "state": "NV", "style": "ELECTRO - DANCE", "latitude": 38.502033, "longitude": -117.02306}, {"playDate": "2018-04-23T02:17:35.000+0000", "artistId": 123079, "songId": 15154401, "state": "CO", "style": "ELECTRO - DANCE", "latitude": 38.997932, "longitude": -105.55057}, {"playDate": "2018-04-23T02:24:42.000+0000", "artistId": 123079, "songId": 80694401, "state": "NJ", "style": "ELECTRO - DANCE", "latitude": 40.143005, "longitude": -74.73112}, {"playDate": "2018-04-23T02:26:24.000+0000", "artistId": 123079, "songId": 89141302, "state": "GA", "style": "ELECTRO - DANCE", "latitude": 32.678123, "longitude": -83.22298}, {"playDate": "2018-04-23T02:27:46.000+0000", "artistId": 123079, "songId": 80694404, "state": "MN", "style": "ELECTRO - DANCE", "latitude": 46.44186, "longitude": -93.36552}, {"playDate": "2018-04-23T02:28:59.000+0000", "artistId": 123079, "songId": 80694401, "state": "CA", "style": "ELECTRO - DANCE", "latitude": 37.271873, "longitude": -119.27042}, {"playDate": "2018-04-23T02:29:10.000+0000", "artistId": 123079, "songId": 80694401, "state": "OH", "style": "ELECTRO - DANCE", "latitude": 40.19036, "longitude": -82.66925}, {"playDate": "2018-04-23T02:30:55.000+0000", "artistId": 123079, "songId": 80694401, "state": "OH", "style": "ELECTRO - DANCE", "latitude": 40.19036, "longitude": -82.66925}, {"playDate": "2018-04-23T02:35:42.000+0000", "artistId": 123079, "songId": 80694402, "state": "OH", "style": "ELECTRO - DANCE", "latitude": 40.19036, "longitude": -82.66925}, {"playDate": "2018-04-23T02:38:10.000+0000", "artistId": 123079, "songId": 37541301, "state": "AB", "style": "POP", "latitude": 53.016697, "longitude": -112.816635}, {"playDate": "2018-04-23T02:40:44.000+0000", "artistId": 123079, "songId": 80694402, "state": "PA", "style": "ELECTRO - DANCE", "latitude": 40.994595, "longitude": -77.6047}, {"playDate": "2018-04-23T02:44:01.000+0000", "artistId": 123079, "songId": 74827606, "state": "NY", "style": "ELECTRO - DANCE", "latitude": 40.705627, "longitude": -73.97968}, {"playDate": "2018-04-23T02:45:05.000+0000", "artistId": 123079, "songId": 27933702, "state": "TX", "style": "ELECTRO - DANCE", "latitude": 31.169336, "longitude": -100.07684}, {"playDate": "2018-04-23T02:45:06.000+0000", "artistId": 123079, "songId": 80694401, "state": "IL", "style": "ELECTRO - DANCE", "latitude": 39.73932, "longitude": -89.50414}, {"playDate": "2018-04-23T02:48:09.000+0000", "artistId": 123079, "songId": 38151401, "state": "NJ", "style": "ELECTRO - DANCE", "latitude": 40.143005, "longitude": -74.73112}, {"playDate": "2018-04-23T02:53:11.000+0000", "artistId": 123079, "songId": 74827606, "state": "LA", "style": "ELECTRO - DANCE", "latitude": 30.973377, "longitude": -91.42991}, {"playDate": "2018-04-23T02:53:31.000+0000", "artistId": 123079, "songId": 80694404, "state": "WI", "style": "ELECTRO - DANCE", "latitude": 44.786297, "longitude": -89.826706}, {"playDate": "2018-04-23T02:56:15.000+0000", "artistId": 123079, "songId": 80694401, "state": "MI", "style": "ELECTRO - DANCE", "latitude": 44.94356, "longitude": -86.4158}, {"playDate": "2018-04-23T03:06:52.000+0000", "artistId": 123079, "songId": 74827606, "state": "ON", "style": "ELECTRO - DANCE", "latitude": 44.566647, "longitude": -80.84998}, {"playDate": "2018-04-23T03:07:55.000+0000", "artistId": 123079, "songId": 80694401, "state": "CA", "style": "ELECTRO - DANCE", "latitude": 37.271873, "longitude": -119.27042}, {"playDate": "2018-04-23T03:10:04.000+0000", "artistId": 123079, "songId": 80694401, "state": "KY", "style": "ELECTRO - DANCE", "latitude": 37.822292, "longitude": -85.76824}, {"playDate": "2018-04-23T03:12:09.000+0000", "artistId": 123079, "songId": 27933702, "state": "OH", "style": "ELECTRO - DANCE", "latitude": 40.19036, "longitude": -82.66925}, {"playDate": "2018-04-23T03:21:12.000+0000", "artistId": 123079, "songId": 74827606, "state": "WA", "style": "ELECTRO - DANCE", "latitude": 38.89935, "longitude": -77.014565}, {"playDate": "2018-04-23T03:21:31.000+0000", "artistId": 123079, "songId": 27933702, "state": "OH", "style": "ELECTRO - DANCE", "latitude": 40.19036, "longitude": -82.66925}, {"playDate": "2018-04-23T03:23:38.000+0000", "artistId": 123079, "songId": 80694402, "state": "AZ", "style": "ELECTRO - DANCE", "latitude": 34.168217, "longitude": -111.93091}, {"playDate": "2018-04-23T03:26:12.000+0000", "artistId": 123079, "songId": 74827606, "state": "TN", "style": "ELECTRO - DANCE", "latitude": 35.83052, "longitude": -85.9786}, {"playDate": "2018-04-23T03:27:30.000+0000", "artistId": 123079, "songId": 38151401, "state": "IL", "style": "ELECTRO - DANCE", "latitude": 39.73932, "longitude": -89.50414}, {"playDate": "2018-04-23T03:31:19.000+0000", "artistId": 123079, "songId": 37778501, "state": "NY", "style": "ELECTRO - DANCE", "latitude": 40.705627, "longitude": -73.97968}, {"playDate": "2018-04-23T03:37:02.000+0000", "artistId": 123079, "songId": 89141302, "state": "CA", "style": "ELECTRO - DANCE", "latitude": 37.271873, "longitude": -119.27042}, {"playDate": "2018-04-23T03:38:06.000+0000", "artistId": 123079, "songId": 74827606, "state": "MN", "style": "ELECTRO - DANCE", "latitude": 46.44186, "longitude": -93.36552}, {"playDate": "2018-04-23T03:38:33.000+0000", "artistId": 123079, "songId": 27933702, "state": "NV", "style": "ELECTRO - DANCE", "latitude": 38.502033, "longitude": -117.02306}, {"playDate": "2018-04-23T03:38:47.000+0000", "artistId": 123079, "songId": 37778501, "state": "ON", "style": "ELECTRO - DANCE", "latitude": 44.566647, "longitude": -80.84998}, {"playDate": "2018-04-23T03:48:57.000+0000", "artistId": 123079, "songId": 27933701, "state": "IL", "style": "ELECTRO - DANCE", "latitude": 39.73932, "longitude": -89.50414}, {"playDate": "2018-04-23T03:53:28.000+0000", "artistId": 123079, "songId": 74827606, "state": "CO", "style": "ELECTRO - DANCE", "latitude": 38.997932, "longitude": -105.55057}, {"playDate": "2018-04-23T03:59:12.000+0000", "artistId": 123079, "songId": 37691901, "state": "BC", "style": "ELECTRO - DANCE", "latitude": 49.09996, "longitude": -116.5167}, {"playDate": "2018-04-23T03:59:58.000+0000", "artistId": 123079, "songId": 27933702, "state": "AR", "style": "ELECTRO - DANCE", "latitude": 34.751926, "longitude": -92.13138}, {"playDate": "2018-04-23T04:06:16.000+0000", "artistId": 123079, "songId": 80694403, "state": "IN", "style": "ELECTRO - DANCE", "latitude": 39.76622, "longitude": -86.44128}, {"playDate": "2018-04-23T04:07:35.000+0000", "artistId": 123079, "songId": 80694401, "state": "NV", "style": "ELECTRO - DANCE", "latitude": 38.502033, "longitude": -117.02306}, {"playDate": "2018-04-23T04:08:12.000+0000", "artistId": 123079, "songId": 80694402, "state": "TX", "style": "ELECTRO - DANCE", "latitude": 31.169336, "longitude": -100.07684}, {"playDate": "2018-04-23T04:13:32.000+0000", "artistId": 123079, "songId": 80694403, "state": "VA", "style": "ELECTRO - DANCE", "latitude": 38.003384, "longitude": -79.458786}, {"playDate": "2018-04-23T04:16:09.000+0000", "artistId": 123079, "songId": 15154401, "state": "AB", "style": "ELECTRO - DANCE", "latitude": 53.016697, "longitude": -112.816635}, {"playDate": "2018-04-23T04:16:54.000+0000", "artistId": 123079, "songId": 80694401, "state": "ON", "style": "ELECTRO - DANCE", "latitude": 44.566647, "longitude": -80.84998}, {"playDate": "2018-04-23T04:21:06.000+0000", "artistId": 123079, "songId": 74827606, "state": "AL", "style": "ELECTRO - DANCE", "latitude": 32.60101, "longitude": -86.68073}, {"playDate": "2018-04-23T04:23:30.000+0000", "artistId": 123079, "songId": 15154401, "state": "TX", "style": "ELECTRO - DANCE", "latitude": 31.169336, "longitude": -100.07684}, {"playDate": "2018-04-23T04:27:06.000+0000", "artistId": 123079, "songId": 37039301, "state": "IL", "style": "ELECTRO - DANCE", "latitude": 39.73932, "longitude": -89.50414}, {"playDate": "2018-04-23T04:43:06.000+0000", "artistId": 123079, "songId": 80694403, "state": "MO", "style": "ELECTRO - DANCE", "latitude": 38.30466, "longitude": -92.437096}, {"playDate": "2018-04-23T05:18:56.000+0000", "artistId": 123079, "songId": 15154401, "state": "IN", "style": "ELECTRO - DANCE", "latitude": 39.76622, "longitude": -86.44128}, {"playDate": "2018-04-23T05:21:44.000+0000", "artistId": 123079, "songId": 80694403, "state": "CA", "style": "ELECTRO - DANCE", "latitude": 37.271873, "longitude": -119.27042}, {"playDate": "2018-04-23T05:24:19.000+0000", "artistId": 123079, "songId": 80694402, "state": "WA", "style": "ELECTRO - DANCE", "latitude": 38.89935, "longitude": -77.014565}, {"playDate": "2018-04-23T05:26:19.000+0000", "artistId": 123079, "songId": 80694401, "state": "GA", "style": "ELECTRO - DANCE", "latitude": 32.678123, "longitude": -83.22298}, {"playDate": "2018-04-23T05:27:57.000+0000", "artistId": 123079, "songId": 15154401, "state": "TN", "style": "ELECTRO - DANCE", "latitude": 35.83052, "longitude": -85.9786}, {"playDate": "2018-04-23T05:37:09.000+0000", "artistId": 123079, "songId": 80694401, "state": "AK", "style": "ELECTRO - DANCE", "latitude": 61.3025, "longitude": -158.77502}, {"playDate": "2018-04-23T05:43:08.000+0000", "artistId": 123079, "songId": 15154401, "state": "OH", "style": "ELECTRO - DANCE", "latitude": 40.19036, "longitude": -82.66925}, {"playDate": "2018-04-23T05:43:56.000+0000", "artistId": 123079, "songId": 74827606, "state": "FL", "style": "ELECTRO - DANCE", "latitude": 27.975727, "longitude": -83.833015}, {"playDate": "2018-04-23T05:59:15.000+0000", "artistId": 123079, "songId": 80694401, "state": "NY", "style": "ELECTRO - DANCE", "latitude": 40.705627, "longitude": -73.97968}, {"playDate": "2018-04-23T06:05:44.000+0000", "artistId": 123079, "songId": 74827606, "state": "VA", "style": "ELECTRO - DANCE", "latitude": 38.003384, "longitude": -79.458786}, {"playDate": "2018-04-23T06:08:15.000+0000", "artistId": 123079, "songId": 89141302, "state": "CA", "style": "ELECTRO - DANCE", "latitude": 37.271873, "longitude": -119.27042}, {"playDate": "2018-04-23T06:13:21.000+0000", "artistId": 123079, "songId": 74827606, "state": "WI", "style": "ELECTRO - DANCE", "latitude": 44.786297, "longitude": -89.826706}, {"playDate": "2018-04-23T06:14:14.000+0000", "artistId": 123079, "songId": 80694402, "state": "VA", "style": "ELECTRO - DANCE", "latitude": 38.003384, "longitude": -79.458786}, {"playDate": "2018-04-23T06:14:31.000+0000", "artistId": 123079, "songId": 37778501, "state": "AZ", "style": "ELECTRO - DANCE", "latitude": 34.168217, "longitude": -111.93091}, {"playDate": "2018-04-23T06:16:41.000+0000", "artistId": 123079, "songId": 74827606, "state": "CO", "style": "ELECTRO - DANCE", "latitude": 38.997932, "longitude": -105.55057}, {"playDate": "2018-04-23T06:48:16.000+0000", "artistId": 123079, "songId": 74827606, "state": "TX", "style": "ELECTRO - DANCE", "latitude": 31.169336, "longitude": -100.07684}, {"playDate": "2018-04-23T06:54:06.000+0000", "artistId": 123079, "songId": 80694402, "state": "CO", "style": "ELECTRO - DANCE", "latitude": 38.997932, "longitude": -105.55057}, {"playDate": "2018-04-23T06:56:30.000+0000", "artistId": 123079, "songId": 38151401, "state": "CA", "style": "ELECTRO - DANCE", "latitude": 37.271873, "longitude": -119.27042}, {"playDate": "2018-04-23T07:02:01.000+0000", "artistId": 123079, "songId": 74827606, "state": "ID", "style": "ELECTRO - DANCE", "latitude": 45.494576, "longitude": -114.14243}, {"playDate": "2018-04-23T07:06:45.000+0000", "artistId": 123079, "songId": 15154401, "state": "AL", "style": "ELECTRO - DANCE", "latitude": 32.60101, "longitude": -86.68073}, {"playDate": "2018-04-23T07:09:23.000+0000", "artistId": 123079, "songId": 80694402, "state": "MS", "style": "ELECTRO - DANCE", "latitude": 32.585106, "longitude": -89.87722}, {"playDate": "2018-04-23T07:16:02.000+0000", "artistId": 123079, "songId": 74827606, "state": "GA", "style": "ELECTRO - DANCE", "latitude": 32.678123, "longitude": -83.22298}, {"playDate": "2018-04-23T07:26:43.000+0000", "artistId": 123079, "songId": 15154401, "state": "TX", "style": "ELECTRO - DANCE", "latitude": 31.169336, "longitude": -100.07684}, {"playDate": "2018-04-23T07:28:06.000+0000", "artistId": 123079, "songId": 15154401, "state": "PA", "style": "ELECTRO - DANCE", "latitude": 40.994595, "longitude": -77.6047}, {"playDate": "2018-04-23T07:30:56.000+0000", "artistId": 123079, "songId": 80694401, "state": "IL", "style": "ELECTRO - DANCE", "latitude": 39.73932, "longitude": -89.50414}, {"playDate": "2018-04-23T07:40:43.000+0000", "artistId": 123079, "songId": 80694404, "state": "PA", "style": "ELECTRO - DANCE", "latitude": 40.994595, "longitude": -77.6047}, {"playDate": "2018-04-23T07:41:09.000+0000", "artistId": 123079, "songId": 80694401, "state": "AL", "style": "ELECTRO - DANCE", "latitude": 32.60101, "longitude": -86.68073}, {"playDate": "2018-04-23T07:42:40.000+0000", "artistId": 123079, "songId": 89141302, "state": "TN", "style": "ELECTRO - DANCE", "latitude": 35.83052, "longitude": -85.9786}, {"playDate": "2018-04-23T07:47:38.000+0000", "artistId": 123079, "songId": 37347101, "state": "WI", "style": "ELECTRO - DANCE", "latitude": 44.786297, "longitude": -89.826706}, {"playDate": "2018-04-23T08:12:51.000+0000", "artistId": 123079, "songId": 80694403, "state": "OR", "style": "ELECTRO - DANCE", "latitude": 44.141907, "longitude": -120.5381}, {"playDate": "2018-04-23T08:14:00.000+0000", "artistId": 123079, "songId": 80694401, "state": "NY", "style": "ELECTRO - DANCE", "latitude": 40.705627, "longitude": -73.97968}, {"playDate": "2018-04-23T08:15:59.000+0000", "artistId": 123079, "songId": 89141302, "state": "UT", "style": "ELECTRO - DANCE", "latitude": 39.49976, "longitude": -111.54703}, {"playDate": "2018-04-23T08:18:31.000+0000", "artistId": 123079, "songId": 80694404, "state": "VA", "style": "ELECTRO - DANCE", "latitude": 38.003384, "longitude": -79.458786}, {"playDate": "2018-04-23T08:19:02.000+0000", "artistId": 123079, "songId": 89141302, "state": "IA", "style": "ELECTRO - DANCE", "latitude": 41.938316, "longitude": -93.3898}, {"playDate": "2018-04-23T08:24:44.000+0000", "artistId": 123079, "songId": 80694402, "state": "NY", "style": "ELECTRO - DANCE", "latitude": 40.705627, "longitude": -73.97968}, {"playDate": "2018-04-23T08:34:17.000+0000", "artistId": 123079, "songId": 80694401, "state": "MO", "style": "ELECTRO - DANCE", "latitude": 38.30466, "longitude": -92.437096}, {"playDate": "2018-04-23T08:39:43.000+0000", "artistId": 123079, "songId": 80694403, "state": "IL", "style": "ELECTRO - DANCE", "latitude": 39.73932, "longitude": -89.50414}, {"playDate": "2018-04-23T08:43:15.000+0000", "artistId": 123079, "songId": 74827606, "state": "ON", "style": "ELECTRO - DANCE", "latitude": 44.566647, "longitude": -80.84998}, {"playDate": "2018-04-23T08:46:34.000+0000", "artistId": 123079, "songId": 15154401, "state": "WA", "style": "ELECTRO - DANCE", "latitude": 38.89935, "longitude": -77.014565}, {"playDate": "2018-04-23T08:50:59.000+0000", "artistId": 123079, "songId": 15154404, "state": "AZ", "style": "ELECTRO - DANCE", "latitude": 34.168217, "longitude": -111.93091}, {"playDate": "2018-04-23T08:55:06.000+0000", "artistId": 123079, "songId": 80694404, "state": "AL", "style": "ELECTRO - DANCE", "latitude": 32.60101, "longitude": -86.68073}, {"playDate": "2018-04-23T08:57:43.000+0000", "artistId": 123079, "songId": 15154401, "state": "GA", "style": "ELECTRO - DANCE", "latitude": 32.678123, "longitude": -83.22298}, {"playDate": "2018-04-23T08:57:43.000+0000", "artistId": 123079, "songId": 15154401, "state": "GA", "style": "ELECTRO - DANCE", "latitude": 32.678123, "longitude": -83.22298}, {"playDate": "2018-04-23T09:00:44.000+0000", "artistId": 123079, "songId": 89141302, "state": "CO", "style": "ELECTRO - DANCE", "latitude": 38.997932, "longitude": -105.55057}, {"playDate": "2018-04-23T09:02:22.000+0000", "artistId": 123079, "songId": 89141302, "state": "OH", "style": "ELECTRO - DANCE", "latitude": 40.19036, "longitude": -82.66925}, {"playDate": "2018-04-23T09:05:41.000+0000", "artistId": 123079, "songId": 80694404, "state": "OH", "style": "ELECTRO - DANCE", "latitude": 40.19036, "longitude": -82.66925}, {"playDate": "2018-04-23T09:07:06.000+0000", "artistId": 123079, "songId": 80694401, "state": "WI", "style": "ELECTRO - DANCE", "latitude": 44.786297, "longitude": -89.826706}, {"playDate": "2018-04-23T09:10:46.000+0000", "artistId": 123079, "songId": 37039301, "state": "NC", "style": "ELECTRO - DANCE", "latitude": 35.21456, "longitude": -79.891266}, {"playDate": "2018-04-23T09:11:21.000+0000", "artistId": 123079, "songId": 74827606, "state": "FL", "style": "ELECTRO - DANCE", "latitude": 27.975727, "longitude": -83.833015}, {"playDate": "2018-04-23T09:18:42.000+0000", "artistId": 123079, "songId": 15154401, "state": "TX", "style": "ELECTRO - DANCE", "latitude": 31.169336, "longitude": -100.07684}, {"playDate": "2018-04-23T09:19:38.000+0000", "artistId": 123079, "songId": 80694401, "state": "TN", "style": "ELECTRO - DANCE", "latitude": 35.83052, "longitude": -85.9786}, {"playDate": "2018-04-23T09:24:42.000+0000", "artistId": 123079, "songId": 80694401, "state": "VA", "style": "ELECTRO - DANCE", "latitude": 38.003384, "longitude": -79.458786}, {"playDate": "2018-04-23T09:29:35.000+0000", "artistId": 123079, "songId": 80694404, "state": "VA", "style": "ELECTRO - DANCE", "latitude": 38.003384, "longitude": -79.458786}, {"playDate": "2018-04-23T09:42:12.000+0000", "artistId": 123079, "songId": 15154401, "state": "TX", "style": "ELECTRO - DANCE", "latitude": 31.169336, "longitude": -100.07684}, {"playDate": "2018-04-23T09:45:08.000+0000", "artistId": 123079, "songId": 52789501, "state": "BC", "style": "ELECTRO - DANCE", "latitude": 49.09996, "longitude": -116.5167}, {"playDate": "2018-04-23T09:56:21.000+0000", "artistId": 123079, "songId": 80694404, "state": "OH", "style": "ELECTRO - DANCE", "latitude": 40.19036, "longitude": -82.66925}, {"playDate": "2018-04-23T09:57:38.000+0000", "artistId": 123079, "songId": 15154401, "state": "NM", "style": "ELECTRO - DANCE", "latitude": 34.166233, "longitude": -106.02607}, {"playDate": "2018-04-23T10:01:56.000+0000", "artistId": 123079, "songId": 89141302, "state": "FL", "style": "ELECTRO - DANCE", "latitude": 27.975727, "longitude": -83.833015}, {"playDate": "2018-04-23T10:09:26.000+0000", "artistId": 123079, "songId": 48751306, "state": "CA", "style": "ELECTRO - DANCE", "latitude": 37.271873, "longitude": -119.27042}, {"playDate": "2018-04-23T10:14:17.000+0000", "artistId": 123079, "songId": 74827606, "state": "TN", "style": "ELECTRO - DANCE", "latitude": 35.83052, "longitude": -85.9786}, {"playDate": "2018-04-23T10:17:11.000+0000", "artistId": 123079, "songId": 15154401, "state": "PA", "style": "ELECTRO - DANCE", "latitude": 40.994595, "longitude": -77.6047}, {"playDate": "2018-04-23T10:19:21.000+0000", "artistId": 123079, "songId": 80694402, "state": "OH", "style": "ELECTRO - DANCE", "latitude": 40.19036, "longitude": -82.66925}, {"playDate": "2018-04-23T10:19:38.000+0000", "artistId": 123079, "songId": 15154401, "state": "SC", "style": "ELECTRO - DANCE", "latitude": 33.62505, "longitude": -80.94704}, {"playDate": "2018-04-23T10:25:10.000+0000", "artistId": 123079, "songId": 80694401, "state": "NC", "style": "ELECTRO - DANCE", "latitude": 35.21456, "longitude": -79.891266}, {"playDate": "2018-04-23T10:32:07.000+0000", "artistId": 123079, "songId": 15154401, "state": "WI", "style": "ELECTRO - DANCE", "latitude": 44.786297, "longitude": -89.826706}, {"playDate": "2018-04-23T10:35:14.000+0000", "artistId": 123079, "songId": 80694402, "state": "WI", "style": "ELECTRO - DANCE", "latitude": 44.786297, "longitude": -89.826706}, {"playDate": "2018-04-23T10:44:11.000+0000", "artistId": 123079, "songId": 80694402, "state": "IA", "style": "ELECTRO - DANCE", "latitude": 41.938316, "longitude": -93.3898}, {"playDate": "2018-04-23T10:45:32.000+0000", "artistId": 123079, "songId": 15154401, "state": "NE", "style": "ELECTRO - DANCE", "latitude": 41.50082, "longitude": -99.6809}, {"playDate": "2018-04-23T11:12:07.000+0000", "artistId": 123079, "songId": 80694404, "state": "VA", "style": "ELECTRO - DANCE", "latitude": 38.003384, "longitude": -79.458786}, {"playDate": "2018-04-23T11:18:11.000+0000", "artistId": 123079, "songId": 80694403, "state": "IN", "style": "ELECTRO - DANCE", "latitude": 39.76622, "longitude": -86.44128}, {"playDate": "2018-04-23T11:39:13.000+0000", "artistId": 123079, "songId": 80694401, "state": "CT", "style": "ELECTRO - DANCE", "latitude": 41.518784, "longitude": -72.75751}, {"playDate": "2018-04-23T11:43:36.000+0000", "artistId": 123079, "songId": 15154401, "state": "OH", "style": "ELECTRO - DANCE", "latitude": 40.19036, "longitude": -82.66925}, {"playDate": "2018-04-23T11:52:19.000+0000", "artistId": 123079, "songId": 74827606, "state": "WI", "style": "ELECTRO - DANCE", "latitude": 44.786297, "longitude": -89.826706}, {"playDate": "2018-04-23T11:52:20.000+0000", "artistId": 123079, "songId": 80694401, "state": "OH", "style": "ELECTRO - DANCE", "latitude": 40.19036, "longitude": -82.66925}, {"playDate": "2018-04-23T11:52:34.000+0000", "artistId": 123079, "songId": 37039301, "state": "WA", "style": "ELECTRO - DANCE", "latitude": 38.89935, "longitude": -77.014565}, {"playDate": "2018-04-23T11:58:20.000+0000", "artistId": 123079, "songId": 74827606, "state": "OH", "style": "ELECTRO - DANCE", "latitude": 40.19036, "longitude": -82.66925}, {"playDate": "2018-04-23T11:58:32.000+0000", "artistId": 123079, "songId": 74827606, "state": "AZ", "style": "ELECTRO - DANCE", "latitude": 34.168217, "longitude": -111.93091}, {"playDate": "2018-04-23T11:59:24.000+0000", "artistId": 123079, "songId": 37778501, "state": "NJ", "style": "ELECTRO - DANCE", "latitude": 40.143005, "longitude": -74.73112}, {"playDate": "2018-04-23T12:00:03.000+0000", "artistId": 123079, "songId": 80694403, "state": "IL", "style": "ELECTRO - DANCE", "latitude": 39.73932, "longitude": -89.50414}, {"playDate": "2018-04-23T12:02:33.000+0000", "artistId": 123079, "songId": 15154401, "state": "TX", "style": "ELECTRO - DANCE", "latitude": 31.169336, "longitude": -100.07684}, {"playDate": "2018-04-23T12:05:14.000+0000", "artistId": 123079, "songId": 15154401, "state": "FL", "style": "ELECTRO - DANCE", "latitude": 27.975727, "longitude": -83.833015}, {"playDate": "2018-04-23T12:08:45.000+0000", "artistId": 123079, "songId": 80694401, "state": "FL", "style": "ELECTRO - DANCE", "latitude": 27.975727, "longitude": -83.833015}, {"playDate": "2018-04-23T12:11:31.000+0000", "artistId": 123079, "songId": 80694401, "state": "TX", "style": "ELECTRO - DANCE", "latitude": 31.169336, "longitude": -100.07684}, {"playDate": "2018-04-23T12:22:50.000+0000", "artistId": 123079, "songId": 37541301, "state": "NY", "style": "POP", "latitude": 40.705627, "longitude": -73.97968}, {"playDate": "2018-04-23T12:25:19.000+0000", "artistId": 123079, "songId": 89141302, "state": "IL", "style": "ELECTRO - DANCE", "latitude": 39.73932, "longitude": -89.50414}, {"playDate": "2018-04-23T12:32:05.000+0000", "artistId": 123079, "songId": 89141302, "state": "KS", "style": "ELECTRO - DANCE", "latitude": 38.49878, "longitude": -98.320076}, {"playDate": "2018-04-23T12:34:27.000+0000", "artistId": 123079, "songId": 74827606, "state": "KS", "style": "ELECTRO - DANCE", "latitude": 38.49878, "longitude": -98.320076}, {"playDate": "2018-04-23T12:37:55.000+0000", "artistId": 123079, "songId": 38156901, "state": "CA", "style": "ELECTRO - DANCE", "latitude": 37.271873, "longitude": -119.27042}, {"playDate": "2018-04-23T12:40:42.000+0000", "artistId": 123079, "songId": 80694403, "state": "MN", "style": "ELECTRO - DANCE", "latitude": 46.44186, "longitude": -93.36552}, {"playDate": "2018-04-23T12:42:27.000+0000", "artistId": 123079, "songId": 74827606, "state": "NV", "style": "ELECTRO - DANCE", "latitude": 38.502033, "longitude": -117.02306}, {"playDate": "2018-04-23T12:45:41.000+0000", "artistId": 123079, "songId": 80694401, "state": "TN", "style": "ELECTRO - DANCE", "latitude": 35.83052, "longitude": -85.9786}, {"playDate": "2018-04-23T12:47:31.000+0000", "artistId": 123079, "songId": 80694401, "state": "CA", "style": "ELECTRO - DANCE", "latitude": 37.271873, "longitude": -119.27042}, {"playDate": "2018-04-23T12:50:56.000+0000", "artistId": 123079, "songId": 80694401, "state": "QC", "style": "ELECTRO - DANCE", "latitude": 49.82258, "longitude": -64.34799}, {"playDate": "2018-04-23T12:54:10.000+0000", "artistId": 123079, "songId": 74827606, "state": "KY", "style": "ELECTRO - DANCE", "latitude": 37.822292, "longitude": -85.76824}, {"playDate": "2018-04-23T12:57:19.000+0000", "artistId": 123079, "songId": 80694404, "state": "NJ", "style": "ELECTRO - DANCE", "latitude": 40.143005, "longitude": -74.73112}, {"playDate": "2018-04-23T12:58:38.000+0000", "artistId": 123079, "songId": 80694402, "state": "TX", "style": "ELECTRO - DANCE", "latitude": 31.169336, "longitude": -100.07684}, {"playDate": "2018-04-23T12:59:14.000+0000", "artistId": 123079, "songId": 80694402, "state": "GA", "style": "ELECTRO - DANCE", "latitude": 32.678123, "longitude": -83.22298}, {"playDate": "2018-04-23T13:01:16.000+0000", "artistId": 123079, "songId": 80694401, "state": "FL", "style": "ELECTRO - DANCE", "latitude": 27.975727, "longitude": -83.833015}, {"playDate": "2018-04-23T13:09:17.000+0000", "artistId": 123079, "songId": 89141302, "state": "IN", "style": "ELECTRO - DANCE", "latitude": 39.76622, "longitude": -86.44128}, {"playDate": "2018-04-23T13:21:25.000+0000", "artistId": 123079, "songId": 80694401, "state": "FL", "style": "ELECTRO - DANCE", "latitude": 27.975727, "longitude": -83.833015}, {"playDate": "2018-04-23T13:21:28.000+0000", "artistId": 123079, "songId": 52840701, "state": "IN", "style": "ELECTRO - DANCE", "latitude": 39.76622, "longitude": -86.44128}, {"playDate": "2018-04-23T13:26:32.000+0000", "artistId": 123079, "songId": 80694401, "state": "PA", "style": "ELECTRO - DANCE", "latitude": 40.994595, "longitude": -77.6047}, {"playDate": "2018-04-23T13:28:22.000+0000", "artistId": 123079, "songId": 80694402, "state": "TN", "style": "ELECTRO - DANCE", "latitude": 35.83052, "longitude": -85.9786}, {"playDate": "2018-04-23T13:41:14.000+0000", "artistId": 123079, "songId": 15154401, "state": "VA", "style": "ELECTRO - DANCE", "latitude": 38.003384, "longitude": -79.458786}, {"playDate": "2018-04-23T13:41:27.000+0000", "artistId": 123079, "songId": 80694401, "state": "PA", "style": "ELECTRO - DANCE", "latitude": 40.994595, "longitude": -77.6047}, {"playDate": "2018-04-23T13:41:58.000+0000", "artistId": 123079, "songId": 80694401, "state": "FL", "style": "ELECTRO - DANCE", "latitude": 27.975727, "longitude": -83.833015}, {"playDate": "2018-04-23T13:42:05.000+0000", "artistId": 123079, "songId": 15154402, "state": "WA", "style": "ELECTRO - DANCE", "latitude": 38.89935, "longitude": -77.014565}, {"playDate": "2018-04-23T13:47:58.000+0000", "artistId": 123079, "songId": 74827606, "state": "NM", "style": "ELECTRO - DANCE", "latitude": 34.166233, "longitude": -106.02607}, {"playDate": "2018-04-23T14:04:12.000+0000", "artistId": 123079, "songId": 37347101, "state": "IL", "style": "ELECTRO - DANCE", "latitude": 39.73932, "longitude": -89.50414}, {"playDate": "2018-04-23T14:04:20.000+0000", "artistId": 123079, "songId": 89141302, "state": "KS", "style": "ELECTRO - DANCE", "latitude": 38.49878, "longitude": -98.320076}, {"playDate": "2018-04-23T14:05:48.000+0000", "artistId": 123079, "songId": 80694401, "state": "TX", "style": "ELECTRO - DANCE", "latitude": 31.169336, "longitude": -100.07684}, {"playDate": "2018-04-23T14:08:38.000+0000", "artistId": 123079, "songId": 80694401, "state": "VA", "style": "ELECTRO - DANCE", "latitude": 38.003384, "longitude": -79.458786}, {"playDate": "2018-04-23T14:09:20.000+0000", "artistId": 123079, "songId": 80694404, "state": "TX", "style": "ELECTRO - DANCE", "latitude": 31.169336, "longitude": -100.07684}, {"playDate": "2018-04-23T14:10:06.000+0000", "artistId": 123079, "songId": 80694402, "state": "TX", "style": "ELECTRO - DANCE", "latitude": 31.169336, "longitude": -100.07684}, {"playDate": "2018-04-23T14:17:45.000+0000", "artistId": 123079, "songId": 80694402, "state": "CA", "style": "ELECTRO - DANCE", "latitude": 37.271873, "longitude": -119.27042}, {"playDate": "2018-04-23T14:18:24.000+0000", "artistId": 123079, "songId": 74827606, "state": "KY", "style": "ELECTRO - DANCE", "latitude": 37.822292, "longitude": -85.76824}, {"playDate": "2018-04-23T14:22:01.000+0000", "artistId": 123079, "songId": 80694401, "state": "IL", "style": "ELECTRO - DANCE", "latitude": 39.73932, "longitude": -89.50414}, {"playDate": "2018-04-23T14:23:21.000+0000", "artistId": 123079, "songId": 80694402, "state": "OH", "style": "ELECTRO - DANCE", "latitude": 40.19036, "longitude": -82.66925}, {"playDate": "2018-04-23T14:27:59.000+0000", "artistId": 123079, "songId": 74827606, "state": "ON", "style": "ELECTRO - DANCE", "latitude": 44.566647, "longitude": -80.84998}, {"playDate": "2018-04-23T14:40:33.000+0000", "artistId": 123079, "songId": 89141302, "state": "TX", "style": "ELECTRO - DANCE", "latitude": 31.169336, "longitude": -100.07684}, {"playDate": "2018-04-23T14:47:27.000+0000", "artistId": 123079, "songId": 80694403, "state": "AR", "style": "ELECTRO - DANCE", "latitude": 34.751926, "longitude": -92.13138}, {"playDate": "2018-04-23T14:52:37.000+0000", "artistId": 123079, "songId": 80694404, "state": "VA", "style": "ELECTRO - DANCE", "latitude": 38.003384, "longitude": -79.458786}, {"playDate": "2018-04-23T14:53:57.000+0000", "artistId": 123079, "songId": 78104604, "state": "SC", "style": "ELECTRO - DANCE", "latitude": 33.62505, "longitude": -80.94704}, {"playDate": "2018-04-23T15:00:18.000+0000", "artistId": 123079, "songId": 15154401, "state": "MN", "style": "ELECTRO - DANCE", "latitude": 46.44186, "longitude": -93.36552}, {"playDate": "2018-04-23T15:02:22.000+0000", "artistId": 123079, "songId": 52789501, "state": "CA", "style": "ELECTRO - DANCE", "latitude": 37.271873, "longitude": -119.27042}, {"playDate": "2018-04-23T15:04:33.000+0000", "artistId": 123079, "songId": 15154402, "state": "WI", "style": "ELECTRO - DANCE", "latitude": 44.786297, "longitude": -89.826706}, {"playDate": "2018-04-23T15:06:32.000+0000", "artistId": 123079, "songId": 59503401, "state": "WA", "style": "ELECTRO - DANCE", "latitude": 38.89935, "longitude": -77.014565}, {"playDate": "2018-04-23T15:09:25.000+0000", "artistId": 123079, "songId": 80694401, "state": "FL", "style": "ELECTRO - DANCE", "latitude": 27.975727, "longitude": -83.833015}, {"playDate": "2018-04-23T15:12:41.000+0000", "artistId": 123079, "songId": 15154402, "state": "SC", "style": "ELECTRO - DANCE", "latitude": 33.62505, "longitude": -80.94704}, {"playDate": "2018-04-23T15:13:15.000+0000", "artistId": 123079, "songId": 80694404, "state": "CO", "style": "ELECTRO - DANCE", "latitude": 38.997932, "longitude": -105.55057}, {"playDate": "2018-04-23T15:13:33.000+0000", "artistId": 123079, "songId": 80694403, "state": "NV", "style": "ELECTRO - DANCE", "latitude": 38.502033, "longitude": -117.02306}, {"playDate": "2018-04-23T15:16:56.000+0000", "artistId": 123079, "songId": 89141302, "state": "IL", "style": "ELECTRO - DANCE", "latitude": 39.73932, "longitude": -89.50414}, {"playDate": "2018-04-23T15:20:36.000+0000", "artistId": 123079, "songId": 15154402, "state": "CA", "style": "ELECTRO - DANCE", "latitude": 37.271873, "longitude": -119.27042}, {"playDate": "2018-04-23T15:21:39.000+0000", "artistId": 123079, "songId": 54804702, "state": "SC", "style": "ELECTRO - DANCE", "latitude": 33.62505, "longitude": -80.94704}, {"playDate": "2018-04-23T15:25:45.000+0000", "artistId": 123079, "songId": 80694404, "state": "CA", "style": "ELECTRO - DANCE", "latitude": 37.271873, "longitude": -119.27042}, {"playDate": "2018-04-23T15:25:59.000+0000", "artistId": 123079, "songId": 80694402, "state": "MN", "style": "ELECTRO - DANCE", "latitude": 46.44186, "longitude": -93.36552}, {"playDate": "2018-04-23T15:27:12.000+0000", "artistId": 123079, "songId": 80694401, "state": "FL", "style": "ELECTRO - DANCE", "latitude": 27.975727, "longitude": -83.833015}, {"playDate": "2018-04-23T15:31:14.000+0000", "artistId": 123079, "songId": 80694401, "state": "CA", "style": "ELECTRO - DANCE", "latitude": 37.271873, "longitude": -119.27042}, {"playDate": "2018-04-23T15:36:52.000+0000", "artistId": 123079, "songId": 38151401, "state": "AZ", "style": "ELECTRO - DANCE", "latitude": 34.168217, "longitude": -111.93091}, {"playDate": "2018-04-23T15:36:58.000+0000", "artistId": 123079, "songId": 74827606, "state": "PA", "style": "ELECTRO - DANCE", "latitude": 40.994595, "longitude": -77.6047}, {"playDate": "2018-04-23T15:40:21.000+0000", "artistId": 123079, "songId": 52789501, "state": "NM", "style": "ELECTRO - DANCE", "latitude": 34.166233, "longitude": -106.02607}, {"playDate": "2018-04-23T15:43:28.000+0000", "artistId": 123079, "songId": 80694401, "state": "QC", "style": "ELECTRO - DANCE", "latitude": 49.82258, "longitude": -64.34799}, {"playDate": "2018-04-23T15:53:21.000+0000", "artistId": 123079, "songId": 80694401, "state": "PA", "style": "ELECTRO - DANCE", "latitude": 40.994595, "longitude": -77.6047}, {"playDate": "2018-04-23T15:55:29.000+0000", "artistId": 123079, "songId": 80694404, "state": "IL", "style": "ELECTRO - DANCE", "latitude": 39.73932, "longitude": -89.50414}, {"playDate": "2018-04-23T15:56:52.000+0000", "artistId": 123079, "songId": 65279703, "state": "GA", "style": "ELECTRO - PROGRESSIVE HOUSE", "latitude": 32.678123, "longitude": -83.22298}, {"playDate": "2018-04-23T15:59:43.000+0000", "artistId": 123079, "songId": 38151401, "state": "ID", "style": "ELECTRO - DANCE", "latitude": 45.494576, "longitude": -114.14243}, {"playDate": "2018-04-23T15:59:56.000+0000", "artistId": 123079, "songId": 80694404, "state": "MD", "style": "ELECTRO - DANCE", "latitude": 38.80635, "longitude": -77.26842}, {"playDate": "2018-04-23T16:01:26.000+0000", "artistId": 123079, "songId": 80694401, "state": "ME", "style": "ELECTRO - DANCE", "latitude": 45.218513, "longitude": -69.01486}, {"playDate": "2018-04-23T16:09:00.000+0000", "artistId": 123079, "songId": 80694403, "state": "OH", "style": "ELECTRO - DANCE", "latitude": 40.19036, "longitude": -82.66925}, {"playDate": "2018-04-23T16:09:16.000+0000", "artistId": 123079, "songId": 80694401, "state": "TX", "style": "ELECTRO - DANCE", "latitude": 31.169336, "longitude": -100.07684}, {"playDate": "2018-04-23T16:10:09.000+0000", "artistId": 123079, "songId": 80694401, "state": "VT", "style": "ELECTRO - DANCE", "latitude": 43.871754, "longitude": -72.447784}, {"playDate": "2018-04-23T16:11:05.000+0000", "artistId": 123079, "songId": 80694403, "state": "VA", "style": "ELECTRO - DANCE", "latitude": 38.003384, "longitude": -79.458786}, {"playDate": "2018-04-23T16:11:54.000+0000", "artistId": 123079, "songId": 37778502, "state": "OH", "style": "ELECTRO - DANCE", "latitude": 40.19036, "longitude": -82.66925}, {"playDate": "2018-04-23T16:12:13.000+0000", "artistId": 123079, "songId": 78104602, "state": "NY", "style": "ELECTRO - DANCE", "latitude": 40.705627, "longitude": -73.97968}, {"playDate": "2018-04-23T16:13:06.000+0000", "artistId": 123079, "songId": 38151401, "state": "MD", "style": "ELECTRO - DANCE", "latitude": 38.80635, "longitude": -77.26842}, {"playDate": "2018-04-23T16:15:01.000+0000", "artistId": 123079, "songId": 80694402, "state": "MN", "style": "ELECTRO - DANCE", "latitude": 46.44186, "longitude": -93.36552}, {"playDate": "2018-04-23T16:16:21.000+0000", "artistId": 123079, "songId": 89141302, "state": "FL", "style": "ELECTRO - DANCE", "latitude": 27.975727, "longitude": -83.833015}, {"playDate": "2018-04-23T16:18:58.000+0000", "artistId": 123079, "songId": 80694401, "state": "HI", "style": "ELECTRO - DANCE", "latitude": 20.46, "longitude": -157.505}, {"playDate": "2018-04-23T16:19:11.000+0000", "artistId": 123079, "songId": 27933702, "state": "MN", "style": "ELECTRO - DANCE", "latitude": 46.44186, "longitude": -93.36552}, {"playDate": "2018-04-23T16:21:42.000+0000", "artistId": 123079, "songId": 48751306, "state": "MD", "style": "ELECTRO - DANCE", "latitude": 38.80635, "longitude": -77.26842}, {"playDate": "2018-04-23T16:22:25.000+0000", "artistId": 123079, "songId": 74827606, "state": "MA", "style": "ELECTRO - DANCE", "latitude": 42.06294, "longitude": -71.71806}, {"playDate": "2018-04-23T16:23:40.000+0000", "artistId": 123079, "songId": 80694401, "state": "TX", "style": "ELECTRO - DANCE", "latitude": 31.169336, "longitude": -100.07684}, {"playDate": "2018-04-23T16:23:47.000+0000", "artistId": 123079, "songId": 80694401, "state": "VA", "style": "ELECTRO - DANCE", "latitude": 38.003384, "longitude": -79.458786}, {"playDate": "2018-04-23T16:30:26.000+0000", "artistId": 123079, "songId": 74827606, "state": "NY", "style": "ELECTRO - DANCE", "latitude": 40.705627, "longitude": -73.97968}, {"playDate": "2018-04-23T16:32:47.000+0000", "artistId": 123079, "songId": 80694401, "state": "FL", "style": "ELECTRO - DANCE", "latitude": 27.975727, "longitude": -83.833015}, {"playDate": "2018-04-23T16:33:46.000+0000", "artistId": 123079, "songId": 80694401, "state": "LA", "style": "ELECTRO - DANCE", "latitude": 30.973377, "longitude": -91.42991}, {"playDate": "2018-04-23T16:33:53.000+0000", "artistId": 123079, "songId": 37039301, "state": "TX", "style": "ELECTRO - DANCE", "latitude": 31.169336, "longitude": -100.07684}, {"playDate": "2018-04-23T16:34:23.000+0000", "artistId": 123079, "songId": 80694403, "state": "MT", "style": "ELECTRO - DANCE", "latitude": 46.6798, "longitude": -110.044785}, {"playDate": "2018-04-23T16:34:31.000+0000", "artistId": 123079, "songId": 80694401, "state": "CO", "style": "ELECTRO - DANCE", "latitude": 38.997932, "longitude": -105.55057}, {"playDate": "2018-04-23T16:38:19.000+0000", "artistId": 123079, "songId": 74827606, "state": "MN", "style": "ELECTRO - DANCE", "latitude": 46.44186, "longitude": -93.36552}, {"playDate": "2018-04-23T16:40:00.000+0000", "artistId": 123079, "songId": 38151401, "state": "IN", "style": "ELECTRO - DANCE", "latitude": 39.76622, "longitude": -86.44128}, {"playDate": "2018-04-23T16:40:28.000+0000", "artistId": 123079, "songId": 80694401, "state": "TX", "style": "ELECTRO - DANCE", "latitude": 31.169336, "longitude": -100.07684}, {"playDate": "2018-04-23T16:46:56.000+0000", "artistId": 123079, "songId": 80694401, "state": "MN", "style": "ELECTRO - DANCE", "latitude": 46.44186, "longitude": -93.36552}, {"playDate": "2018-04-23T16:47:43.000+0000", "artistId": 123079, "songId": 52789501, "state": "FL", "style": "ELECTRO - DANCE", "latitude": 27.975727, "longitude": -83.833015}, {"playDate": "2018-04-23T16:49:28.000+0000", "artistId": 123079, "songId": 80694403, "state": "CA", "style": "ELECTRO - DANCE", "latitude": 37.271873, "longitude": -119.27042}, {"playDate": "2018-04-23T16:51:32.000+0000", "artistId": 123079, "songId": 37778501, "state": "OH", "style": "ELECTRO - DANCE", "latitude": 40.19036, "longitude": -82.66925}, {"playDate": "2018-04-23T16:52:30.000+0000", "artistId": 123079, "songId": 74827606, "state": "FL", "style": "ELECTRO - DANCE", "latitude": 27.975727, "longitude": -83.833015}, {"playDate": "2018-04-23T16:52:35.000+0000", "artistId": 123079, "songId": 80694401, "state": "FL", "style": "ELECTRO - DANCE", "latitude": 27.975727, "longitude": -83.833015}, {"playDate": "2018-04-23T16:52:57.000+0000", "artistId": 123079, "songId": 38151401, "state": "PA", "style": "ELECTRO - DANCE", "latitude": 40.994595, "longitude": -77.6047}, {"playDate": "2018-04-23T17:04:54.000+0000", "artistId": 123079, "songId": 89141302, "state": "CO", "style": "ELECTRO - DANCE", "latitude": 38.997932, "longitude": -105.55057}, {"playDate": "2018-04-23T17:21:23.000+0000", "artistId": 123079, "songId": 38151401, "state": "KY", "style": "ELECTRO - DANCE", "latitude": 37.822292, "longitude": -85.76824}, {"playDate": "2018-04-23T17:22:15.000+0000", "artistId": 123079, "songId": 78104602, "state": "CA", "style": "ELECTRO - DANCE", "latitude": 37.271873, "longitude": -119.27042}, {"playDate": "2018-04-23T17:22:27.000+0000", "artistId": 123079, "songId": 80694401, "state": "CA", "style": "ELECTRO - DANCE", "latitude": 37.271873, "longitude": -119.27042}, {"playDate": "2018-04-23T17:23:44.000+0000", "artistId": 123079, "songId": 80694403, "state": "WI", "style": "ELECTRO - DANCE", "latitude": 44.786297, "longitude": -89.826706}, {"playDate": "2018-04-23T17:30:22.000+0000", "artistId": 123079, "songId": 37778501, "state": "NY", "style": "ELECTRO - DANCE", "latitude": 40.705627, "longitude": -73.97968}, {"playDate": "2018-04-23T17:30:54.000+0000", "artistId": 123079, "songId": 80694403, "state": "CA", "style": "ELECTRO - DANCE", "latitude": 37.271873, "longitude": -119.27042}, {"playDate": "2018-04-23T17:31:11.000+0000", "artistId": 123079, "songId": 80694403, "state": "NV", "style": "ELECTRO - DANCE", "latitude": 38.502033, "longitude": -117.02306}, {"playDate": "2018-04-23T17:34:51.000+0000", "artistId": 123079, "songId": 80694401, "state": "OH", "style": "ELECTRO - DANCE", "latitude": 40.19036, "longitude": -82.66925}, {"playDate": "2018-04-23T17:39:14.000+0000", "artistId": 123079, "songId": 80694401, "state": "MO", "style": "ELECTRO - DANCE", "latitude": 38.30466, "longitude": -92.437096}, {"playDate": "2018-04-23T17:45:43.000+0000", "artistId": 123079, "songId": 80694401, "state": "TX", "style": "ELECTRO - DANCE", "latitude": 31.169336, "longitude": -100.07684}, {"playDate": "2018-04-23T17:45:59.000+0000", "artistId": 123079, "songId": 27933701, "state": "FL", "style": "ELECTRO - DANCE", "latitude": 27.975727, "longitude": -83.833015}, {"playDate": "2018-04-23T17:54:18.000+0000", "artistId": 123079, "songId": 52789501, "state": "TX", "style": "ELECTRO - DANCE", "latitude": 31.169336, "longitude": -100.07684}, {"playDate": "2018-04-23T17:57:21.000+0000", "artistId": 123079, "songId": 37347101, "state": "SC", "style": "ELECTRO - DANCE", "latitude": 33.62505, "longitude": -80.94704}, {"playDate": "2018-04-23T17:57:36.000+0000", "artistId": 123079, "songId": 37778501, "state": "IN", "style": "ELECTRO - DANCE", "latitude": 39.76622, "longitude": -86.44128}, {"playDate": "2018-04-23T17:58:39.000+0000", "artistId": 123079, "songId": 27933701, "state": "WI", "style": "ELECTRO - DANCE", "latitude": 44.786297, "longitude": -89.826706}, {"playDate": "2018-04-23T18:00:16.000+0000", "artistId": 123079, "songId": 15154402, "state": "TX", "style": "ELECTRO - DANCE", "latitude": 31.169336, "longitude": -100.07684}, {"playDate": "2018-04-23T18:00:49.000+0000", "artistId": 123079, "songId": 80694401, "state": "WI", "style": "ELECTRO - DANCE", "latitude": 44.786297, "longitude": -89.826706}, {"playDate": "2018-04-23T18:00:52.000+0000", "artistId": 123079, "songId": 80694401, "state": "ND", "style": "ELECTRO - DANCE", "latitude": 47.46788, "longitude": -100.30227}, {"playDate": "2018-04-23T18:01:07.000+0000", "artistId": 123079, "songId": 80694403, "state": "SC", "style": "ELECTRO - DANCE", "latitude": 33.62505, "longitude": -80.94704}, {"playDate": "2018-04-23T18:03:24.000+0000", "artistId": 123079, "songId": 89141302, "state": "PA", "style": "ELECTRO - DANCE", "latitude": 40.994595, "longitude": -77.6047}, {"playDate": "2018-04-23T18:04:31.000+0000", "artistId": 123079, "songId": 80694403, "state": "TX", "style": "ELECTRO - DANCE", "latitude": 31.169336, "longitude": -100.07684}, {"playDate": "2018-04-23T18:14:06.000+0000", "artistId": 123079, "songId": 38156901, "state": "MA", "style": "ELECTRO - DANCE", "latitude": 42.06294, "longitude": -71.71806}, {"playDate": "2018-04-23T18:15:24.000+0000", "artistId": 123079, "songId": 80694401, "state": "QC", "style": "ELECTRO - DANCE", "latitude": 49.82258, "longitude": -64.34799}, {"playDate": "2018-04-23T18:15:28.000+0000", "artistId": 123079, "songId": 27933702, "state": "WA", "style": "ELECTRO - DANCE", "latitude": 38.89935, "longitude": -77.014565}, {"playDate": "2018-04-23T18:15:30.000+0000", "artistId": 123079, "songId": 80694403, "state": "WA", "style": "ELECTRO - DANCE", "latitude": 38.89935, "longitude": -77.014565}, {"playDate": "2018-04-23T18:16:45.000+0000", "artistId": 123079, "songId": 80694403, "state": "WI", "style": "ELECTRO - DANCE", "latitude": 44.786297, "longitude": -89.826706}, {"playDate": "2018-04-23T18:16:51.000+0000", "artistId": 123079, "songId": 80694401, "state": "PA", "style": "ELECTRO - DANCE", "latitude": 40.994595, "longitude": -77.6047}, {"playDate": "2018-04-23T18:17:21.000+0000", "artistId": 123079, "songId": 80694403, "state": "TN", "style": "ELECTRO - DANCE", "latitude": 35.83052, "longitude": -85.9786}, {"playDate": "2018-04-23T18:23:26.000+0000", "artistId": 123079, "songId": 37778501, "state": "MN", "style": "ELECTRO - DANCE", "latitude": 46.44186, "longitude": -93.36552}, {"playDate": "2018-04-23T18:23:53.000+0000", "artistId": 123079, "songId": 80694401, "state": "OH", "style": "ELECTRO - DANCE", "latitude": 40.19036, "longitude": -82.66925}, {"playDate": "2018-04-23T18:25:53.000+0000", "artistId": 123079, "songId": 80694401, "state": "NM", "style": "ELECTRO - DANCE", "latitude": 34.166233, "longitude": -106.02607}, {"playDate": "2018-04-23T18:26:52.000+0000", "artistId": 123079, "songId": 78104602, "state": "AZ", "style": "ELECTRO - DANCE", "latitude": 34.168217, "longitude": -111.93091}, {"playDate": "2018-04-23T18:28:41.000+0000", "artistId": 123079, "songId": 80694401, "state": "MN", "style": "ELECTRO - DANCE", "latitude": 46.44186, "longitude": -93.36552}, {"playDate": "2018-04-23T18:29:42.000+0000", "artistId": 123079, "songId": 80694401, "state": "FL", "style": "ELECTRO - DANCE", "latitude": 27.975727, "longitude": -83.833015}, {"playDate": "2018-04-23T18:30:34.000+0000", "artistId": 123079, "songId": 37778501, "state": "NJ", "style": "ELECTRO - DANCE", "latitude": 40.143005, "longitude": -74.73112}, {"playDate": "2018-04-23T18:36:10.000+0000", "artistId": 123079, "songId": 80694401, "state": "VA", "style": "ELECTRO - DANCE", "latitude": 38.003384, "longitude": -79.458786}, {"playDate": "2018-04-23T18:36:18.000+0000", "artistId": 123079, "songId": 80694401, "state": "CT", "style": "ELECTRO - DANCE", "latitude": 41.518784, "longitude": -72.75751}, {"playDate": "2018-04-23T18:37:14.000+0000", "artistId": 123079, "songId": 15154402, "state": "IL", "style": "ELECTRO - DANCE", "latitude": 39.73932, "longitude": -89.50414}, {"playDate": "2018-04-23T18:38:13.000+0000", "artistId": 123079, "songId": 80694404, "state": "NY", "style": "ELECTRO - DANCE", "latitude": 40.705627, "longitude": -73.97968}, {"playDate": "2018-04-23T18:38:46.000+0000", "artistId": 123079, "songId": 52789501, "state": "MA", "style": "ELECTRO - DANCE", "latitude": 42.06294, "longitude": -71.71806}, {"playDate": "2018-04-23T18:41:38.000+0000", "artistId": 123079, "songId": 15154401, "state": "KS", "style": "ELECTRO - DANCE", "latitude": 38.49878, "longitude": -98.320076}, {"playDate": "2018-04-23T18:43:59.000+0000", "artistId": 123079, "songId": 52789501, "state": "MN", "style": "ELECTRO - DANCE", "latitude": 46.44186, "longitude": -93.36552}, {"playDate": "2018-04-23T18:45:31.000+0000", "artistId": 123079, "songId": 27933702, "state": "TX", "style": "ELECTRO - DANCE", "latitude": 31.169336, "longitude": -100.07684}, {"playDate": "2018-04-23T18:48:38.000+0000", "artistId": 123079, "songId": 89141302, "state": "MN", "style": "ELECTRO - DANCE", "latitude": 46.44186, "longitude": -93.36552}, {"playDate": "2018-04-23T18:49:53.000+0000", "artistId": 123079, "songId": 80694401, "state": "PA", "style": "ELECTRO - DANCE", "latitude": 40.994595, "longitude": -77.6047}, {"playDate": "2018-04-23T18:50:34.000+0000", "artistId": 123079, "songId": 27933702, "state": "PA", "style": "ELECTRO - DANCE", "latitude": 40.994595, "longitude": -77.6047}, {"playDate": "2018-04-23T18:50:46.000+0000", "artistId": 123079, "songId": 37686802, "state": "FL", "style": "ELECTRO - DANCE", "latitude": 27.975727, "longitude": -83.833015}, {"playDate": "2018-04-23T18:52:00.000+0000", "artistId": 123079, "songId": 80694404, "state": "VA", "style": "ELECTRO - DANCE", "latitude": 38.003384, "longitude": -79.458786}, {"playDate": "2018-04-23T18:52:42.000+0000", "artistId": 123079, "songId": 52789501, "state": "WI", "style": "ELECTRO - DANCE", "latitude": 44.786297, "longitude": -89.826706}, {"playDate": "2018-04-23T18:53:45.000+0000", "artistId": 123079, "songId": 80694401, "state": "CA", "style": "ELECTRO - DANCE", "latitude": 37.271873, "longitude": -119.27042}, {"playDate": "2018-04-23T18:54:06.000+0000", "artistId": 123079, "songId": 38156901, "state": "MT", "style": "ELECTRO - DANCE", "latitude": 46.6798, "longitude": -110.044785}, {"playDate": "2018-04-23T18:58:27.000+0000", "artistId": 123079, "songId": 80694401, "state": "BC", "style": "ELECTRO - DANCE", "latitude": 49.09996, "longitude": -116.5167}, {"playDate": "2018-04-23T19:00:02.000+0000", "artistId": 123079, "songId": 27933702, "state": "CA", "style": "ELECTRO - DANCE", "latitude": 37.271873, "longitude": -119.27042}, {"playDate": "2018-04-23T19:02:27.000+0000", "artistId": 123079, "songId": 15154401, "state": "TX", "style": "ELECTRO - DANCE", "latitude": 31.169336, "longitude": -100.07684}, {"playDate": "2018-04-23T19:03:35.000+0000", "artistId": 123079, "songId": 80694403, "state": "OH", "style": "ELECTRO - DANCE", "latitude": 40.19036, "longitude": -82.66925}, {"playDate": "2018-04-23T19:04:56.000+0000", "artistId": 123079, "songId": 80694401, "state": "CA", "style": "ELECTRO - DANCE", "latitude": 37.271873, "longitude": -119.27042}, {"playDate": "2018-04-23T19:08:08.000+0000", "artistId": 123079, "songId": 27933702, "state": "TX", "style": "ELECTRO - DANCE", "latitude": 31.169336, "longitude": -100.07684}, {"playDate": "2018-04-23T19:10:21.000+0000", "artistId": 123079, "songId": 15154402, "state": "MI", "style": "ELECTRO - DANCE", "latitude": 44.94356, "longitude": -86.4158}, {"playDate": "2018-04-23T19:10:31.000+0000", "artistId": 123079, "songId": 52789501, "state": "NY", "style": "ELECTRO - DANCE", "latitude": 40.705627, "longitude": -73.97968}, {"playDate": "2018-04-23T19:11:14.000+0000", "artistId": 123079, "songId": 80694403, "state": "MN", "style": "ELECTRO - DANCE", "latitude": 46.44186, "longitude": -93.36552}, {"playDate": "2018-04-23T19:12:24.000+0000", "artistId": 123079, "songId": 80694404, "state": "ON", "style": "ELECTRO - DANCE", "latitude": 44.566647, "longitude": -80.84998}, {"playDate": "2018-04-23T19:15:18.000+0000", "artistId": 123079, "songId": 80694401, "state": "ND", "style": "ELECTRO - DANCE", "latitude": 47.46788, "longitude": -100.30227}, {"playDate": "2018-04-23T19:17:23.000+0000", "artistId": 123079, "songId": 52789501, "state": "NY", "style": "ELECTRO - DANCE", "latitude": 40.705627, "longitude": -73.97968}, {"playDate": "2018-04-23T19:21:27.000+0000", "artistId": 123079, "songId": 38156901, "state": "QC", "style": "ELECTRO - DANCE", "latitude": 49.82258, "longitude": -64.34799}, {"playDate": "2018-04-23T19:23:35.000+0000", "artistId": 123079, "songId": 78104602, "state": "PA", "style": "ELECTRO - DANCE", "latitude": 40.994595, "longitude": -77.6047}, {"playDate": "2018-04-23T19:23:48.000+0000", "artistId": 123079, "songId": 80694401, "state": "IL", "style": "ELECTRO - DANCE", "latitude": 39.73932, "longitude": -89.50414}, {"playDate": "2018-04-23T19:27:18.000+0000", "artistId": 123079, "songId": 27933702, "state": "CA", "style": "ELECTRO - DANCE", "latitude": 37.271873, "longitude": -119.27042}, {"playDate": "2018-04-23T19:28:43.000+0000", "artistId": 123079, "songId": 15154401, "state": "MD", "style": "ELECTRO - DANCE", "latitude": 38.80635, "longitude": -77.26842}, {"playDate": "2018-04-23T19:28:45.000+0000", "artistId": 123079, "songId": 38156901, "state": "FL", "style": "ELECTRO - DANCE", "latitude": 27.975727, "longitude": -83.833015}, {"playDate": "2018-04-23T19:28:57.000+0000", "artistId": 123079, "songId": 52789501, "state": "AK", "style": "ELECTRO - DANCE", "latitude": 61.3025, "longitude": -158.77502}, {"playDate": "2018-04-23T19:29:15.000+0000", "artistId": 123079, "songId": 65279701, "state": "TX", "style": "ELECTRO - PROGRESSIVE HOUSE", "latitude": 31.169336, "longitude": -100.07684}, {"playDate": "2018-04-23T19:29:41.000+0000", "artistId": 123079, "songId": 80694402, "state": "VA", "style": "ELECTRO - DANCE", "latitude": 38.003384, "longitude": -79.458786}, {"playDate": "2018-04-23T19:33:32.000+0000", "artistId": 123079, "songId": 80694403, "state": "QC", "style": "ELECTRO - DANCE", "latitude": 49.82258, "longitude": -64.34799}, {"playDate": "2018-04-23T19:36:12.000+0000", "artistId": 123079, "songId": 80694402, "state": "UT", "style": "ELECTRO - DANCE", "latitude": 39.49976, "longitude": -111.54703}, {"playDate": "2018-04-23T19:36:43.000+0000", "artistId": 123079, "songId": 80694401, "state": "CO", "style": "ELECTRO - DANCE", "latitude": 38.997932, "longitude": -105.55057}, {"playDate": "2018-04-23T19:38:04.000+0000", "artistId": 123079, "songId": 37778504, "state": "FL", "style": "ELECTRO - DANCE", "latitude": 27.975727, "longitude": -83.833015}, {"playDate": "2018-04-23T19:39:54.000+0000", "artistId": 123079, "songId": 52789501, "state": "CT", "style": "ELECTRO - DANCE", "latitude": 41.518784, "longitude": -72.75751}, {"playDate": "2018-04-23T19:42:24.000+0000", "artistId": 123079, "songId": 80694401, "state": "KY", "style": "ELECTRO - DANCE", "latitude": 37.822292, "longitude": -85.76824}, {"playDate": "2018-04-23T19:43:13.000+0000", "artistId": 123079, "songId": 15154404, "state": "CA", "style": "ELECTRO - DANCE", "latitude": 37.271873, "longitude": -119.27042}, {"playDate": "2018-04-23T19:46:01.000+0000", "artistId": 123079, "songId": 80694403, "state": "TN", "style": "ELECTRO - DANCE", "latitude": 35.83052, "longitude": -85.9786}, {"playDate": "2018-04-23T19:46:07.000+0000", "artistId": 123079, "songId": 80694403, "state": "IL", "style": "ELECTRO - DANCE", "latitude": 39.73932, "longitude": -89.50414}, {"playDate": "2018-04-23T19:47:08.000+0000", "artistId": 123079, "songId": 78104603, "state": "KY", "style": "ELECTRO - DANCE", "latitude": 37.822292, "longitude": -85.76824}, {"playDate": "2018-04-23T19:53:46.000+0000", "artistId": 123079, "songId": 80694401, "state": "PA", "style": "ELECTRO - DANCE", "latitude": 40.994595, "longitude": -77.6047}, {"playDate": "2018-04-23T19:54:36.000+0000", "artistId": 123079, "songId": 80694401, "state": "MO", "style": "ELECTRO - DANCE", "latitude": 38.30466, "longitude": -92.437096}, {"playDate": "2018-04-23T19:58:12.000+0000", "artistId": 123079, "songId": 80694401, "state": "SC", "style": "ELECTRO - DANCE", "latitude": 33.62505, "longitude": -80.94704}, {"playDate": "2018-04-23T20:01:37.000+0000", "artistId": 123079, "songId": 38156901, "state": "CO", "style": "ELECTRO - DANCE", "latitude": 38.997932, "longitude": -105.55057}, {"playDate": "2018-04-23T20:04:11.000+0000", "artistId": 123079, "songId": 80694403, "state": "IL", "style": "ELECTRO - DANCE", "latitude": 39.73932, "longitude": -89.50414}, {"playDate": "2018-04-23T20:07:41.000+0000", "artistId": 123079, "songId": 52789501, "state": "MN", "style": "ELECTRO - DANCE", "latitude": 46.44186, "longitude": -93.36552}, {"playDate": "2018-04-23T20:09:49.000+0000", "artistId": 123079, "songId": 38156901, "state": "WA", "style": "ELECTRO - DANCE", "latitude": 38.89935, "longitude": -77.014565}, {"playDate": "2018-04-23T20:11:08.000+0000", "artistId": 123079, "songId": 80694402, "state": "FL", "style": "ELECTRO - DANCE", "latitude": 27.975727, "longitude": -83.833015}, {"playDate": "2018-04-23T20:12:26.000+0000", "artistId": 123079, "songId": 80694401, "state": "LA", "style": "ELECTRO - DANCE", "latitude": 30.973377, "longitude": -91.42991}, {"playDate": "2018-04-23T20:12:29.000+0000", "artistId": 123079, "songId": 74827606, "state": "PA", "style": "ELECTRO - DANCE", "latitude": 40.994595, "longitude": -77.6047}, {"playDate": "2018-04-23T20:13:46.000+0000", "artistId": 123079, "songId": 80694404, "state": "OH", "style": "ELECTRO - DANCE", "latitude": 40.19036, "longitude": -82.66925}, {"playDate": "2018-04-23T20:15:10.000+0000", "artistId": 123079, "songId": 80694401, "state": "AZ", "style": "ELECTRO - DANCE", "latitude": 34.168217, "longitude": -111.93091}, {"playDate": "2018-04-23T20:15:34.000+0000", "artistId": 123079, "songId": 80694401, "state": "FL", "style": "ELECTRO - DANCE", "latitude": 27.975727, "longitude": -83.833015}, {"playDate": "2018-04-23T20:16:36.000+0000", "artistId": 123079, "songId": 74827606, "state": "KY", "style": "ELECTRO - DANCE", "latitude": 37.822292, "longitude": -85.76824}, {"playDate": "2018-04-23T20:16:47.000+0000", "artistId": 123079, "songId": 15154402, "state": "IN", "style": "ELECTRO - DANCE", "latitude": 39.76622, "longitude": -86.44128}, {"playDate": "2018-04-23T20:19:55.000+0000", "artistId": 123079, "songId": 80694401, "state": "NY", "style": "ELECTRO - DANCE", "latitude": 40.705627, "longitude": -73.97968}, {"playDate": "2018-04-23T20:20:23.000+0000", "artistId": 123079, "songId": 52789501, "state": "MA", "style": "ELECTRO - DANCE", "latitude": 42.06294, "longitude": -71.71806}, {"playDate": "2018-04-23T20:21:50.000+0000", "artistId": 123079, "songId": 74827606, "state": "VA", "style": "ELECTRO - DANCE", "latitude": 38.003384, "longitude": -79.458786}, {"playDate": "2018-04-23T20:25:32.000+0000", "artistId": 123079, "songId": 80694403, "state": "MD", "style": "ELECTRO - DANCE", "latitude": 38.80635, "longitude": -77.26842}, {"playDate": "2018-04-23T20:26:22.000+0000", "artistId": 123079, "songId": 80694401, "state": "IA", "style": "ELECTRO - DANCE", "latitude": 41.938316, "longitude": -93.3898}, {"playDate": "2018-04-23T20:27:40.000+0000", "artistId": 123079, "songId": 15154402, "state": "SC", "style": "ELECTRO - DANCE", "latitude": 33.62505, "longitude": -80.94704}, {"playDate": "2018-04-23T20:27:46.000+0000", "artistId": 123079, "songId": 15154401, "state": "OH", "style": "ELECTRO - DANCE", "latitude": 40.19036, "longitude": -82.66925}, {"playDate": "2018-04-23T20:29:49.000+0000", "artistId": 123079, "songId": 80694401, "state": "TN", "style": "ELECTRO - DANCE", "latitude": 35.83052, "longitude": -85.9786}, {"playDate": "2018-04-23T20:30:11.000+0000", "artistId": 123079, "songId": 38151401, "state": "CA", "style": "ELECTRO - DANCE", "latitude": 37.271873, "longitude": -119.27042}, {"playDate": "2018-04-23T20:30:48.000+0000", "artistId": 123079, "songId": 80694401, "state": "CO", "style": "ELECTRO - DANCE", "latitude": 38.997932, "longitude": -105.55057}, {"playDate": "2018-04-23T20:31:42.000+0000", "artistId": 123079, "songId": 80694401, "state": "IL", "style": "ELECTRO - DANCE", "latitude": 39.73932, "longitude": -89.50414}, {"playDate": "2018-04-23T20:34:23.000+0000", "artistId": 123079, "songId": 52789501, "state": "NH", "style": "ELECTRO - DANCE", "latitude": 44.001232, "longitude": -71.579926}, {"playDate": "2018-04-23T20:34:37.000+0000", "artistId": 123079, "songId": 80694401, "state": "IL", "style": "ELECTRO - DANCE", "latitude": 39.73932, "longitude": -89.50414}, {"playDate": "2018-04-23T20:38:51.000+0000", "artistId": 123079, "songId": 15154402, "state": "PA", "style": "ELECTRO - DANCE", "latitude": 40.994595, "longitude": -77.6047}, {"playDate": "2018-04-23T20:40:21.000+0000", "artistId": 123079, "songId": 80694403, "state": "IA", "style": "ELECTRO - DANCE", "latitude": 41.938316, "longitude": -93.3898}, {"playDate": "2018-04-23T20:40:36.000+0000", "artistId": 123079, "songId": 80694404, "state": "MA", "style": "ELECTRO - DANCE", "latitude": 42.06294, "longitude": -71.71806}, {"playDate": "2018-04-23T20:41:06.000+0000", "artistId": 123079, "songId": 80694401, "state": "NY", "style": "ELECTRO - DANCE", "latitude": 40.705627, "longitude": -73.97968}, {"playDate": "2018-04-23T20:42:53.000+0000", "artistId": 123079, "songId": 89141302, "state": "TX", "style": "ELECTRO - DANCE", "latitude": 31.169336, "longitude": -100.07684}, {"playDate": "2018-04-23T20:45:24.000+0000", "artistId": 123079, "songId": 80694401, "state": "ID", "style": "ELECTRO - DANCE", "latitude": 45.494576, "longitude": -114.14243}, {"playDate": "2018-04-23T20:46:04.000+0000", "artistId": 123079, "songId": 74827606, "state": "NV", "style": "ELECTRO - DANCE", "latitude": 38.502033, "longitude": -117.02306}, {"playDate": "2018-04-23T20:47:32.000+0000", "artistId": 123079, "songId": 89141302, "state": "MN", "style": "ELECTRO - DANCE", "latitude": 46.44186, "longitude": -93.36552}, {"playDate": "2018-04-23T20:50:05.000+0000", "artistId": 123079, "songId": 74827606, "state": "TN", "style": "ELECTRO - DANCE", "latitude": 35.83052, "longitude": -85.9786}, {"playDate": "2018-04-23T20:50:20.000+0000", "artistId": 123079, "songId": 52789501, "state": "NY", "style": "ELECTRO - DANCE", "latitude": 40.705627, "longitude": -73.97968}, {"playDate": "2018-04-23T20:52:34.000+0000", "artistId": 123079, "songId": 52789501, "state": "IL", "style": "ELECTRO - DANCE", "latitude": 39.73932, "longitude": -89.50414}, {"playDate": "2018-04-23T20:52:40.000+0000", "artistId": 123079, "songId": 38156901, "state": "MN", "style": "ELECTRO - DANCE", "latitude": 46.44186, "longitude": -93.36552}, {"playDate": "2018-04-23T20:55:13.000+0000", "artistId": 123079, "songId": 89141302, "state": "NJ", "style": "ELECTRO - DANCE", "latitude": 40.143005, "longitude": -74.73112}, {"playDate": "2018-04-23T20:59:12.000+0000", "artistId": 123079, "songId": 38156901, "state": "ND", "style": "ELECTRO - DANCE", "latitude": 47.46788, "longitude": -100.30227}, {"playDate": "2018-04-23T21:00:02.000+0000", "artistId": 123079, "songId": 80694401, "state": "OH", "style": "ELECTRO - DANCE", "latitude": 40.19036, "longitude": -82.66925}, {"playDate": "2018-04-23T21:02:40.000+0000", "artistId": 123079, "songId": 80694401, "state": "CO", "style": "ELECTRO - DANCE", "latitude": 38.997932, "longitude": -105.55057}, {"playDate": "2018-04-23T21:03:54.000+0000", "artistId": 123079, "songId": 37039301, "state": "IL", "style": "ELECTRO - DANCE", "latitude": 39.73932, "longitude": -89.50414}, {"playDate": "2018-04-23T21:06:02.000+0000", "artistId": 123079, "songId": 89141302, "state": "MN", "style": "ELECTRO - DANCE", "latitude": 46.44186, "longitude": -93.36552}, {"playDate": "2018-04-23T21:07:21.000+0000", "artistId": 123079, "songId": 80694403, "state": "HI", "style": "ELECTRO - DANCE", "latitude": 20.46, "longitude": -157.505}, {"playDate": "2018-04-23T21:15:53.000+0000", "artistId": 123079, "songId": 80694403, "state": "TX", "style": "ELECTRO - DANCE", "latitude": 31.169336, "longitude": -100.07684}, {"playDate": "2018-04-23T21:16:37.000+0000", "artistId": 123079, "songId": 37347101, "state": "QC", "style": "ELECTRO - DANCE", "latitude": 49.82258, "longitude": -64.34799}, {"playDate": "2018-04-23T21:19:33.000+0000", "artistId": 123079, "songId": 27933702, "state": "OH", "style": "ELECTRO - DANCE", "latitude": 40.19036, "longitude": -82.66925}, {"playDate": "2018-04-23T21:21:31.000+0000", "artistId": 123079, "songId": 80694401, "state": "WI", "style": "ELECTRO - DANCE", "latitude": 44.786297, "longitude": -89.826706}, {"playDate": "2018-04-23T21:22:16.000+0000", "artistId": 123079, "songId": 74827606, "state": "QC", "style": "ELECTRO - DANCE", "latitude": 49.82258, "longitude": -64.34799}, {"playDate": "2018-04-23T21:22:53.000+0000", "artistId": 123079, "songId": 15154401, "state": "NJ", "style": "ELECTRO - DANCE", "latitude": 40.143005, "longitude": -74.73112}, {"playDate": "2018-04-23T21:23:30.000+0000", "artistId": 123079, "songId": 78104603, "state": "WA", "style": "ELECTRO - DANCE", "latitude": 38.89935, "longitude": -77.014565}, {"playDate": "2018-04-23T21:23:35.000+0000", "artistId": 123079, "songId": 15154401, "state": "QC", "style": "ELECTRO - DANCE", "latitude": 49.82258, "longitude": -64.34799}, {"playDate": "2018-04-23T21:26:51.000+0000", "artistId": 123079, "songId": 52789501, "state": "GA", "style": "ELECTRO - DANCE", "latitude": 32.678123, "longitude": -83.22298}, {"playDate": "2018-04-23T21:28:00.000+0000", "artistId": 123079, "songId": 78104602, "state": "MA", "style": "ELECTRO - DANCE", "latitude": 42.06294, "longitude": -71.71806}, {"playDate": "2018-04-23T21:28:04.000+0000", "artistId": 123079, "songId": 38156901, "state": "TN", "style": "ELECTRO - DANCE", "latitude": 35.83052, "longitude": -85.9786}, {"playDate": "2018-04-23T21:28:18.000+0000", "artistId": 123079, "songId": 27933701, "state": "OR", "style": "ELECTRO - DANCE", "latitude": 44.141907, "longitude": -120.5381}, {"playDate": "2018-04-23T21:31:29.000+0000", "artistId": 123079, "songId": 89141302, "state": "GA", "style": "ELECTRO - DANCE", "latitude": 32.678123, "longitude": -83.22298}, {"playDate": "2018-04-23T21:33:26.000+0000", "artistId": 123079, "songId": 89141302, "state": "IL", "style": "ELECTRO - DANCE", "latitude": 39.73932, "longitude": -89.50414}, {"playDate": "2018-04-23T21:34:13.000+0000", "artistId": 123079, "songId": 80694403, "state": "IL", "style": "ELECTRO - DANCE", "latitude": 39.73932, "longitude": -89.50414}, {"playDate": "2018-04-23T21:34:25.000+0000", "artistId": 123079, "songId": 80694401, "state": "KY", "style": "ELECTRO - DANCE", "latitude": 37.822292, "longitude": -85.76824}, {"playDate": "2018-04-23T21:38:30.000+0000", "artistId": 123079, "songId": 80694401, "state": "MD", "style": "ELECTRO - DANCE", "latitude": 38.80635, "longitude": -77.26842}, {"playDate": "2018-04-23T21:38:53.000+0000", "artistId": 123079, "songId": 52789501, "state": "MA", "style": "ELECTRO - DANCE", "latitude": 42.06294, "longitude": -71.71806}, {"playDate": "2018-04-23T21:40:53.000+0000", "artistId": 123079, "songId": 52789501, "state": "MA", "style": "ELECTRO - DANCE", "latitude": 42.06294, "longitude": -71.71806}, {"playDate": "2018-04-23T21:40:56.000+0000", "artistId": 123079, "songId": 89141302, "state": "KS", "style": "ELECTRO - DANCE", "latitude": 38.49878, "longitude": -98.320076}, {"playDate": "2018-04-23T21:43:30.000+0000", "artistId": 123079, "songId": 80694401, "state": "WI", "style": "ELECTRO - DANCE", "latitude": 44.786297, "longitude": -89.826706}, {"playDate": "2018-04-23T21:45:17.000+0000", "artistId": 123079, "songId": 52789501, "state": "MA", "style": "ELECTRO - DANCE", "latitude": 42.06294, "longitude": -71.71806}, {"playDate": "2018-04-23T21:45:25.000+0000", "artistId": 123079, "songId": 80694401, "state": "CA", "style": "ELECTRO - DANCE", "latitude": 37.271873, "longitude": -119.27042}, {"playDate": "2018-04-23T21:45:55.000+0000", "artistId": 123079, "songId": 80694401, "state": "ND", "style": "ELECTRO - DANCE", "latitude": 47.46788, "longitude": -100.30227}, {"playDate": "2018-04-23T21:46:22.000+0000", "artistId": 123079, "songId": 80694401, "state": "FL", "style": "ELECTRO - DANCE", "latitude": 27.975727, "longitude": -83.833015}, {"playDate": "2018-04-23T21:46:26.000+0000", "artistId": 123079, "songId": 80694401, "state": "QC", "style": "ELECTRO - DANCE", "latitude": 49.82258, "longitude": -64.34799}, {"playDate": "2018-04-23T21:48:22.000+0000", "artistId": 123079, "songId": 80694401, "state": "IL", "style": "ELECTRO - DANCE", "latitude": 39.73932, "longitude": -89.50414}, {"playDate": "2018-04-23T21:49:30.000+0000", "artistId": 123079, "songId": 27933702, "state": "IL", "style": "ELECTRO - DANCE", "latitude": 39.73932, "longitude": -89.50414}, {"playDate": "2018-04-23T21:50:48.000+0000", "artistId": 123079, "songId": 80694401, "state": "WA", "style": "ELECTRO - DANCE", "latitude": 38.89935, "longitude": -77.014565}, {"playDate": "2018-04-23T21:53:28.000+0000", "artistId": 123079, "songId": 27933702, "state": "WI", "style": "ELECTRO - DANCE", "latitude": 44.786297, "longitude": -89.826706}, {"playDate": "2018-04-23T21:54:10.000+0000", "artistId": 123079, "songId": 80694403, "state": "WI", "style": "ELECTRO - DANCE", "latitude": 44.786297, "longitude": -89.826706}, {"playDate": "2018-04-23T21:54:54.000+0000", "artistId": 123079, "songId": 52789501, "state": "MN", "style": "ELECTRO - DANCE", "latitude": 46.44186, "longitude": -93.36552}, {"playDate": "2018-04-23T21:56:13.000+0000", "artistId": 123079, "songId": 52789501, "state": "ND", "style": "ELECTRO - DANCE", "latitude": 47.46788, "longitude": -100.30227}, {"playDate": "2018-04-23T21:57:08.000+0000", "artistId": 123079, "songId": 80694401, "state": "CA", "style": "ELECTRO - DANCE", "latitude": 37.271873, "longitude": -119.27042}, {"playDate": "2018-04-23T21:58:00.000+0000", "artistId": 123079, "songId": 80694403, "state": "NC", "style": "ELECTRO - DANCE", "latitude": 35.21456, "longitude": -79.891266}, {"playDate": "2018-04-23T21:58:44.000+0000", "artistId": 123079, "songId": 74827606, "state": "KS", "style": "ELECTRO - DANCE", "latitude": 38.49878, "longitude": -98.320076}, {"playDate": "2018-04-23T21:58:45.000+0000", "artistId": 123079, "songId": 48751306, "state": "FL", "style": "ELECTRO - DANCE", "latitude": 27.975727, "longitude": -83.833015}, {"playDate": "2018-04-23T21:59:26.000+0000", "artistId": 123079, "songId": 80694401, "state": "MO", "style": "ELECTRO - DANCE", "latitude": 38.30466, "longitude": -92.437096}, {"playDate": "2018-04-23T22:01:13.000+0000", "artistId": 123079, "songId": 52789501, "state": "FL", "style": "ELECTRO - DANCE", "latitude": 27.975727, "longitude": -83.833015}, {"playDate": "2018-04-23T22:02:08.000+0000", "artistId": 123079, "songId": 80694401, "state": "TX", "style": "ELECTRO - DANCE", "latitude": 31.169336, "longitude": -100.07684}, {"playDate": "2018-04-23T22:02:32.000+0000", "artistId": 123079, "songId": 80694401, "state": "ON", "style": "ELECTRO - DANCE", "latitude": 44.566647, "longitude": -80.84998}, {"playDate": "2018-04-23T22:02:59.000+0000", "artistId": 123079, "songId": 52789501, "state": "IN", "style": "ELECTRO - DANCE", "latitude": 39.76622, "longitude": -86.44128}, {"playDate": "2018-04-23T22:08:57.000+0000", "artistId": 123079, "songId": 80694403, "state": "NC", "style": "ELECTRO - DANCE", "latitude": 35.21456, "longitude": -79.891266}, {"playDate": "2018-04-23T22:12:09.000+0000", "artistId": 123079, "songId": 27933701, "state": "WI", "style": "ELECTRO - DANCE", "latitude": 44.786297, "longitude": -89.826706}, {"playDate": "2018-04-23T22:13:06.000+0000", "artistId": 123079, "songId": 80694401, "state": "CT", "style": "ELECTRO - DANCE", "latitude": 41.518784, "longitude": -72.75751}, {"playDate": "2018-04-23T22:15:40.000+0000", "artistId": 123079, "songId": 27933702, "state": "OH", "style": "ELECTRO - DANCE", "latitude": 40.19036, "longitude": -82.66925}, {"playDate": "2018-04-23T22:15:48.000+0000", "artistId": 123079, "songId": 80694402, "state": "TX", "style": "ELECTRO - DANCE", "latitude": 31.169336, "longitude": -100.07684}, {"playDate": "2018-04-23T22:15:59.000+0000", "artistId": 123079, "songId": 52789501, "state": "NJ", "style": "ELECTRO - DANCE", "latitude": 40.143005, "longitude": -74.73112}, {"playDate": "2018-04-23T22:16:30.000+0000", "artistId": 123079, "songId": 80694403, "state": "MN", "style": "ELECTRO - DANCE", "latitude": 46.44186, "longitude": -93.36552}, {"playDate": "2018-04-23T22:17:21.000+0000", "artistId": 123079, "songId": 37778501, "state": "MN", "style": "ELECTRO - DANCE", "latitude": 46.44186, "longitude": -93.36552}, {"playDate": "2018-04-23T22:19:45.000+0000", "artistId": 123079, "songId": 80694401, "state": "PA", "style": "ELECTRO - DANCE", "latitude": 40.994595, "longitude": -77.6047}, {"playDate": "2018-04-23T22:20:34.000+0000", "artistId": 123079, "songId": 52789501, "state": "IL", "style": "ELECTRO - DANCE", "latitude": 39.73932, "longitude": -89.50414}, {"playDate": "2018-04-23T22:21:40.000+0000", "artistId": 123079, "songId": 80694403, "state": "SC", "style": "ELECTRO - DANCE", "latitude": 33.62505, "longitude": -80.94704}, {"playDate": "2018-04-23T22:21:41.000+0000", "artistId": 123079, "songId": 52789501, "state": "ON", "style": "ELECTRO - DANCE", "latitude": 44.566647, "longitude": -80.84998}, {"playDate": "2018-04-23T22:21:46.000+0000", "artistId": 123079, "songId": 27933702, "state": "FL", "style": "ELECTRO - DANCE", "latitude": 27.975727, "longitude": -83.833015}, {"playDate": "2018-04-23T22:22:09.000+0000", "artistId": 123079, "songId": 52789501, "state": "NC", "style": "ELECTRO - DANCE", "latitude": 35.21456, "longitude": -79.891266}, {"playDate": "2018-04-23T22:23:49.000+0000", "artistId": 123079, "songId": 80694401, "state": "MA", "style": "ELECTRO - DANCE", "latitude": 42.06294, "longitude": -71.71806}, {"playDate": "2018-04-23T22:24:02.000+0000", "artistId": 123079, "songId": 80694404, "state": "CA", "style": "ELECTRO - DANCE", "latitude": 37.271873, "longitude": -119.27042}, {"playDate": "2018-04-23T22:24:10.000+0000", "artistId": 123079, "songId": 27933702, "state": "IN", "style": "ELECTRO - DANCE", "latitude": 39.76622, "longitude": -86.44128}, {"playDate": "2018-04-23T22:28:54.000+0000", "artistId": 123079, "songId": 27933702, "state": "NJ", "style": "ELECTRO - DANCE", "latitude": 40.143005, "longitude": -74.73112}, {"playDate": "2018-04-23T22:29:42.000+0000", "artistId": 123079, "songId": 80694401, "state": "QC", "style": "ELECTRO - DANCE", "latitude": 49.82258, "longitude": -64.34799}, {"playDate": "2018-04-23T22:30:53.000+0000", "artistId": 123079, "songId": 27933702, "state": "MO", "style": "ELECTRO - DANCE", "latitude": 38.30466, "longitude": -92.437096}, {"playDate": "2018-04-23T22:31:19.000+0000", "artistId": 123079, "songId": 52789501, "state": "NJ", "style": "ELECTRO - DANCE", "latitude": 40.143005, "longitude": -74.73112}, {"playDate": "2018-04-23T22:33:11.000+0000", "artistId": 123079, "songId": 38156901, "state": "PA", "style": "ELECTRO - DANCE", "latitude": 40.994595, "longitude": -77.6047}, {"playDate": "2018-04-23T22:33:26.000+0000", "artistId": 123079, "songId": 52789501, "state": "AZ", "style": "ELECTRO - DANCE", "latitude": 34.168217, "longitude": -111.93091}, {"playDate": "2018-04-23T22:33:41.000+0000", "artistId": 123079, "songId": 80694404, "state": "TN", "style": "ELECTRO - DANCE", "latitude": 35.83052, "longitude": -85.9786}, {"playDate": "2018-04-23T22:36:12.000+0000", "artistId": 123079, "songId": 78104604, "state": "TN", "style": "ELECTRO - DANCE", "latitude": 35.83052, "longitude": -85.9786}, {"playDate": "2018-04-23T22:36:53.000+0000", "artistId": 123079, "songId": 80694401, "state": "TX", "style": "ELECTRO - DANCE", "latitude": 31.169336, "longitude": -100.07684}, {"playDate": "2018-04-23T22:36:55.000+0000", "artistId": 123079, "songId": 80694403, "state": "TX", "style": "ELECTRO - DANCE", "latitude": 31.169336, "longitude": -100.07684}, {"playDate": "2018-04-23T22:39:04.000+0000", "artistId": 123079, "songId": 74827606, "state": "VA", "style": "ELECTRO - DANCE", "latitude": 38.003384, "longitude": -79.458786}, {"playDate": "2018-04-23T22:39:48.000+0000", "artistId": 123079, "songId": 15154402, "state": "TX", "style": "ELECTRO - DANCE", "latitude": 31.169336, "longitude": -100.07684}, {"playDate": "2018-04-23T22:45:56.000+0000", "artistId": 123079, "songId": 38151401, "state": "FL", "style": "ELECTRO - DANCE", "latitude": 27.975727, "longitude": -83.833015}, {"playDate": "2018-04-23T22:48:57.000+0000", "artistId": 123079, "songId": 80694401, "state": "MI", "style": "ELECTRO - DANCE", "latitude": 44.94356, "longitude": -86.4158}, {"playDate": "2018-04-23T22:49:51.000+0000", "artistId": 123079, "songId": 52789501, "state": "MA", "style": "ELECTRO - DANCE", "latitude": 42.06294, "longitude": -71.71806}, {"playDate": "2018-04-23T22:49:54.000+0000", "artistId": 123079, "songId": 52789501, "state": "CA", "style": "ELECTRO - DANCE", "latitude": 37.271873, "longitude": -119.27042}, {"playDate": "2018-04-23T22:57:42.000+0000", "artistId": 123079, "songId": 80694403, "state": "NY", "style": "ELECTRO - DANCE", "latitude": 40.705627, "longitude": -73.97968}, {"playDate": "2018-04-23T22:58:33.000+0000", "artistId": 123079, "songId": 89141302, "state": "WI", "style": "ELECTRO - DANCE", "latitude": 44.786297, "longitude": -89.826706}, {"playDate": "2018-04-23T22:58:35.000+0000", "artistId": 123079, "songId": 52789501, "state": "IL", "style": "ELECTRO - DANCE", "latitude": 39.73932, "longitude": -89.50414}, {"playDate": "2018-04-23T22:58:45.000+0000", "artistId": 123079, "songId": 80694404, "state": "TN", "style": "ELECTRO - DANCE", "latitude": 35.83052, "longitude": -85.9786}, {"playDate": "2018-04-23T22:59:07.000+0000", "artistId": 123079, "songId": 37272106, "state": "WA", "style": "ELECTRO - DANCE", "latitude": 38.89935, "longitude": -77.014565}, {"playDate": "2018-04-23T22:59:25.000+0000", "artistId": 123079, "songId": 80694401, "state": "OH", "style": "ELECTRO - DANCE", "latitude": 40.19036, "longitude": -82.66925}, {"playDate": "2018-04-23T23:03:39.000+0000", "artistId": 123079, "songId": 80694401, "state": "NY", "style": "ELECTRO - DANCE", "latitude": 40.705627, "longitude": -73.97968}, {"playDate": "2018-04-23T23:04:59.000+0000", "artistId": 123079, "songId": 80694401, "state": "IL", "style": "ELECTRO - DANCE", "latitude": 39.73932, "longitude": -89.50414}, {"playDate": "2018-04-23T23:06:28.000+0000", "artistId": 123079, "songId": 80694406, "state": "PA", "style": "ELECTRO - DANCE", "latitude": 40.994595, "longitude": -77.6047}, {"playDate": "2018-04-23T23:06:35.000+0000", "artistId": 123079, "songId": 80694401, "state": "MN", "style": "ELECTRO - DANCE", "latitude": 46.44186, "longitude": -93.36552}, {"playDate": "2018-04-23T23:06:44.000+0000", "artistId": 123079, "songId": 80694401, "state": "OH", "style": "ELECTRO - DANCE", "latitude": 40.19036, "longitude": -82.66925}, {"playDate": "2018-04-23T23:08:40.000+0000", "artistId": 123079, "songId": 80694401, "state": "ON", "style": "ELECTRO - DANCE", "latitude": 44.566647, "longitude": -80.84998}, {"playDate": "2018-04-23T23:09:09.000+0000", "artistId": 123079, "songId": 37541301, "state": "NC", "style": "POP", "latitude": 35.21456, "longitude": -79.891266}, {"playDate": "2018-04-23T23:09:23.000+0000", "artistId": 123079, "songId": 74827601, "state": "ON", "style": "ELECTRO - DANCE", "latitude": 44.566647, "longitude": -80.84998}, {"playDate": "2018-04-23T23:09:39.000+0000", "artistId": 123079, "songId": 15154402, "state": "MA", "style": "ELECTRO - DANCE", "latitude": 42.06294, "longitude": -71.71806}, {"playDate": "2018-04-23T23:09:48.000+0000", "artistId": 123079, "songId": 80694404, "state": "VA", "style": "ELECTRO - DANCE", "latitude": 38.003384, "longitude": -79.458786}, {"playDate": "2018-04-23T23:13:00.000+0000", "artistId": 123079, "songId": 80694403, "state": "TX", "style": "ELECTRO - DANCE", "latitude": 31.169336, "longitude": -100.07684}, {"playDate": "2018-04-23T23:13:26.000+0000", "artistId": 123079, "songId": 52789501, "state": "OH", "style": "ELECTRO - DANCE", "latitude": 40.19036, "longitude": -82.66925}, {"playDate": "2018-04-23T23:13:50.000+0000", "artistId": 123079, "songId": 27933702, "state": "MT", "style": "ELECTRO - DANCE", "latitude": 46.6798, "longitude": -110.044785}, {"playDate": "2018-04-23T23:14:35.000+0000", "artistId": 123079, "songId": 27933702, "state": "CA", "style": "ELECTRO - DANCE", "latitude": 37.271873, "longitude": -119.27042}, {"playDate": "2018-04-23T23:15:46.000+0000", "artistId": 123079, "songId": 38156901, "state": "MA", "style": "ELECTRO - DANCE", "latitude": 42.06294, "longitude": -71.71806}, {"playDate": "2018-04-23T23:16:54.000+0000", "artistId": 123079, "songId": 48751306, "state": "IL", "style": "ELECTRO - DANCE", "latitude": 39.73932, "longitude": -89.50414}, {"playDate": "2018-04-23T23:17:48.000+0000", "artistId": 123079, "songId": 38156901, "state": "FL", "style": "ELECTRO - DANCE", "latitude": 27.975727, "longitude": -83.833015}, {"playDate": "2018-04-23T23:18:19.000+0000", "artistId": 123079, "songId": 80694401, "state": "IL", "style": "ELECTRO - DANCE", "latitude": 39.73932, "longitude": -89.50414}, {"playDate": "2018-04-23T23:18:36.000+0000", "artistId": 123079, "songId": 52789501, "state": "CA", "style": "ELECTRO - DANCE", "latitude": 37.271873, "longitude": -119.27042}, {"playDate": "2018-04-23T23:20:42.000+0000", "artistId": 123079, "songId": 80694403, "state": "CT", "style": "ELECTRO - DANCE", "latitude": 41.518784, "longitude": -72.75751}, {"playDate": "2018-04-23T23:22:35.000+0000", "artistId": 123079, "songId": 80694401, "state": "FL", "style": "ELECTRO - DANCE", "latitude": 27.975727, "longitude": -83.833015}, {"playDate": "2018-04-23T23:23:20.000+0000", "artistId": 123079, "songId": 80694401, "state": "IL", "style": "ELECTRO - DANCE", "latitude": 39.73932, "longitude": -89.50414}, {"playDate": "2018-04-23T23:24:23.000+0000", "artistId": 123079, "songId": 27933702, "state": "IL", "style": "ELECTRO - DANCE", "latitude": 39.73932, "longitude": -89.50414}, {"playDate": "2018-04-23T23:24:37.000+0000", "artistId": 123079, "songId": 52789501, "state": "PA", "style": "ELECTRO - DANCE", "latitude": 40.994595, "longitude": -77.6047}, {"playDate": "2018-04-23T23:24:58.000+0000", "artistId": 123079, "songId": 89141302, "state": "FL", "style": "ELECTRO - DANCE", "latitude": 27.975727, "longitude": -83.833015}, {"playDate": "2018-04-23T23:26:08.000+0000", "artistId": 123079, "songId": 65279702, "state": "IL", "style": "ELECTRO - PROGRESSIVE HOUSE", "latitude": 39.73932, "longitude": -89.50414}, {"playDate": "2018-04-23T23:27:12.000+0000", "artistId": 123079, "songId": 80694401, "state": "IN", "style": "ELECTRO - DANCE", "latitude": 39.76622, "longitude": -86.44128}, {"playDate": "2018-04-23T23:28:05.000+0000", "artistId": 123079, "songId": 80694401, "state": "IL", "style": "ELECTRO - DANCE", "latitude": 39.73932, "longitude": -89.50414}, {"playDate": "2018-04-23T23:28:33.000+0000", "artistId": 123079, "songId": 52789501, "state": "VA", "style": "ELECTRO - DANCE", "latitude": 38.003384, "longitude": -79.458786}, {"playDate": "2018-04-23T23:28:46.000+0000", "artistId": 123079, "songId": 52789501, "state": "MA", "style": "ELECTRO - DANCE", "latitude": 42.06294, "longitude": -71.71806}, {"playDate": "2018-04-23T23:29:09.000+0000", "artistId": 123079, "songId": 27933701, "state": "GA", "style": "ELECTRO - DANCE", "latitude": 32.678123, "longitude": -83.22298}, {"playDate": "2018-04-23T23:29:33.000+0000", "artistId": 123079, "songId": 27933702, "state": "MN", "style": "ELECTRO - DANCE", "latitude": 46.44186, "longitude": -93.36552}, {"playDate": "2018-04-23T23:30:27.000+0000", "artistId": 123079, "songId": 80694401, "state": "OH", "style": "ELECTRO - DANCE", "latitude": 40.19036, "longitude": -82.66925}, {"playDate": "2018-04-23T23:30:30.000+0000", "artistId": 123079, "songId": 74827606, "state": "NY", "style": "ELECTRO - DANCE", "latitude": 40.705627, "longitude": -73.97968}, {"playDate": "2018-04-23T23:35:20.000+0000", "artistId": 123079, "songId": 80694403, "state": "OH", "style": "ELECTRO - DANCE", "latitude": 40.19036, "longitude": -82.66925}, {"playDate": "2018-04-23T23:36:09.000+0000", "artistId": 123079, "songId": 74827606, "state": "FL", "style": "ELECTRO - DANCE", "latitude": 27.975727, "longitude": -83.833015}, {"playDate": "2018-04-23T23:38:34.000+0000", "artistId": 123079, "songId": 37686802, "state": "FL", "style": "ELECTRO - DANCE", "latitude": 27.975727, "longitude": -83.833015}, {"playDate": "2018-04-23T23:39:08.000+0000", "artistId": 123079, "songId": 37272101, "state": "TX", "style": "ELECTRO - DANCE", "latitude": 31.169336, "longitude": -100.07684}, {"playDate": "2018-04-23T23:39:17.000+0000", "artistId": 123079, "songId": 80694403, "state": "IL", "style": "ELECTRO - DANCE", "latitude": 39.73932, "longitude": -89.50414}, {"playDate": "2018-04-23T23:39:29.000+0000", "artistId": 123079, "songId": 80694402, "state": "FL", "style": "ELECTRO - DANCE", "latitude": 27.975727, "longitude": -83.833015}, {"playDate": "2018-04-23T23:43:22.000+0000", "artistId": 123079, "songId": 80694401, "state": "IL", "style": "ELECTRO - DANCE", "latitude": 39.73932, "longitude": -89.50414}, {"playDate": "2018-04-23T23:45:39.000+0000", "artistId": 123079, "songId": 74827606, "state": "IL", "style": "ELECTRO - DANCE", "latitude": 39.73932, "longitude": -89.50414}, {"playDate": "2018-04-23T23:48:08.000+0000", "artistId": 123079, "songId": 27933701, "state": "OR", "style": "ELECTRO - DANCE", "latitude": 44.141907, "longitude": -120.5381}, {"playDate": "2018-04-23T23:48:19.000+0000", "artistId": 123079, "songId": 52789501, "state": "IN", "style": "ELECTRO - DANCE", "latitude": 39.76622, "longitude": -86.44128}, {"playDate": "2018-04-23T23:51:15.000+0000", "artistId": 123079, "songId": 27933702, "state": "FL", "style": "ELECTRO - DANCE", "latitude": 27.975727, "longitude": -83.833015}, {"playDate": "2018-04-23T23:51:46.000+0000", "artistId": 123079, "songId": 80694401, "state": "FL", "style": "ELECTRO - DANCE", "latitude": 27.975727, "longitude": -83.833015}, {"playDate": "2018-04-23T23:52:27.000+0000", "artistId": 123079, "songId": 52789501, "state": "IL", "style": "ELECTRO - DANCE", "latitude": 39.73932, "longitude": -89.50414}, {"playDate": "2018-04-23T23:52:50.000+0000", "artistId": 123079, "songId": 37039301, "state": "TN", "style": "ELECTRO - DANCE", "latitude": 35.83052, "longitude": -85.9786}, {"playDate": "2018-04-23T23:54:03.000+0000", "artistId": 123079, "songId": 74827606, "state": "IA", "style": "ELECTRO - DANCE", "latitude": 41.938316, "longitude": -93.3898}, {"playDate": "2018-04-23T23:54:16.000+0000", "artistId": 123079, "songId": 52789501, "state": "MA", "style": "ELECTRO - DANCE", "latitude": 42.06294, "longitude": -71.71806}, {"playDate": "2018-04-23T23:54:39.000+0000", "artistId": 123079, "songId": 80694401, "state": "WI", "style": "ELECTRO - DANCE", "latitude": 44.786297, "longitude": -89.826706}, {"playDate": "2018-04-23T23:54:58.000+0000", "artistId": 123079, "songId": 80694404, "state": "QC", "style": "ELECTRO - DANCE", "latitude": 49.82258, "longitude": -64.34799}, {"playDate": "2018-04-23T23:56:45.000+0000", "artistId": 123079, "songId": 52789501, "state": "MA", "style": "ELECTRO - DANCE", "latitude": 42.06294, "longitude": -71.71806}, {"playDate": "2018-04-23T23:57:39.000+0000", "artistId": 123079, "songId": 78104604, "state": "FL", "style": "ELECTRO - DANCE", "latitude": 27.975727, "longitude": -83.833015}], "totalRecordsCount": 564}