{"plays": [{"playDate": "2018-09-18T00:00:10.000+0000", "artistId": 552, "songId": 16103701, "state": "FL", "style": "ROCK", "latitude": 27.975727, "longitude": -83.833015}, {"playDate": "2018-09-18T00:01:22.000+0000", "artistId": 552, "songId": 6126508, "state": "WA", "style": "ROCK", "latitude": 38.89935, "longitude": -77.014565}, {"playDate": "2018-09-18T00:02:22.000+0000", "artistId": 552, "songId": 6126517, "state": "TX", "style": "ROCK", "latitude": 31.169336, "longitude": -100.07684}, {"playDate": "2018-09-18T00:02:31.000+0000", "artistId": 552, "songId": 56181309, "state": "TN", "style": "ROCK", "latitude": 35.83052, "longitude": -85.9786}, {"playDate": "2018-09-18T00:04:24.000+0000", "artistId": 552, "songId": 16103701, "state": "NC", "style": "ROCK", "latitude": 35.21456, "longitude": -79.891266}, {"playDate": "2018-09-18T00:04:43.000+0000", "artistId": 552, "songId": 6126512, "state": "IL", "style": "ROCK", "latitude": 39.73932, "longitude": -89.50414}, {"playDate": "2018-09-18T00:05:47.000+0000", "artistId": 552, "songId": 6126506, "state": "KS", "style": "ROCK", "latitude": 38.49878, "longitude": -98.320076}, {"playDate": "2018-09-18T00:05:55.000+0000", "artistId": 552, "songId": 6126503, "state": "MA", "style": "ROCK", "latitude": 42.06294, "longitude": -71.71806}, {"playDate": "2018-09-18T00:06:36.000+0000", "artistId": 552, "songId": 16106511, "state": "IL", "style": "ROCK", "latitude": 39.73932, "longitude": -89.50414}, {"playDate": "2018-09-18T00:08:42.000+0000", "artistId": 552, "songId": 6126506, "state": "ON", "style": "ROCK", "latitude": 44.566647, "longitude": -80.84998}, {"playDate": "2018-09-18T00:09:38.000+0000", "artistId": 552, "songId": 16123301, "state": "WA", "style": "ROCK", "latitude": 38.89935, "longitude": -77.014565}, {"playDate": "2018-09-18T00:11:30.000+0000", "artistId": 552, "songId": 16103702, "state": "OR", "style": "ROCK", "latitude": 44.141907, "longitude": -120.5381}, {"playDate": "2018-09-18T00:11:49.000+0000", "artistId": 552, "songId": 6126503, "state": "TX", "style": "ROCK", "latitude": 31.169336, "longitude": -100.07684}, {"playDate": "2018-09-18T00:13:26.000+0000", "artistId": 552, "songId": 16110407, "state": "CT", "style": "ROCK", "latitude": 41.518784, "longitude": -72.75751}, {"playDate": "2018-09-18T00:14:02.000+0000", "artistId": 552, "songId": 6126506, "state": "NM", "style": "ROCK", "latitude": 34.166233, "longitude": -106.02607}, {"playDate": "2018-09-18T00:14:40.000+0000", "artistId": 552, "songId": 6126503, "state": "TX", "style": "ROCK", "latitude": 31.169336, "longitude": -100.07684}, {"playDate": "2018-09-18T00:14:44.000+0000", "artistId": 552, "songId": 6126506, "state": "IL", "style": "ROCK", "latitude": 39.73932, "longitude": -89.50414}, {"playDate": "2018-09-18T00:15:04.000+0000", "artistId": 552, "songId": 6126517, "state": "QC", "style": "ROCK", "latitude": 49.82258, "longitude": -64.34799}, {"playDate": "2018-09-18T00:15:28.000+0000", "artistId": 552, "songId": 6126503, "state": "IL", "style": "ROCK", "latitude": 39.73932, "longitude": -89.50414}, {"playDate": "2018-09-18T00:15:58.000+0000", "artistId": 552, "songId": 16106401, "state": "AZ", "style": "ROCK", "latitude": 34.168217, "longitude": -111.93091}], "totalRecordsCount": 1757}