{"plays": [{"playDate": "2018-09-02T00:00:02.000+0000", "artistId": 552, "songId": 6126503, "state": "VA", "style": "ROCK", "latitude": 38.003384, "longitude": -79.458786}, {"playDate": "2018-09-02T00:00:28.000+0000", "artistId": 552, "songId": 92680501, "state": "IL", "style": "ROCK", "latitude": 39.73932, "longitude": -89.50414}, {"playDate": "2018-09-02T00:01:53.000+0000", "artistId": 552, "songId": 6126506, "state": "TN", "style": "ROCK", "latitude": 35.83052, "longitude": -85.9786}, {"playDate": "2018-09-02T00:02:15.000+0000", "artistId": 552, "songId": 6126508, "state": "MN", "style": "ROCK", "latitude": 46.44186, "longitude": -93.36552}, {"playDate": "2018-09-02T00:02:52.000+0000", "artistId": 552, "songId": 16103701, "state": "FL", "style": "ROCK", "latitude": 27.975727, "longitude": -83.833015}, {"playDate": "2018-09-02T00:02:55.000+0000", "artistId": 552, "songId": 6126501, "state": "FL", "style": "ROCK", "latitude": 27.975727, "longitude": -83.833015}, {"playDate": "2018-09-02T00:03:25.000+0000", "artistId": 552, "songId": 6126506, "state": "IL", "style": "ROCK", "latitude": 39.73932, "longitude": -89.50414}, {"playDate": "2018-09-02T00:03:55.000+0000", "artistId": 552, "songId": 6126503, "state": "ON", "style": "ROCK", "latitude": 44.566647, "longitude": -80.84998}, {"playDate": "2018-09-02T00:03:55.000+0000", "artistId": 552, "songId": 6126503, "state": "ON", "style": "ROCK", "latitude": 44.566647, "longitude": -80.84998}, {"playDate": "2018-09-02T00:04:04.000+0000", "artistId": 552, "songId": 6126515, "state": "VA", "style": "ROCK", "latitude": 38.003384, "longitude": -79.458786}, {"playDate": "2018-09-02T00:04:11.000+0000", "artistId": 552, "songId": 6131102, "state": "OH", "style": "ROCK", "latitude": 40.19036, "longitude": -82.66925}, {"playDate": "2018-09-02T00:04:44.000+0000", "artistId": 552, "songId": 6126503, "state": "VA", "style": "ROCK", "latitude": 38.003384, "longitude": -79.458786}, {"playDate": "2018-09-02T00:04:49.000+0000", "artistId": 552, "songId": 56181319, "state": "PA", "style": "ROCK", "latitude": 40.994595, "longitude": -77.6047}, {"playDate": "2018-09-02T00:04:49.000+0000", "artistId": 552, "songId": 56181319, "state": "PA", "style": "ROCK", "latitude": 40.994595, "longitude": -77.6047}, {"playDate": "2018-09-02T00:05:11.000+0000", "artistId": 552, "songId": 6126506, "state": "FL", "style": "ROCK", "latitude": 27.975727, "longitude": -83.833015}, {"playDate": "2018-09-02T00:05:32.000+0000", "artistId": 552, "songId": 31754620, "state": "IN", "style": "ROCK", "latitude": 39.76622, "longitude": -86.44128}, {"playDate": "2018-09-02T00:06:01.000+0000", "artistId": 552, "songId": 6126505, "state": "PA", "style": "ROCK", "latitude": 40.994595, "longitude": -77.6047}, {"playDate": "2018-09-02T00:06:40.000+0000", "artistId": 552, "songId": 6126505, "state": "OH", "style": "ROCK", "latitude": 40.19036, "longitude": -82.66925}, {"playDate": "2018-09-02T00:07:13.000+0000", "artistId": 552, "songId": 78950416, "state": "TX", "style": "ROCK", "latitude": 31.169336, "longitude": -100.07684}, {"playDate": "2018-09-02T00:07:34.000+0000", "artistId": 552, "songId": 56181304, "state": "NV", "style": "ROCK", "latitude": 38.502033, "longitude": -117.02306}], "totalRecordsCount": 2055}