{"plays": [{"playDate": "2018-09-06T00:00:05.000+0000", "artistId": 552, "songId": 6126505, "state": "AL", "style": "ROCK", "latitude": 32.60101, "longitude": -86.68073}, {"playDate": "2018-09-06T00:00:05.000+0000", "artistId": 552, "songId": 6126505, "state": "AL", "style": "ROCK", "latitude": 32.60101, "longitude": -86.68073}, {"playDate": "2018-09-06T00:00:51.000+0000", "artistId": 552, "songId": 6126504, "state": "KY", "style": "ROCK", "latitude": 37.822292, "longitude": -85.76824}, {"playDate": "2018-09-06T00:01:28.000+0000", "artistId": 552, "songId": 16103702, "state": "CA", "style": "ROCK", "latitude": 37.271873, "longitude": -119.27042}, {"playDate": "2018-09-06T00:02:06.000+0000", "artistId": 552, "songId": 6126515, "state": "QC", "style": "ROCK", "latitude": 49.82258, "longitude": -64.34799}, {"playDate": "2018-09-06T00:02:33.000+0000", "artistId": 552, "songId": 6126506, "state": "WA", "style": "ROCK", "latitude": 38.89935, "longitude": -77.014565}, {"playDate": "2018-09-06T00:02:35.000+0000", "artistId": 552, "songId": 16106511, "state": "IL", "style": "ROCK", "latitude": 39.73932, "longitude": -89.50414}, {"playDate": "2018-09-06T00:02:47.000+0000", "artistId": 552, "songId": 6126504, "state": "ON", "style": "ROCK", "latitude": 44.566647, "longitude": -80.84998}, {"playDate": "2018-09-06T00:02:59.000+0000", "artistId": 552, "songId": 6126508, "state": "PA", "style": "ROCK", "latitude": 40.994595, "longitude": -77.6047}, {"playDate": "2018-09-06T00:03:42.000+0000", "artistId": 552, "songId": 16106511, "state": "MD", "style": "ROCK", "latitude": 38.80635, "longitude": -77.26842}, {"playDate": "2018-09-06T00:03:46.000+0000", "artistId": 552, "songId": 6126506, "state": "PA", "style": "ROCK", "latitude": 40.994595, "longitude": -77.6047}, {"playDate": "2018-09-06T00:04:09.000+0000", "artistId": 552, "songId": 6126506, "state": "WI", "style": "ROCK", "latitude": 44.786297, "longitude": -89.826706}, {"playDate": "2018-09-06T00:04:33.000+0000", "artistId": 552, "songId": 56181309, "state": "NC", "style": "ROCK", "latitude": 35.21456, "longitude": -79.891266}, {"playDate": "2018-09-06T00:04:43.000+0000", "artistId": 552, "songId": 16106511, "state": "NY", "style": "ROCK", "latitude": 40.705627, "longitude": -73.97968}, {"playDate": "2018-09-06T00:05:15.000+0000", "artistId": 552, "songId": 6126506, "state": "FL", "style": "ROCK", "latitude": 27.975727, "longitude": -83.833015}, {"playDate": "2018-09-06T00:05:19.000+0000", "artistId": 552, "songId": 6126504, "state": "AZ", "style": "ROCK", "latitude": 34.168217, "longitude": -111.93091}, {"playDate": "2018-09-06T00:05:58.000+0000", "artistId": 552, "songId": 6126515, "state": "FL", "style": "ROCK", "latitude": 27.975727, "longitude": -83.833015}, {"playDate": "2018-09-06T00:05:59.000+0000", "artistId": 552, "songId": 78950405, "state": "LA", "style": "ROCK", "latitude": 30.973377, "longitude": -91.42991}, {"playDate": "2018-09-06T00:06:30.000+0000", "artistId": 552, "songId": 6126517, "state": "CO", "style": "ROCK", "latitude": 38.997932, "longitude": -105.55057}, {"playDate": "2018-09-06T00:07:30.000+0000", "artistId": 552, "songId": 56181304, "state": "CA", "style": "ROCK", "latitude": 37.271873, "longitude": -119.27042}], "totalRecordsCount": 1795}