{"plays": [{"playDate": "2018-09-28T00:00:32.000+0000", "artistId": 552, "songId": 6126508, "state": "SC", "style": "ROCK", "latitude": 33.62505, "longitude": -80.94704}, {"playDate": "2018-09-28T00:00:34.000+0000", "artistId": 552, "songId": 16103702, "state": "OH", "style": "ROCK", "latitude": 40.19036, "longitude": -82.66925}, {"playDate": "2018-09-28T00:00:35.000+0000", "artistId": 552, "songId": 6126506, "state": "IL", "style": "ROCK", "latitude": 39.73932, "longitude": -89.50414}, {"playDate": "2018-09-28T00:01:20.000+0000", "artistId": 552, "songId": 16123301, "state": "UT", "style": "ROCK", "latitude": 39.49976, "longitude": -111.54703}, {"playDate": "2018-09-28T00:01:48.000+0000", "artistId": 552, "songId": 6126517, "state": "GA", "style": "ROCK", "latitude": 32.678123, "longitude": -83.22298}, {"playDate": "2018-09-28T00:02:03.000+0000", "artistId": 552, "songId": 6126503, "state": "IN", "style": "ROCK", "latitude": 39.76622, "longitude": -86.44128}, {"playDate": "2018-09-28T00:02:10.000+0000", "artistId": 552, "songId": 6126506, "state": "TX", "style": "ROCK", "latitude": 31.169336, "longitude": -100.07684}, {"playDate": "2018-09-28T00:02:58.000+0000", "artistId": 552, "songId": 16106601, "state": "QC", "style": "ROCK", "latitude": 49.82258, "longitude": -64.34799}, {"playDate": "2018-09-28T00:03:12.000+0000", "artistId": 552, "songId": 6126517, "state": "QC", "style": "ROCK", "latitude": 49.82258, "longitude": -64.34799}, {"playDate": "2018-09-28T00:03:16.000+0000", "artistId": 552, "songId": 6126506, "state": "MN", "style": "ROCK", "latitude": 46.44186, "longitude": -93.36552}, {"playDate": "2018-09-28T00:03:53.000+0000", "artistId": 552, "songId": 6126517, "state": "WI", "style": "ROCK", "latitude": 44.786297, "longitude": -89.826706}, {"playDate": "2018-09-28T00:04:01.000+0000", "artistId": 552, "songId": 16103702, "state": "MA", "style": "ROCK", "latitude": 42.06294, "longitude": -71.71806}, {"playDate": "2018-09-28T00:04:35.000+0000", "artistId": 552, "songId": 6126515, "state": "MN", "style": "ROCK", "latitude": 46.44186, "longitude": -93.36552}, {"playDate": "2018-09-28T00:05:11.000+0000", "artistId": 552, "songId": 16106511, "state": "WI", "style": "ROCK", "latitude": 44.786297, "longitude": -89.826706}, {"playDate": "2018-09-28T00:05:38.000+0000", "artistId": 552, "songId": 16106511, "state": "NY", "style": "ROCK", "latitude": 40.705627, "longitude": -73.97968}, {"playDate": "2018-09-28T00:06:24.000+0000", "artistId": 552, "songId": 56181302, "state": "IN", "style": "ROCK", "latitude": 39.76622, "longitude": -86.44128}, {"playDate": "2018-09-28T00:06:25.000+0000", "artistId": 552, "songId": 6126506, "state": "OH", "style": "ROCK", "latitude": 40.19036, "longitude": -82.66925}, {"playDate": "2018-09-28T00:07:50.000+0000", "artistId": 552, "songId": 16106511, "state": "FL", "style": "ROCK", "latitude": 27.975727, "longitude": -83.833015}, {"playDate": "2018-09-28T00:08:03.000+0000", "artistId": 552, "songId": 6126517, "state": "IL", "style": "ROCK", "latitude": 39.73932, "longitude": -89.50414}, {"playDate": "2018-09-28T00:08:23.000+0000", "artistId": 552, "songId": 56181309, "state": "FL", "style": "ROCK", "latitude": 27.975727, "longitude": -83.833015}], "totalRecordsCount": 2222}