{"plays": [{"playDate": "2018-09-03T00:04:28.000+0000", "artistId": 552, "songId": 6126508, "state": "MN", "style": "ROCK", "latitude": 46.44186, "longitude": -93.36552}, {"playDate": "2018-09-03T00:04:57.000+0000", "artistId": 552, "songId": 6126506, "state": "SD", "style": "ROCK", "latitude": 44.2127, "longitude": -100.24716}, {"playDate": "2018-09-03T00:05:15.000+0000", "artistId": 552, "songId": 6126504, "state": "PA", "style": "ROCK", "latitude": 40.994595, "longitude": -77.6047}, {"playDate": "2018-09-03T00:05:31.000+0000", "artistId": 552, "songId": 16106511, "state": "MI", "style": "ROCK", "latitude": 44.94356, "longitude": -86.4158}, {"playDate": "2018-09-03T00:05:38.000+0000", "artistId": 552, "songId": 16106511, "state": "WI", "style": "ROCK", "latitude": 44.786297, "longitude": -89.826706}, {"playDate": "2018-09-03T00:06:11.000+0000", "artistId": 552, "songId": 6126506, "state": "MD", "style": "ROCK", "latitude": 38.80635, "longitude": -77.26842}, {"playDate": "2018-09-03T00:07:34.000+0000", "artistId": 552, "songId": 78950405, "state": "NY", "style": "ROCK", "latitude": 40.705627, "longitude": -73.97968}, {"playDate": "2018-09-03T00:08:40.000+0000", "artistId": 552, "songId": 6126506, "state": "WI", "style": "ROCK", "latitude": 44.786297, "longitude": -89.826706}, {"playDate": "2018-09-03T00:09:05.000+0000", "artistId": 552, "songId": 6126508, "state": "AZ", "style": "ROCK", "latitude": 34.168217, "longitude": -111.93091}, {"playDate": "2018-09-03T00:09:16.000+0000", "artistId": 552, "songId": 16106511, "state": "FL", "style": "ROCK", "latitude": 27.975727, "longitude": -83.833015}, {"playDate": "2018-09-03T00:09:32.000+0000", "artistId": 552, "songId": 16123301, "state": "FL", "style": "ROCK", "latitude": 27.975727, "longitude": -83.833015}, {"playDate": "2018-09-03T00:12:00.000+0000", "artistId": 552, "songId": 6126508, "state": "KS", "style": "ROCK", "latitude": 38.49878, "longitude": -98.320076}, {"playDate": "2018-09-03T00:12:11.000+0000", "artistId": 552, "songId": 6126506, "state": "NY", "style": "ROCK", "latitude": 40.705627, "longitude": -73.97968}, {"playDate": "2018-09-03T00:13:06.000+0000", "artistId": 552, "songId": 16103701, "state": "OH", "style": "ROCK", "latitude": 40.19036, "longitude": -82.66925}, {"playDate": "2018-09-03T00:14:25.000+0000", "artistId": 552, "songId": 16106511, "state": "MA", "style": "ROCK", "latitude": 42.06294, "longitude": -71.71806}, {"playDate": "2018-09-03T00:14:49.000+0000", "artistId": 552, "songId": 6126506, "state": "FL", "style": "ROCK", "latitude": 27.975727, "longitude": -83.833015}, {"playDate": "2018-09-03T00:15:10.000+0000", "artistId": 552, "songId": 16106511, "state": "PA", "style": "ROCK", "latitude": 40.994595, "longitude": -77.6047}, {"playDate": "2018-09-03T00:15:30.000+0000", "artistId": 552, "songId": 6126506, "state": "IN", "style": "ROCK", "latitude": 39.76622, "longitude": -86.44128}, {"playDate": "2018-09-03T00:15:31.000+0000", "artistId": 552, "songId": 6126503, "state": "TX", "style": "ROCK", "latitude": 31.169336, "longitude": -100.07684}, {"playDate": "2018-09-03T00:16:04.000+0000", "artistId": 552, "songId": 92680501, "state": "QC", "style": "ROCK", "latitude": 49.82258, "longitude": -64.34799}], "totalRecordsCount": 1720}