{"plays": [{"playDate": "2018-09-04T00:00:14.000+0000", "artistId": 552, "songId": 16123301, "state": "WA", "style": "ROCK", "latitude": 38.89935, "longitude": -77.014565}, {"playDate": "2018-09-04T00:01:34.000+0000", "artistId": 552, "songId": 6126501, "state": "IL", "style": "ROCK", "latitude": 39.73932, "longitude": -89.50414}, {"playDate": "2018-09-04T00:02:41.000+0000", "artistId": 552, "songId": 6126504, "state": "CA", "style": "ROCK", "latitude": 37.271873, "longitude": -119.27042}, {"playDate": "2018-09-04T00:03:37.000+0000", "artistId": 552, "songId": 6126517, "state": "ID", "style": "ROCK", "latitude": 45.494576, "longitude": -114.14243}, {"playDate": "2018-09-04T00:04:28.000+0000", "artistId": 552, "songId": 6131109, "state": "OH", "style": "ROCK", "latitude": 40.19036, "longitude": -82.66925}, {"playDate": "2018-09-04T00:07:10.000+0000", "artistId": 552, "songId": 6126503, "state": "WA", "style": "ROCK", "latitude": 38.89935, "longitude": -77.014565}, {"playDate": "2018-09-04T00:09:43.000+0000", "artistId": 552, "songId": 16123301, "state": "MN", "style": "ROCK", "latitude": 46.44186, "longitude": -93.36552}, {"playDate": "2018-09-04T00:10:49.000+0000", "artistId": 552, "songId": 16123306, "state": "WI", "style": "ROCK", "latitude": 44.786297, "longitude": -89.826706}, {"playDate": "2018-09-04T00:12:48.000+0000", "artistId": 552, "songId": 16106410, "state": "GA", "style": "ROCK", "latitude": 32.678123, "longitude": -83.22298}, {"playDate": "2018-09-04T00:12:55.000+0000", "artistId": 552, "songId": 16106511, "state": "NC", "style": "ROCK", "latitude": 35.21456, "longitude": -79.891266}, {"playDate": "2018-09-04T00:13:21.000+0000", "artistId": 552, "songId": 16106511, "state": "TN", "style": "ROCK", "latitude": 35.83052, "longitude": -85.9786}, {"playDate": "2018-09-04T00:14:16.000+0000", "artistId": 552, "songId": 16103701, "state": "MN", "style": "ROCK", "latitude": 46.44186, "longitude": -93.36552}, {"playDate": "2018-09-04T00:14:56.000+0000", "artistId": 552, "songId": 6126517, "state": "IL", "style": "ROCK", "latitude": 39.73932, "longitude": -89.50414}, {"playDate": "2018-09-04T00:15:39.000+0000", "artistId": 552, "songId": 6126517, "state": "CO", "style": "ROCK", "latitude": 38.997932, "longitude": -105.55057}, {"playDate": "2018-09-04T00:16:18.000+0000", "artistId": 552, "songId": 6126515, "state": "MI", "style": "ROCK", "latitude": 44.94356, "longitude": -86.4158}, {"playDate": "2018-09-04T00:17:28.000+0000", "artistId": 552, "songId": 6126506, "state": "NY", "style": "ROCK", "latitude": 40.705627, "longitude": -73.97968}, {"playDate": "2018-09-04T00:17:40.000+0000", "artistId": 552, "songId": 16106511, "state": "TX", "style": "ROCK", "latitude": 31.169336, "longitude": -100.07684}, {"playDate": "2018-09-04T00:17:40.000+0000", "artistId": 552, "songId": 16106511, "state": "TX", "style": "ROCK", "latitude": 31.169336, "longitude": -100.07684}, {"playDate": "2018-09-04T00:19:26.000+0000", "artistId": 552, "songId": 56181302, "state": "IN", "style": "ROCK", "latitude": 39.76622, "longitude": -86.44128}, {"playDate": "2018-09-04T00:19:34.000+0000", "artistId": 552, "songId": 6126506, "state": "WI", "style": "ROCK", "latitude": 44.786297, "longitude": -89.826706}], "totalRecordsCount": 1554}