{"plays": [{"playDate": "2018-09-10T00:00:34.000+0000", "artistId": 552, "songId": 6126506, "state": "TX", "style": "ROCK", "latitude": 31.169336, "longitude": -100.07684}, {"playDate": "2018-09-10T00:01:23.000+0000", "artistId": 552, "songId": 16103702, "state": "KS", "style": "ROCK", "latitude": 38.49878, "longitude": -98.320076}, {"playDate": "2018-09-10T00:01:26.000+0000", "artistId": 552, "songId": 16103702, "state": "FL", "style": "ROCK", "latitude": 27.975727, "longitude": -83.833015}, {"playDate": "2018-09-10T00:01:34.000+0000", "artistId": 552, "songId": 6131102, "state": "NY", "style": "ROCK", "latitude": 40.705627, "longitude": -73.97968}, {"playDate": "2018-09-10T00:01:44.000+0000", "artistId": 552, "songId": 6126506, "state": "PA", "style": "ROCK", "latitude": 40.994595, "longitude": -77.6047}, {"playDate": "2018-09-10T00:02:42.000+0000", "artistId": 552, "songId": 6126501, "state": "AZ", "style": "ROCK", "latitude": 34.168217, "longitude": -111.93091}, {"playDate": "2018-09-10T00:02:45.000+0000", "artistId": 552, "songId": 6126505, "state": "FL", "style": "ROCK", "latitude": 27.975727, "longitude": -83.833015}, {"playDate": "2018-09-10T00:04:30.000+0000", "artistId": 552, "songId": 16103705, "state": "OH", "style": "ROCK", "latitude": 40.19036, "longitude": -82.66925}, {"playDate": "2018-09-10T00:05:16.000+0000", "artistId": 552, "songId": 6126506, "state": "PA", "style": "ROCK", "latitude": 40.994595, "longitude": -77.6047}, {"playDate": "2018-09-10T00:05:51.000+0000", "artistId": 552, "songId": 6126508, "state": "IL", "style": "ROCK", "latitude": 39.73932, "longitude": -89.50414}, {"playDate": "2018-09-10T00:06:15.000+0000", "artistId": 552, "songId": 6126517, "state": "ME", "style": "ROCK", "latitude": 45.218513, "longitude": -69.01486}, {"playDate": "2018-09-10T00:07:02.000+0000", "artistId": 552, "songId": 16106511, "state": "SC", "style": "ROCK", "latitude": 33.62505, "longitude": -80.94704}, {"playDate": "2018-09-10T00:07:07.000+0000", "artistId": 552, "songId": 6126506, "state": "TX", "style": "ROCK", "latitude": 31.169336, "longitude": -100.07684}, {"playDate": "2018-09-10T00:07:17.000+0000", "artistId": 552, "songId": 16106511, "state": "TX", "style": "ROCK", "latitude": 31.169336, "longitude": -100.07684}, {"playDate": "2018-09-10T00:08:39.000+0000", "artistId": 552, "songId": 6126506, "state": "AL", "style": "ROCK", "latitude": 32.60101, "longitude": -86.68073}, {"playDate": "2018-09-10T00:08:50.000+0000", "artistId": 552, "songId": 6126506, "state": "FL", "style": "ROCK", "latitude": 27.975727, "longitude": -83.833015}, {"playDate": "2018-09-10T00:09:16.000+0000", "artistId": 552, "songId": 6126504, "state": "IL", "style": "ROCK", "latitude": 39.73932, "longitude": -89.50414}, {"playDate": "2018-09-10T00:09:41.000+0000", "artistId": 552, "songId": 16106511, "state": "TN", "style": "ROCK", "latitude": 35.83052, "longitude": -85.9786}, {"playDate": "2018-09-10T00:09:47.000+0000", "artistId": 552, "songId": 6126515, "state": "OH", "style": "ROCK", "latitude": 40.19036, "longitude": -82.66925}, {"playDate": "2018-09-10T00:10:53.000+0000", "artistId": 552, "songId": 6126506, "state": "CO", "style": "ROCK", "latitude": 38.997932, "longitude": -105.55057}], "totalRecordsCount": 1458}