{"plays": [{"playDate": "2018-09-19T00:00:45.000+0000", "artistId": 552, "songId": 6126506, "state": "MD", "style": "ROCK", "latitude": 38.80635, "longitude": -77.26842}, {"playDate": "2018-09-19T00:01:34.000+0000", "artistId": 552, "songId": 6126506, "state": "AZ", "style": "ROCK", "latitude": 34.168217, "longitude": -111.93091}, {"playDate": "2018-09-19T00:01:46.000+0000", "artistId": 552, "songId": 16103701, "state": "WI", "style": "ROCK", "latitude": 44.786297, "longitude": -89.826706}, {"playDate": "2018-09-19T00:02:03.000+0000", "artistId": 552, "songId": 6126504, "state": "IL", "style": "ROCK", "latitude": 39.73932, "longitude": -89.50414}, {"playDate": "2018-09-19T00:03:11.000+0000", "artistId": 552, "songId": 78950405, "state": "TN", "style": "ROCK", "latitude": 35.83052, "longitude": -85.9786}, {"playDate": "2018-09-19T00:03:19.000+0000", "artistId": 552, "songId": 56181304, "state": "NJ", "style": "ROCK", "latitude": 40.143005, "longitude": -74.73112}, {"playDate": "2018-09-19T00:03:58.000+0000", "artistId": 552, "songId": 16106511, "state": "OR", "style": "ROCK", "latitude": 44.141907, "longitude": -120.5381}, {"playDate": "2018-09-19T00:04:42.000+0000", "artistId": 552, "songId": 6126506, "state": "WI", "style": "ROCK", "latitude": 44.786297, "longitude": -89.826706}, {"playDate": "2018-09-19T00:05:08.000+0000", "artistId": 552, "songId": 16106511, "state": "IN", "style": "ROCK", "latitude": 39.76622, "longitude": -86.44128}, {"playDate": "2018-09-19T00:05:34.000+0000", "artistId": 552, "songId": 6126515, "state": "MO", "style": "ROCK", "latitude": 38.30466, "longitude": -92.437096}, {"playDate": "2018-09-19T00:05:39.000+0000", "artistId": 552, "songId": 6126508, "state": "SD", "style": "ROCK", "latitude": 44.2127, "longitude": -100.24716}, {"playDate": "2018-09-19T00:05:41.000+0000", "artistId": 552, "songId": 56181304, "state": "MS", "style": "ROCK", "latitude": 32.585106, "longitude": -89.87722}, {"playDate": "2018-09-19T00:06:21.000+0000", "artistId": 552, "songId": 6126504, "state": "WI", "style": "ROCK", "latitude": 44.786297, "longitude": -89.826706}, {"playDate": "2018-09-19T00:07:14.000+0000", "artistId": 552, "songId": 16106511, "state": "OH", "style": "ROCK", "latitude": 40.19036, "longitude": -82.66925}, {"playDate": "2018-09-19T00:07:43.000+0000", "artistId": 552, "songId": 16106401, "state": "ON", "style": "ROCK", "latitude": 44.566647, "longitude": -80.84998}, {"playDate": "2018-09-19T00:08:51.000+0000", "artistId": 552, "songId": 6126506, "state": "AR", "style": "ROCK", "latitude": 34.751926, "longitude": -92.13138}, {"playDate": "2018-09-19T00:10:47.000+0000", "artistId": 552, "songId": 6126506, "state": "IN", "style": "ROCK", "latitude": 39.76622, "longitude": -86.44128}, {"playDate": "2018-09-19T00:14:15.000+0000", "artistId": 552, "songId": 6126506, "state": "WA", "style": "ROCK", "latitude": 38.89935, "longitude": -77.014565}, {"playDate": "2018-09-19T00:15:02.000+0000", "artistId": 552, "songId": 16106511, "state": "NJ", "style": "ROCK", "latitude": 40.143005, "longitude": -74.73112}, {"playDate": "2018-09-19T00:15:58.000+0000", "artistId": 552, "songId": 6126508, "state": "TN", "style": "ROCK", "latitude": 35.83052, "longitude": -85.9786}], "totalRecordsCount": 1753}