{"plays": [{"playDate": "2018-09-11T00:01:27.000+0000", "artistId": 552, "songId": 6126506, "state": "IN", "style": "ROCK", "latitude": 39.76622, "longitude": -86.44128}, {"playDate": "2018-09-11T00:02:16.000+0000", "artistId": 552, "songId": 6126506, "state": "MS", "style": "ROCK", "latitude": 32.585106, "longitude": -89.87722}, {"playDate": "2018-09-11T00:02:33.000+0000", "artistId": 552, "songId": 6126506, "state": "CA", "style": "ROCK", "latitude": 37.271873, "longitude": -119.27042}, {"playDate": "2018-09-11T00:03:02.000+0000", "artistId": 552, "songId": 6126506, "state": "AB", "style": "ROCK", "latitude": 53.016697, "longitude": -112.816635}, {"playDate": "2018-09-11T00:03:27.000+0000", "artistId": 552, "songId": 56181304, "state": "IN", "style": "ROCK", "latitude": 39.76622, "longitude": -86.44128}, {"playDate": "2018-09-11T00:06:21.000+0000", "artistId": 552, "songId": 16103702, "state": "GA", "style": "ROCK", "latitude": 32.678123, "longitude": -83.22298}, {"playDate": "2018-09-11T00:06:41.000+0000", "artistId": 552, "songId": 6126506, "state": "CA", "style": "ROCK", "latitude": 37.271873, "longitude": -119.27042}, {"playDate": "2018-09-11T00:06:58.000+0000", "artistId": 552, "songId": 6126504, "state": "WA", "style": "ROCK", "latitude": 38.89935, "longitude": -77.014565}, {"playDate": "2018-09-11T00:07:37.000+0000", "artistId": 552, "songId": 6126508, "state": "IA", "style": "ROCK", "latitude": 41.938316, "longitude": -93.3898}, {"playDate": "2018-09-11T00:07:51.000+0000", "artistId": 552, "songId": 6126509, "state": "NE", "style": "ROCK", "latitude": 41.50082, "longitude": -99.6809}, {"playDate": "2018-09-11T00:10:12.000+0000", "artistId": 552, "songId": 6126506, "state": "FL", "style": "ROCK", "latitude": 27.975727, "longitude": -83.833015}, {"playDate": "2018-09-11T00:10:56.000+0000", "artistId": 552, "songId": 6126503, "state": "WI", "style": "ROCK", "latitude": 44.786297, "longitude": -89.826706}, {"playDate": "2018-09-11T00:13:28.000+0000", "artistId": 552, "songId": 6126508, "state": "OH", "style": "ROCK", "latitude": 40.19036, "longitude": -82.66925}, {"playDate": "2018-09-11T00:13:28.000+0000", "artistId": 552, "songId": 6126508, "state": "OH", "style": "ROCK", "latitude": 40.19036, "longitude": -82.66925}, {"playDate": "2018-09-11T00:14:12.000+0000", "artistId": 552, "songId": 6126506, "state": "FL", "style": "ROCK", "latitude": 27.975727, "longitude": -83.833015}, {"playDate": "2018-09-11T00:14:41.000+0000", "artistId": 552, "songId": 6126501, "state": "WI", "style": "ROCK", "latitude": 44.786297, "longitude": -89.826706}, {"playDate": "2018-09-11T00:17:50.000+0000", "artistId": 552, "songId": 6126515, "state": "OH", "style": "ROCK", "latitude": 40.19036, "longitude": -82.66925}, {"playDate": "2018-09-11T00:17:51.000+0000", "artistId": 552, "songId": 16106511, "state": "GA", "style": "ROCK", "latitude": 32.678123, "longitude": -83.22298}, {"playDate": "2018-09-11T00:18:10.000+0000", "artistId": 552, "songId": 16106511, "state": "TX", "style": "ROCK", "latitude": 31.169336, "longitude": -100.07684}, {"playDate": "2018-09-11T00:18:52.000+0000", "artistId": 552, "songId": 6126503, "state": "MO", "style": "ROCK", "latitude": 38.30466, "longitude": -92.437096}], "totalRecordsCount": 1636}