{"plays": [{"playDate": "2018-10-08T00:00:31.000+0000", "artistId": 552, "songId": 6126517, "state": "WA", "style": "ROCK", "latitude": 38.89935, "longitude": -77.014565}, {"playDate": "2018-10-08T00:00:39.000+0000", "artistId": 552, "songId": 6126506, "state": "FL", "style": "ROCK", "latitude": 27.975727, "longitude": -83.833015}, {"playDate": "2018-10-08T00:00:43.000+0000", "artistId": 552, "songId": 6126505, "state": "AR", "style": "ROCK", "latitude": 34.751926, "longitude": -92.13138}, {"playDate": "2018-10-08T00:01:08.000+0000", "artistId": 552, "songId": 6126508, "state": "CA", "style": "ROCK", "latitude": 37.271873, "longitude": -119.27042}, {"playDate": "2018-10-08T00:01:45.000+0000", "artistId": 552, "songId": 6126506, "state": "WI", "style": "ROCK", "latitude": 44.786297, "longitude": -89.826706}, {"playDate": "2018-10-08T00:02:48.000+0000", "artistId": 552, "songId": 6126517, "state": "CT", "style": "ROCK", "latitude": 41.518784, "longitude": -72.75751}, {"playDate": "2018-10-08T00:03:23.000+0000", "artistId": 552, "songId": 6126503, "state": "NE", "style": "ROCK", "latitude": 41.50082, "longitude": -99.6809}, {"playDate": "2018-10-08T00:04:02.000+0000", "artistId": 552, "songId": 6126517, "state": "TN", "style": "ROCK", "latitude": 35.83052, "longitude": -85.9786}, {"playDate": "2018-10-08T00:04:19.000+0000", "artistId": 552, "songId": 6126505, "state": "NY", "style": "ROCK", "latitude": 40.705627, "longitude": -73.97968}, {"playDate": "2018-10-08T00:05:16.000+0000", "artistId": 552, "songId": 6126503, "state": "MN", "style": "ROCK", "latitude": 46.44186, "longitude": -93.36552}, {"playDate": "2018-10-08T00:05:28.000+0000", "artistId": 552, "songId": 16106511, "state": "OH", "style": "ROCK", "latitude": 40.19036, "longitude": -82.66925}, {"playDate": "2018-10-08T00:06:04.000+0000", "artistId": 552, "songId": 6126503, "state": "FL", "style": "ROCK", "latitude": 27.975727, "longitude": -83.833015}, {"playDate": "2018-10-08T00:07:04.000+0000", "artistId": 552, "songId": 6126506, "state": "IL", "style": "ROCK", "latitude": 39.73932, "longitude": -89.50414}, {"playDate": "2018-10-08T00:07:10.000+0000", "artistId": 552, "songId": 6126504, "state": "CT", "style": "ROCK", "latitude": 41.518784, "longitude": -72.75751}, {"playDate": "2018-10-08T00:09:05.000+0000", "artistId": 552, "songId": 6126506, "state": "OH", "style": "ROCK", "latitude": 40.19036, "longitude": -82.66925}, {"playDate": "2018-10-08T00:10:18.000+0000", "artistId": 552, "songId": 6126509, "state": "WI", "style": "ROCK", "latitude": 44.786297, "longitude": -89.826706}, {"playDate": "2018-10-08T00:12:19.000+0000", "artistId": 552, "songId": 16103717, "state": "WI", "style": "ROCK", "latitude": 44.786297, "longitude": -89.826706}, {"playDate": "2018-10-08T00:12:23.000+0000", "artistId": 552, "songId": 6126508, "state": "TX", "style": "ROCK", "latitude": 31.169336, "longitude": -100.07684}, {"playDate": "2018-10-08T00:13:11.000+0000", "artistId": 552, "songId": 6126517, "state": "NY", "style": "ROCK", "latitude": 40.705627, "longitude": -73.97968}, {"playDate": "2018-10-08T00:14:14.000+0000", "artistId": 552, "songId": 16103702, "state": "VA", "style": "ROCK", "latitude": 38.003384, "longitude": -79.458786}], "totalRecordsCount": 1647}