{"plays": [{"playDate": "2018-10-11T00:00:14.000+0000", "artistId": 552, "songId": 16106511, "state": "IL", "style": "ROCK", "latitude": 39.73932, "longitude": -89.50414}, {"playDate": "2018-10-11T00:01:09.000+0000", "artistId": 552, "songId": 6126501, "state": "MB", "style": "ROCK", "latitude": 50.150024, "longitude": -96.88332}, {"playDate": "2018-10-11T00:01:25.000+0000", "artistId": 552, "songId": 16106511, "state": "TX", "style": "ROCK", "latitude": 31.169336, "longitude": -100.07684}, {"playDate": "2018-10-11T00:01:31.000+0000", "artistId": 552, "songId": 16106511, "state": "OH", "style": "ROCK", "latitude": 40.19036, "longitude": -82.66925}, {"playDate": "2018-10-11T00:01:41.000+0000", "artistId": 552, "songId": 16106511, "state": "AZ", "style": "ROCK", "latitude": 34.168217, "longitude": -111.93091}, {"playDate": "2018-10-11T00:01:49.000+0000", "artistId": 552, "songId": 16201708, "state": "IL", "style": "ROCK", "latitude": 39.73932, "longitude": -89.50414}, {"playDate": "2018-10-11T00:02:37.000+0000", "artistId": 552, "songId": 16106511, "state": "HI", "style": "ROCK", "latitude": 20.46, "longitude": -157.505}, {"playDate": "2018-10-11T00:03:14.000+0000", "artistId": 552, "songId": 6126503, "state": "MA", "style": "ROCK", "latitude": 42.06294, "longitude": -71.71806}, {"playDate": "2018-10-11T00:04:21.000+0000", "artistId": 552, "songId": 78950410, "state": "PA", "style": "ROCK", "latitude": 40.994595, "longitude": -77.6047}, {"playDate": "2018-10-11T00:04:24.000+0000", "artistId": 552, "songId": 16115209, "state": "WI", "style": "ROCK", "latitude": 44.786297, "longitude": -89.826706}, {"playDate": "2018-10-11T00:04:27.000+0000", "artistId": 552, "songId": 16103702, "state": "MO", "style": "ROCK", "latitude": 38.30466, "longitude": -92.437096}, {"playDate": "2018-10-11T00:04:38.000+0000", "artistId": 552, "songId": 16103501, "state": "IL", "style": "ROCK", "latitude": 39.73932, "longitude": -89.50414}, {"playDate": "2018-10-11T00:04:43.000+0000", "artistId": 552, "songId": 16106511, "state": "MA", "style": "ROCK", "latitude": 42.06294, "longitude": -71.71806}, {"playDate": "2018-10-11T00:06:05.000+0000", "artistId": 552, "songId": 6126503, "state": "SD", "style": "ROCK", "latitude": 44.2127, "longitude": -100.24716}, {"playDate": "2018-10-11T00:06:54.000+0000", "artistId": 552, "songId": 6131109, "state": "IL", "style": "ROCK", "latitude": 39.73932, "longitude": -89.50414}, {"playDate": "2018-10-11T00:07:09.000+0000", "artistId": 552, "songId": 6126501, "state": "CA", "style": "ROCK", "latitude": 37.271873, "longitude": -119.27042}, {"playDate": "2018-10-11T00:07:42.000+0000", "artistId": 552, "songId": 6126504, "state": "VT", "style": "ROCK", "latitude": 43.871754, "longitude": -72.447784}, {"playDate": "2018-10-11T00:08:31.000+0000", "artistId": 552, "songId": 16106511, "state": "TX", "style": "ROCK", "latitude": 31.169336, "longitude": -100.07684}, {"playDate": "2018-10-11T00:08:34.000+0000", "artistId": 552, "songId": 6126509, "state": "IL", "style": "ROCK", "latitude": 39.73932, "longitude": -89.50414}, {"playDate": "2018-10-11T00:09:08.000+0000", "artistId": 552, "songId": 6126515, "state": "CT", "style": "ROCK", "latitude": 41.518784, "longitude": -72.75751}], "totalRecordsCount": 1985}