{"plays": [{"playDate": "2018-10-23T00:00:34.000+0000", "artistId": 552, "songId": 6126504, "state": "WA", "style": "ROCK", "latitude": 38.89935, "longitude": -77.014565}, {"playDate": "2018-10-23T00:00:53.000+0000", "artistId": 552, "songId": 16106511, "state": "IL", "style": "ROCK", "latitude": 39.73932, "longitude": -89.50414}, {"playDate": "2018-10-23T00:01:54.000+0000", "artistId": 552, "songId": 56181302, "state": "MB", "style": "ROCK", "latitude": 50.150024, "longitude": -96.88332}, {"playDate": "2018-10-23T00:02:54.000+0000", "artistId": 552, "songId": 16106511, "state": "FL", "style": "ROCK", "latitude": 27.975727, "longitude": -83.833015}, {"playDate": "2018-10-23T00:03:18.000+0000", "artistId": 552, "songId": 6126501, "state": "CA", "style": "ROCK", "latitude": 37.271873, "longitude": -119.27042}, {"playDate": "2018-10-23T00:03:53.000+0000", "artistId": 552, "songId": 16106511, "state": "FL", "style": "ROCK", "latitude": 27.975727, "longitude": -83.833015}, {"playDate": "2018-10-23T00:03:59.000+0000", "artistId": 552, "songId": 6126506, "state": "OR", "style": "ROCK", "latitude": 44.141907, "longitude": -120.5381}, {"playDate": "2018-10-23T00:04:12.000+0000", "artistId": 552, "songId": 6131109, "state": "MA", "style": "ROCK", "latitude": 42.06294, "longitude": -71.71806}, {"playDate": "2018-10-23T00:04:21.000+0000", "artistId": 552, "songId": 16123301, "state": "OR", "style": "ROCK", "latitude": 44.141907, "longitude": -120.5381}, {"playDate": "2018-10-23T00:04:43.000+0000", "artistId": 552, "songId": 16103702, "state": "MN", "style": "ROCK", "latitude": 46.44186, "longitude": -93.36552}, {"playDate": "2018-10-23T00:05:52.000+0000", "artistId": 552, "songId": 6131109, "state": "IL", "style": "ROCK", "latitude": 39.73932, "longitude": -89.50414}, {"playDate": "2018-10-23T00:06:34.000+0000", "artistId": 552, "songId": 6131109, "state": "FL", "style": "ROCK", "latitude": 27.975727, "longitude": -83.833015}, {"playDate": "2018-10-23T00:06:46.000+0000", "artistId": 552, "songId": 56181304, "state": "TX", "style": "ROCK", "latitude": 31.169336, "longitude": -100.07684}, {"playDate": "2018-10-23T00:07:16.000+0000", "artistId": 552, "songId": 6126506, "state": "PA", "style": "ROCK", "latitude": 40.994595, "longitude": -77.6047}, {"playDate": "2018-10-23T00:07:25.000+0000", "artistId": 552, "songId": 16102001, "state": "QC", "style": "ROCK", "latitude": 49.82258, "longitude": -64.34799}, {"playDate": "2018-10-23T00:10:12.000+0000", "artistId": 552, "songId": 6126506, "state": "PA", "style": "ROCK", "latitude": 40.994595, "longitude": -77.6047}, {"playDate": "2018-10-23T00:10:24.000+0000", "artistId": 552, "songId": 6126506, "state": "KY", "style": "ROCK", "latitude": 37.822292, "longitude": -85.76824}, {"playDate": "2018-10-23T00:10:44.000+0000", "artistId": 552, "songId": 6126506, "state": "NY", "style": "ROCK", "latitude": 40.705627, "longitude": -73.97968}, {"playDate": "2018-10-23T00:10:46.000+0000", "artistId": 552, "songId": 6126506, "state": "KY", "style": "ROCK", "latitude": 37.822292, "longitude": -85.76824}, {"playDate": "2018-10-23T00:13:26.000+0000", "artistId": 552, "songId": 16106401, "state": "MI", "style": "ROCK", "latitude": 44.94356, "longitude": -86.4158}], "totalRecordsCount": 1754}