{"plays": [{"playDate": "2018-10-07T00:00:10.000+0000", "artistId": 552, "songId": 16123301, "state": "IL", "style": "ROCK", "latitude": 39.73932, "longitude": -89.50414}, {"playDate": "2018-10-07T00:01:02.000+0000", "artistId": 552, "songId": 6126517, "state": "AK", "style": "ROCK", "latitude": 61.3025, "longitude": -158.77502}, {"playDate": "2018-10-07T00:01:08.000+0000", "artistId": 552, "songId": 6126506, "state": "WV", "style": "ROCK", "latitude": 38.92017, "longitude": -80.181694}, {"playDate": "2018-10-07T00:01:32.000+0000", "artistId": 552, "songId": 6126503, "state": "OR", "style": "ROCK", "latitude": 44.141907, "longitude": -120.5381}, {"playDate": "2018-10-07T00:02:11.000+0000", "artistId": 552, "songId": 6126506, "state": "MI", "style": "ROCK", "latitude": 44.94356, "longitude": -86.4158}, {"playDate": "2018-10-07T00:02:49.000+0000", "artistId": 552, "songId": 56181309, "state": "WI", "style": "ROCK", "latitude": 44.786297, "longitude": -89.826706}, {"playDate": "2018-10-07T00:03:00.000+0000", "artistId": 552, "songId": 6126506, "state": "MO", "style": "ROCK", "latitude": 38.30466, "longitude": -92.437096}, {"playDate": "2018-10-07T00:03:52.000+0000", "artistId": 552, "songId": 6126501, "state": "IN", "style": "ROCK", "latitude": 39.76622, "longitude": -86.44128}, {"playDate": "2018-10-07T00:03:59.000+0000", "artistId": 552, "songId": 16106511, "state": "CA", "style": "ROCK", "latitude": 37.271873, "longitude": -119.27042}, {"playDate": "2018-10-07T00:04:05.000+0000", "artistId": 552, "songId": 6126505, "state": "IL", "style": "ROCK", "latitude": 39.73932, "longitude": -89.50414}, {"playDate": "2018-10-07T00:04:20.000+0000", "artistId": 552, "songId": 6126506, "state": "NY", "style": "ROCK", "latitude": 40.705627, "longitude": -73.97968}, {"playDate": "2018-10-07T00:05:32.000+0000", "artistId": 552, "songId": 6126506, "state": "FL", "style": "ROCK", "latitude": 27.975727, "longitude": -83.833015}, {"playDate": "2018-10-07T00:05:52.000+0000", "artistId": 552, "songId": 16103702, "state": "CT", "style": "ROCK", "latitude": 41.518784, "longitude": -72.75751}, {"playDate": "2018-10-07T00:05:54.000+0000", "artistId": 552, "songId": 6126509, "state": "IL", "style": "ROCK", "latitude": 39.73932, "longitude": -89.50414}, {"playDate": "2018-10-07T00:06:05.000+0000", "artistId": 552, "songId": 56181309, "state": "CO", "style": "ROCK", "latitude": 38.997932, "longitude": -105.55057}, {"playDate": "2018-10-07T00:06:19.000+0000", "artistId": 552, "songId": 6126506, "state": "IA", "style": "ROCK", "latitude": 41.938316, "longitude": -93.3898}, {"playDate": "2018-10-07T00:06:32.000+0000", "artistId": 552, "songId": 6126501, "state": "IL", "style": "ROCK", "latitude": 39.73932, "longitude": -89.50414}, {"playDate": "2018-10-07T00:06:32.000+0000", "artistId": 552, "songId": 6126501, "state": "IL", "style": "ROCK", "latitude": 39.73932, "longitude": -89.50414}, {"playDate": "2018-10-07T00:07:38.000+0000", "artistId": 552, "songId": 6126506, "state": "IN", "style": "ROCK", "latitude": 39.76622, "longitude": -86.44128}, {"playDate": "2018-10-07T00:08:54.000+0000", "artistId": 552, "songId": 6126506, "state": "MN", "style": "ROCK", "latitude": 46.44186, "longitude": -93.36552}], "totalRecordsCount": 1680}