{"plays": [{"playDate": "2018-10-06T00:00:22.000+0000", "artistId": 552, "songId": 6126506, "state": "PA", "style": "ROCK", "latitude": 40.994595, "longitude": -77.6047}, {"playDate": "2018-10-06T00:00:28.000+0000", "artistId": 552, "songId": 16103701, "state": "TX", "style": "ROCK", "latitude": 31.169336, "longitude": -100.07684}, {"playDate": "2018-10-06T00:00:32.000+0000", "artistId": 552, "songId": 6126505, "state": "AZ", "style": "ROCK", "latitude": 34.168217, "longitude": -111.93091}, {"playDate": "2018-10-06T00:00:46.000+0000", "artistId": 552, "songId": 6126506, "state": "IL", "style": "ROCK", "latitude": 39.73932, "longitude": -89.50414}, {"playDate": "2018-10-06T00:00:51.000+0000", "artistId": 552, "songId": 6126506, "state": "ND", "style": "ROCK", "latitude": 47.46788, "longitude": -100.30227}, {"playDate": "2018-10-06T00:00:58.000+0000", "artistId": 552, "songId": 16106511, "state": "WI", "style": "ROCK", "latitude": 44.786297, "longitude": -89.826706}, {"playDate": "2018-10-06T00:01:02.000+0000", "artistId": 552, "songId": 16106511, "state": "GA", "style": "ROCK", "latitude": 32.678123, "longitude": -83.22298}, {"playDate": "2018-10-06T00:02:06.000+0000", "artistId": 552, "songId": 6126504, "state": "OH", "style": "ROCK", "latitude": 40.19036, "longitude": -82.66925}, {"playDate": "2018-10-06T00:02:47.000+0000", "artistId": 552, "songId": 6126506, "state": "IL", "style": "ROCK", "latitude": 39.73932, "longitude": -89.50414}, {"playDate": "2018-10-06T00:02:50.000+0000", "artistId": 552, "songId": 16106511, "state": "GA", "style": "ROCK", "latitude": 32.678123, "longitude": -83.22298}, {"playDate": "2018-10-06T00:03:37.000+0000", "artistId": 552, "songId": 6126506, "state": "IA", "style": "ROCK", "latitude": 41.938316, "longitude": -93.3898}, {"playDate": "2018-10-06T00:03:51.000+0000", "artistId": 552, "songId": 16106511, "state": "NY", "style": "ROCK", "latitude": 40.705627, "longitude": -73.97968}, {"playDate": "2018-10-06T00:03:53.000+0000", "artistId": 552, "songId": 16110457, "state": "MN", "style": "ROCK", "latitude": 46.44186, "longitude": -93.36552}, {"playDate": "2018-10-06T00:04:34.000+0000", "artistId": 552, "songId": 16106511, "state": "CO", "style": "ROCK", "latitude": 38.997932, "longitude": -105.55057}, {"playDate": "2018-10-06T00:04:58.000+0000", "artistId": 552, "songId": 6126506, "state": "IL", "style": "ROCK", "latitude": 39.73932, "longitude": -89.50414}, {"playDate": "2018-10-06T00:05:21.000+0000", "artistId": 552, "songId": 16103701, "state": "DE", "style": "ROCK", "latitude": 39.145252, "longitude": -75.41892}, {"playDate": "2018-10-06T00:05:34.000+0000", "artistId": 552, "songId": 16106511, "state": "OR", "style": "ROCK", "latitude": 44.141907, "longitude": -120.5381}, {"playDate": "2018-10-06T00:05:36.000+0000", "artistId": 552, "songId": 6126506, "state": "SD", "style": "ROCK", "latitude": 44.2127, "longitude": -100.24716}, {"playDate": "2018-10-06T00:05:52.000+0000", "artistId": 552, "songId": 6126517, "state": "OH", "style": "ROCK", "latitude": 40.19036, "longitude": -82.66925}, {"playDate": "2018-10-06T00:06:22.000+0000", "artistId": 552, "songId": 6126501, "state": "IA", "style": "ROCK", "latitude": 41.938316, "longitude": -93.3898}], "totalRecordsCount": 2308}