{"plays": [{"playDate": "2018-10-12T00:00:16.000+0000", "artistId": 552, "songId": 6126503, "state": "AB", "style": "ROCK", "latitude": 53.016697, "longitude": -112.816635}, {"playDate": "2018-10-12T00:01:27.000+0000", "artistId": 552, "songId": 16106212, "state": "NY", "style": "ROCK", "latitude": 40.705627, "longitude": -73.97968}, {"playDate": "2018-10-12T00:02:19.000+0000", "artistId": 552, "songId": 6126506, "state": "MN", "style": "ROCK", "latitude": 46.44186, "longitude": -93.36552}, {"playDate": "2018-10-12T00:02:51.000+0000", "artistId": 552, "songId": 6126506, "state": "OH", "style": "ROCK", "latitude": 40.19036, "longitude": -82.66925}, {"playDate": "2018-10-12T00:03:13.000+0000", "artistId": 552, "songId": 6126515, "state": "MI", "style": "ROCK", "latitude": 44.94356, "longitude": -86.4158}, {"playDate": "2018-10-12T00:03:28.000+0000", "artistId": 552, "songId": 6126506, "state": "VA", "style": "ROCK", "latitude": 38.003384, "longitude": -79.458786}, {"playDate": "2018-10-12T00:03:46.000+0000", "artistId": 552, "songId": 6126506, "state": "WI", "style": "ROCK", "latitude": 44.786297, "longitude": -89.826706}, {"playDate": "2018-10-12T00:04:00.000+0000", "artistId": 552, "songId": 6126506, "state": "MO", "style": "ROCK", "latitude": 38.30466, "longitude": -92.437096}, {"playDate": "2018-10-12T00:04:00.000+0000", "artistId": 552, "songId": 6126506, "state": "MO", "style": "ROCK", "latitude": 38.30466, "longitude": -92.437096}, {"playDate": "2018-10-12T00:04:05.000+0000", "artistId": 552, "songId": 6126506, "state": "LA", "style": "ROCK", "latitude": 30.973377, "longitude": -91.42991}, {"playDate": "2018-10-12T00:05:19.000+0000", "artistId": 552, "songId": 16115206, "state": "OK", "style": "ROCK", "latitude": 35.309765, "longitude": -98.71656}, {"playDate": "2018-10-12T00:06:16.000+0000", "artistId": 552, "songId": 16115209, "state": "WI", "style": "ROCK", "latitude": 44.786297, "longitude": -89.826706}, {"playDate": "2018-10-12T00:06:21.000+0000", "artistId": 552, "songId": 6126506, "state": "MO", "style": "ROCK", "latitude": 38.30466, "longitude": -92.437096}, {"playDate": "2018-10-12T00:07:17.000+0000", "artistId": 552, "songId": 6126505, "state": "OH", "style": "ROCK", "latitude": 40.19036, "longitude": -82.66925}, {"playDate": "2018-10-12T00:07:31.000+0000", "artistId": 552, "songId": 16110407, "state": "IA", "style": "ROCK", "latitude": 41.938316, "longitude": -93.3898}, {"playDate": "2018-10-12T00:07:44.000+0000", "artistId": 552, "songId": 6126506, "state": "WI", "style": "ROCK", "latitude": 44.786297, "longitude": -89.826706}, {"playDate": "2018-10-12T00:07:45.000+0000", "artistId": 552, "songId": 16103501, "state": "GA", "style": "ROCK", "latitude": 32.678123, "longitude": -83.22298}, {"playDate": "2018-10-12T00:07:46.000+0000", "artistId": 552, "songId": 16103702, "state": "WI", "style": "ROCK", "latitude": 44.786297, "longitude": -89.826706}, {"playDate": "2018-10-12T00:08:21.000+0000", "artistId": 552, "songId": 16201706, "state": "MI", "style": "ROCK", "latitude": 44.94356, "longitude": -86.4158}, {"playDate": "2018-10-12T00:08:29.000+0000", "artistId": 552, "songId": 16103701, "state": "WA", "style": "ROCK", "latitude": 38.89935, "longitude": -77.014565}], "totalRecordsCount": 2291}