{"plays": [{"playDate": "2018-10-27T00:00:13.000+0000", "artistId": 552, "songId": 6126502, "state": "WI", "style": "ROCK", "latitude": 44.786297, "longitude": -89.826706}, {"playDate": "2018-10-27T00:00:44.000+0000", "artistId": 552, "songId": 6126506, "state": "OH", "style": "ROCK", "latitude": 40.19036, "longitude": -82.66925}, {"playDate": "2018-10-27T00:00:52.000+0000", "artistId": 552, "songId": 6126506, "state": "WA", "style": "ROCK", "latitude": 38.89935, "longitude": -77.014565}, {"playDate": "2018-10-27T00:01:10.000+0000", "artistId": 552, "songId": 6126506, "state": "WI", "style": "ROCK", "latitude": 44.786297, "longitude": -89.826706}, {"playDate": "2018-10-27T00:01:11.000+0000", "artistId": 552, "songId": 16106511, "state": "NL", "style": "ROCK", "latitude": 49.1744, "longitude": -57.426918}, {"playDate": "2018-10-27T00:01:44.000+0000", "artistId": 552, "songId": 16123301, "state": "PA", "style": "ROCK", "latitude": 40.994595, "longitude": -77.6047}, {"playDate": "2018-10-27T00:01:45.000+0000", "artistId": 552, "songId": 33543406, "state": "MO", "style": "ROCK", "latitude": 38.30466, "longitude": -92.437096}, {"playDate": "2018-10-27T00:01:52.000+0000", "artistId": 552, "songId": 6126503, "state": "WI", "style": "ROCK", "latitude": 44.786297, "longitude": -89.826706}, {"playDate": "2018-10-27T00:01:59.000+0000", "artistId": 552, "songId": 6126501, "state": "MA", "style": "ROCK", "latitude": 42.06294, "longitude": -71.71806}, {"playDate": "2018-10-27T00:02:22.000+0000", "artistId": 552, "songId": 6126506, "state": "WI", "style": "ROCK", "latitude": 44.786297, "longitude": -89.826706}, {"playDate": "2018-10-27T00:02:37.000+0000", "artistId": 552, "songId": 16106511, "state": "PA", "style": "ROCK", "latitude": 40.994595, "longitude": -77.6047}, {"playDate": "2018-10-27T00:02:59.000+0000", "artistId": 552, "songId": 6126506, "state": "PA", "style": "ROCK", "latitude": 40.994595, "longitude": -77.6047}, {"playDate": "2018-10-27T00:03:41.000+0000", "artistId": 552, "songId": 16106504, "state": "MO", "style": "ROCK", "latitude": 38.30466, "longitude": -92.437096}, {"playDate": "2018-10-27T00:04:00.000+0000", "artistId": 552, "songId": 6126506, "state": "NE", "style": "ROCK", "latitude": 41.50082, "longitude": -99.6809}, {"playDate": "2018-10-27T00:04:14.000+0000", "artistId": 552, "songId": 6126506, "state": "AR", "style": "ROCK", "latitude": 34.751926, "longitude": -92.13138}, {"playDate": "2018-10-27T00:04:31.000+0000", "artistId": 552, "songId": 6126506, "state": "MN", "style": "ROCK", "latitude": 46.44186, "longitude": -93.36552}, {"playDate": "2018-10-27T00:04:34.000+0000", "artistId": 552, "songId": 16115201, "state": "IL", "style": "ROCK", "latitude": 39.73932, "longitude": -89.50414}, {"playDate": "2018-10-27T00:05:11.000+0000", "artistId": 552, "songId": 16106212, "state": "LA", "style": "ROCK", "latitude": 30.973377, "longitude": -91.42991}, {"playDate": "2018-10-27T00:05:38.000+0000", "artistId": 552, "songId": 16110407, "state": "OR", "style": "ROCK", "latitude": 44.141907, "longitude": -120.5381}, {"playDate": "2018-10-27T00:05:48.000+0000", "artistId": 552, "songId": 6126506, "state": "WI", "style": "ROCK", "latitude": 44.786297, "longitude": -89.826706}], "totalRecordsCount": 2437}