{"plays": [{"playDate": "2018-10-04T00:00:08.000+0000", "artistId": 552, "songId": 6126509, "state": "IL", "style": "ROCK", "latitude": 39.73932, "longitude": -89.50414}, {"playDate": "2018-10-04T00:00:11.000+0000", "artistId": 552, "songId": 6126517, "state": "NV", "style": "ROCK", "latitude": 38.502033, "longitude": -117.02306}, {"playDate": "2018-10-04T00:01:25.000+0000", "artistId": 552, "songId": 6126506, "state": "MD", "style": "ROCK", "latitude": 38.80635, "longitude": -77.26842}, {"playDate": "2018-10-04T00:02:03.000+0000", "artistId": 552, "songId": 6126517, "state": "CA", "style": "ROCK", "latitude": 37.271873, "longitude": -119.27042}, {"playDate": "2018-10-04T00:02:04.000+0000", "artistId": 552, "songId": 16106401, "state": "WI", "style": "ROCK", "latitude": 44.786297, "longitude": -89.826706}, {"playDate": "2018-10-04T00:02:17.000+0000", "artistId": 552, "songId": 6126509, "state": "IN", "style": "ROCK", "latitude": 39.76622, "longitude": -86.44128}, {"playDate": "2018-10-04T00:02:54.000+0000", "artistId": 552, "songId": 16106511, "state": "OR", "style": "ROCK", "latitude": 44.141907, "longitude": -120.5381}, {"playDate": "2018-10-04T00:03:35.000+0000", "artistId": 552, "songId": 16110407, "state": "FL", "style": "ROCK", "latitude": 27.975727, "longitude": -83.833015}, {"playDate": "2018-10-04T00:05:19.000+0000", "artistId": 552, "songId": 6126505, "state": "IA", "style": "ROCK", "latitude": 41.938316, "longitude": -93.3898}, {"playDate": "2018-10-04T00:05:36.000+0000", "artistId": 552, "songId": 16106511, "state": "IN", "style": "ROCK", "latitude": 39.76622, "longitude": -86.44128}, {"playDate": "2018-10-04T00:05:54.000+0000", "artistId": 552, "songId": 16106511, "state": "IL", "style": "ROCK", "latitude": 39.73932, "longitude": -89.50414}, {"playDate": "2018-10-04T00:07:21.000+0000", "artistId": 552, "songId": 16106401, "state": "WI", "style": "ROCK", "latitude": 44.786297, "longitude": -89.826706}, {"playDate": "2018-10-04T00:08:05.000+0000", "artistId": 552, "songId": 6126515, "state": "AZ", "style": "ROCK", "latitude": 34.168217, "longitude": -111.93091}, {"playDate": "2018-10-04T00:08:17.000+0000", "artistId": 552, "songId": 6126508, "state": "TX", "style": "ROCK", "latitude": 31.169336, "longitude": -100.07684}, {"playDate": "2018-10-04T00:08:25.000+0000", "artistId": 552, "songId": 56181304, "state": "MI", "style": "ROCK", "latitude": 44.94356, "longitude": -86.4158}, {"playDate": "2018-10-04T00:08:45.000+0000", "artistId": 552, "songId": 16106401, "state": "OK", "style": "ROCK", "latitude": 35.309765, "longitude": -98.71656}, {"playDate": "2018-10-04T00:08:48.000+0000", "artistId": 552, "songId": 16103702, "state": "NJ", "style": "ROCK", "latitude": 40.143005, "longitude": -74.73112}, {"playDate": "2018-10-04T00:08:55.000+0000", "artistId": 552, "songId": 6126503, "state": "OH", "style": "ROCK", "latitude": 40.19036, "longitude": -82.66925}, {"playDate": "2018-10-04T00:10:48.000+0000", "artistId": 552, "songId": 6126506, "state": "MI", "style": "ROCK", "latitude": 44.94356, "longitude": -86.4158}, {"playDate": "2018-10-04T00:11:02.000+0000", "artistId": 552, "songId": 16110407, "state": "CO", "style": "ROCK", "latitude": 38.997932, "longitude": -105.55057}], "totalRecordsCount": 1803}