{"plays": [{"playDate": "2018-03-10T00:00:10.000+0000", "artistId": 552, "songId": 6126503, "state": "KS", "style": "ROCK", "latitude": 38.49878, "longitude": -98.320076}, {"playDate": "2018-03-10T00:00:18.000+0000", "artistId": 552, "songId": 6126506, "state": "IA", "style": "ROCK", "latitude": 41.938316, "longitude": -93.3898}, {"playDate": "2018-03-10T00:01:07.000+0000", "artistId": 552, "songId": 6126506, "state": "QC", "style": "ROCK", "latitude": 49.82258, "longitude": -64.34799}, {"playDate": "2018-03-10T00:01:34.000+0000", "artistId": 552, "songId": 16106511, "state": "WI", "style": "ROCK", "latitude": 44.786297, "longitude": -89.826706}, {"playDate": "2018-03-10T00:01:48.000+0000", "artistId": 552, "songId": 16106214, "state": "IL", "style": "ROCK", "latitude": 39.73932, "longitude": -89.50414}, {"playDate": "2018-03-10T00:02:03.000+0000", "artistId": 552, "songId": 6126506, "state": "VA", "style": "ROCK", "latitude": 38.003384, "longitude": -79.458786}, {"playDate": "2018-03-10T00:02:04.000+0000", "artistId": 552, "songId": 6126506, "state": "WI", "style": "ROCK", "latitude": 44.786297, "longitude": -89.826706}, {"playDate": "2018-03-10T00:02:23.000+0000", "artistId": 552, "songId": 16106511, "state": "IA", "style": "ROCK", "latitude": 41.938316, "longitude": -93.3898}, {"playDate": "2018-03-10T00:03:01.000+0000", "artistId": 552, "songId": 16106511, "state": "WI", "style": "ROCK", "latitude": 44.786297, "longitude": -89.826706}, {"playDate": "2018-03-10T00:03:26.000+0000", "artistId": 552, "songId": 16106511, "state": "NC", "style": "ROCK", "latitude": 35.21456, "longitude": -79.891266}, {"playDate": "2018-03-10T00:03:36.000+0000", "artistId": 552, "songId": 6126506, "state": "MI", "style": "ROCK", "latitude": 44.94356, "longitude": -86.4158}, {"playDate": "2018-03-10T00:03:44.000+0000", "artistId": 552, "songId": 6126501, "state": "IL", "style": "ROCK", "latitude": 39.73932, "longitude": -89.50414}, {"playDate": "2018-03-10T00:03:52.000+0000", "artistId": 552, "songId": 6126504, "state": "IL", "style": "ROCK", "latitude": 39.73932, "longitude": -89.50414}, {"playDate": "2018-03-10T00:04:06.000+0000", "artistId": 552, "songId": 6131105, "state": "ID", "style": "ROCK", "latitude": 45.494576, "longitude": -114.14243}, {"playDate": "2018-03-10T00:04:32.000+0000", "artistId": 552, "songId": 16103702, "state": "NV", "style": "ROCK", "latitude": 38.502033, "longitude": -117.02306}, {"playDate": "2018-03-10T00:05:01.000+0000", "artistId": 552, "songId": 6126506, "state": "PA", "style": "ROCK", "latitude": 40.994595, "longitude": -77.6047}, {"playDate": "2018-03-10T00:05:19.000+0000", "artistId": 552, "songId": 6126517, "state": "IA", "style": "ROCK", "latitude": 41.938316, "longitude": -93.3898}, {"playDate": "2018-03-10T00:05:45.000+0000", "artistId": 552, "songId": 16106401, "state": "IN", "style": "ROCK", "latitude": 39.76622, "longitude": -86.44128}, {"playDate": "2018-03-10T00:05:47.000+0000", "artistId": 552, "songId": 6126501, "state": "MN", "style": "ROCK", "latitude": 46.44186, "longitude": -93.36552}, {"playDate": "2018-03-10T00:06:18.000+0000", "artistId": 552, "songId": 16103701, "state": "QC", "style": "ROCK", "latitude": 49.82258, "longitude": -64.34799}], "totalRecordsCount": 2498}