{"plays": [{"playDate": "2018-03-22T00:02:58.000+0000", "artistId": 552, "songId": 6126515, "state": "IL", "style": "ROCK", "latitude": 39.73932, "longitude": -89.50414}, {"playDate": "2018-03-22T00:03:05.000+0000", "artistId": 552, "songId": 6126506, "state": "SC", "style": "ROCK", "latitude": 33.62505, "longitude": -80.94704}, {"playDate": "2018-03-22T00:03:32.000+0000", "artistId": 552, "songId": 6126503, "state": "NM", "style": "ROCK", "latitude": 34.166233, "longitude": -106.02607}, {"playDate": "2018-03-22T00:03:41.000+0000", "artistId": 552, "songId": 6126506, "state": "WA", "style": "ROCK", "latitude": 38.89935, "longitude": -77.014565}, {"playDate": "2018-03-22T00:04:23.000+0000", "artistId": 552, "songId": 6126506, "state": "CO", "style": "ROCK", "latitude": 38.997932, "longitude": -105.55057}, {"playDate": "2018-03-22T00:07:19.000+0000", "artistId": 552, "songId": 16103701, "state": "CA", "style": "ROCK", "latitude": 37.271873, "longitude": -119.27042}, {"playDate": "2018-03-22T00:07:40.000+0000", "artistId": 552, "songId": 16106511, "state": "CA", "style": "ROCK", "latitude": 37.271873, "longitude": -119.27042}, {"playDate": "2018-03-22T00:08:04.000+0000", "artistId": 552, "songId": 6126506, "state": "PA", "style": "ROCK", "latitude": 40.994595, "longitude": -77.6047}, {"playDate": "2018-03-22T00:09:12.000+0000", "artistId": 552, "songId": 16123306, "state": "OH", "style": "ROCK", "latitude": 40.19036, "longitude": -82.66925}, {"playDate": "2018-03-22T00:10:52.000+0000", "artistId": 552, "songId": 6131102, "state": "FL", "style": "ROCK", "latitude": 27.975727, "longitude": -83.833015}, {"playDate": "2018-03-22T00:11:15.000+0000", "artistId": 552, "songId": 6126505, "state": "AZ", "style": "ROCK", "latitude": 34.168217, "longitude": -111.93091}, {"playDate": "2018-03-22T00:12:00.000+0000", "artistId": 552, "songId": 6126506, "state": "AZ", "style": "ROCK", "latitude": 34.168217, "longitude": -111.93091}, {"playDate": "2018-03-22T00:12:59.000+0000", "artistId": 552, "songId": 16106511, "state": "ID", "style": "ROCK", "latitude": 45.494576, "longitude": -114.14243}, {"playDate": "2018-03-22T00:13:22.000+0000", "artistId": 552, "songId": 6126506, "state": "NY", "style": "ROCK", "latitude": 40.705627, "longitude": -73.97968}, {"playDate": "2018-03-22T00:14:16.000+0000", "artistId": 552, "songId": 16106511, "state": "IL", "style": "ROCK", "latitude": 39.73932, "longitude": -89.50414}, {"playDate": "2018-03-22T00:14:22.000+0000", "artistId": 552, "songId": 6126504, "state": "QC", "style": "ROCK", "latitude": 49.82258, "longitude": -64.34799}, {"playDate": "2018-03-22T00:17:07.000+0000", "artistId": 552, "songId": 16103701, "state": "IL", "style": "ROCK", "latitude": 39.73932, "longitude": -89.50414}, {"playDate": "2018-03-22T00:18:08.000+0000", "artistId": 552, "songId": 6126506, "state": "RI", "style": "ROCK", "latitude": 41.58273, "longitude": -71.506454}, {"playDate": "2018-03-22T00:18:16.000+0000", "artistId": 552, "songId": 6126506, "state": "MN", "style": "ROCK", "latitude": 46.44186, "longitude": -93.36552}, {"playDate": "2018-03-22T00:18:23.000+0000", "artistId": 552, "songId": 16106511, "state": "CA", "style": "ROCK", "latitude": 37.271873, "longitude": -119.27042}], "totalRecordsCount": 1999}