{"plays": [{"playDate": "2018-03-14T00:00:08.000+0000", "artistId": 552, "songId": 6126508, "state": "AZ", "style": "ROCK", "latitude": 34.168217, "longitude": -111.93091}, {"playDate": "2018-03-14T00:00:21.000+0000", "artistId": 552, "songId": 6126515, "state": "NJ", "style": "ROCK", "latitude": 40.143005, "longitude": -74.73112}, {"playDate": "2018-03-14T00:01:50.000+0000", "artistId": 552, "songId": 6126506, "state": "IL", "style": "ROCK", "latitude": 39.73932, "longitude": -89.50414}, {"playDate": "2018-03-14T00:01:59.000+0000", "artistId": 552, "songId": 6126506, "state": "IL", "style": "ROCK", "latitude": 39.73932, "longitude": -89.50414}, {"playDate": "2018-03-14T00:02:06.000+0000", "artistId": 552, "songId": 6126501, "state": "AK", "style": "ROCK", "latitude": 61.3025, "longitude": -158.77502}, {"playDate": "2018-03-14T00:02:39.000+0000", "artistId": 552, "songId": 6126505, "state": "PA", "style": "ROCK", "latitude": 40.994595, "longitude": -77.6047}, {"playDate": "2018-03-14T00:04:02.000+0000", "artistId": 552, "songId": 6126506, "state": "TN", "style": "ROCK", "latitude": 35.83052, "longitude": -85.9786}, {"playDate": "2018-03-14T00:04:10.000+0000", "artistId": 552, "songId": 6126504, "state": "NY", "style": "ROCK", "latitude": 40.705627, "longitude": -73.97968}, {"playDate": "2018-03-14T00:06:14.000+0000", "artistId": 552, "songId": 6126517, "state": "MO", "style": "ROCK", "latitude": 38.30466, "longitude": -92.437096}, {"playDate": "2018-03-14T00:06:43.000+0000", "artistId": 552, "songId": 56181304, "state": "PA", "style": "ROCK", "latitude": 40.994595, "longitude": -77.6047}, {"playDate": "2018-03-14T00:07:29.000+0000", "artistId": 552, "songId": 56181310, "state": "IL", "style": "ROCK", "latitude": 39.73932, "longitude": -89.50414}, {"playDate": "2018-03-14T00:07:56.000+0000", "artistId": 552, "songId": 16106511, "state": "PA", "style": "ROCK", "latitude": 40.994595, "longitude": -77.6047}, {"playDate": "2018-03-14T00:08:02.000+0000", "artistId": 552, "songId": 78950405, "state": "CA", "style": "ROCK", "latitude": 37.271873, "longitude": -119.27042}, {"playDate": "2018-03-14T00:08:07.000+0000", "artistId": 552, "songId": 16106511, "state": "PA", "style": "ROCK", "latitude": 40.994595, "longitude": -77.6047}, {"playDate": "2018-03-14T00:08:32.000+0000", "artistId": 552, "songId": 6126506, "state": "CA", "style": "ROCK", "latitude": 37.271873, "longitude": -119.27042}, {"playDate": "2018-03-14T00:09:38.000+0000", "artistId": 552, "songId": 6126506, "state": "FL", "style": "ROCK", "latitude": 27.975727, "longitude": -83.833015}, {"playDate": "2018-03-14T00:09:46.000+0000", "artistId": 552, "songId": 16106511, "state": "ND", "style": "ROCK", "latitude": 47.46788, "longitude": -100.30227}, {"playDate": "2018-03-14T00:10:12.000+0000", "artistId": 552, "songId": 16106511, "state": "TX", "style": "ROCK", "latitude": 31.169336, "longitude": -100.07684}, {"playDate": "2018-03-14T00:10:21.000+0000", "artistId": 552, "songId": 6126506, "state": "CA", "style": "ROCK", "latitude": 37.271873, "longitude": -119.27042}, {"playDate": "2018-03-14T00:12:57.000+0000", "artistId": 552, "songId": 6126501, "state": "SC", "style": "ROCK", "latitude": 33.62505, "longitude": -80.94704}], "totalRecordsCount": 1724}