{"plays": [{"playDate": "2018-03-05T00:02:25.000+0000", "artistId": 552, "songId": 6126508, "state": "CA", "style": "ROCK", "latitude": 37.271873, "longitude": -119.27042}, {"playDate": "2018-03-05T00:06:23.000+0000", "artistId": 552, "songId": 6131102, "state": "NJ", "style": "ROCK", "latitude": 40.143005, "longitude": -74.73112}, {"playDate": "2018-03-05T00:07:09.000+0000", "artistId": 552, "songId": 16103702, "state": "QC", "style": "ROCK", "latitude": 49.82258, "longitude": -64.34799}, {"playDate": "2018-03-05T00:08:05.000+0000", "artistId": 552, "songId": 16103702, "state": "OR", "style": "ROCK", "latitude": 44.141907, "longitude": -120.5381}, {"playDate": "2018-03-05T00:08:53.000+0000", "artistId": 552, "songId": 16103702, "state": "VT", "style": "ROCK", "latitude": 43.871754, "longitude": -72.447784}, {"playDate": "2018-03-05T00:10:12.000+0000", "artistId": 552, "songId": 6126508, "state": "MI", "style": "ROCK", "latitude": 44.94356, "longitude": -86.4158}, {"playDate": "2018-03-05T00:10:34.000+0000", "artistId": 552, "songId": 6126504, "state": "ON", "style": "ROCK", "latitude": 44.566647, "longitude": -80.84998}, {"playDate": "2018-03-05T00:12:18.000+0000", "artistId": 552, "songId": 6126506, "state": "CA", "style": "ROCK", "latitude": 37.271873, "longitude": -119.27042}, {"playDate": "2018-03-05T00:13:03.000+0000", "artistId": 552, "songId": 6126505, "state": "NJ", "style": "ROCK", "latitude": 40.143005, "longitude": -74.73112}, {"playDate": "2018-03-05T00:13:27.000+0000", "artistId": 552, "songId": 6126501, "state": "IL", "style": "ROCK", "latitude": 39.73932, "longitude": -89.50414}, {"playDate": "2018-03-05T00:14:05.000+0000", "artistId": 552, "songId": 16103801, "state": "QC", "style": "ROCK", "latitude": 49.82258, "longitude": -64.34799}, {"playDate": "2018-03-05T00:15:03.000+0000", "artistId": 552, "songId": 6126505, "state": "MN", "style": "ROCK", "latitude": 46.44186, "longitude": -93.36552}, {"playDate": "2018-03-05T00:15:34.000+0000", "artistId": 552, "songId": 16106511, "state": "NC", "style": "ROCK", "latitude": 35.21456, "longitude": -79.891266}, {"playDate": "2018-03-05T00:15:47.000+0000", "artistId": 552, "songId": 56181304, "state": "NE", "style": "ROCK", "latitude": 41.50082, "longitude": -99.6809}, {"playDate": "2018-03-05T00:16:50.000+0000", "artistId": 552, "songId": 16106401, "state": "IN", "style": "ROCK", "latitude": 39.76622, "longitude": -86.44128}, {"playDate": "2018-03-05T00:18:32.000+0000", "artistId": 552, "songId": 56181310, "state": "MN", "style": "ROCK", "latitude": 46.44186, "longitude": -93.36552}, {"playDate": "2018-03-05T00:18:43.000+0000", "artistId": 552, "songId": 16123306, "state": "LA", "style": "ROCK", "latitude": 30.973377, "longitude": -91.42991}, {"playDate": "2018-03-05T00:21:11.000+0000", "artistId": 552, "songId": 6126506, "state": "PA", "style": "ROCK", "latitude": 40.994595, "longitude": -77.6047}, {"playDate": "2018-03-05T00:21:57.000+0000", "artistId": 552, "songId": 6126516, "state": "TX", "style": "ROCK", "latitude": 31.169336, "longitude": -100.07684}, {"playDate": "2018-03-05T00:22:14.000+0000", "artistId": 552, "songId": 16106511, "state": "ND", "style": "ROCK", "latitude": 47.46788, "longitude": -100.30227}], "totalRecordsCount": 1727}