{"plays": [{"playDate": "2018-03-11T00:00:51.000+0000", "artistId": 552, "songId": 6126506, "state": "NY", "style": "ROCK", "latitude": 40.705627, "longitude": -73.97968}, {"playDate": "2018-03-11T00:01:06.000+0000", "artistId": 552, "songId": 6126503, "state": "IL", "style": "ROCK", "latitude": 39.73932, "longitude": -89.50414}, {"playDate": "2018-03-11T00:01:11.000+0000", "artistId": 552, "songId": 6126504, "state": "IA", "style": "ROCK", "latitude": 41.938316, "longitude": -93.3898}, {"playDate": "2018-03-11T00:01:11.000+0000", "artistId": 552, "songId": 6126504, "state": "IA", "style": "ROCK", "latitude": 41.938316, "longitude": -93.3898}, {"playDate": "2018-03-11T00:01:41.000+0000", "artistId": 552, "songId": 6126503, "state": "LA", "style": "ROCK", "latitude": 30.973377, "longitude": -91.42991}, {"playDate": "2018-03-11T00:01:44.000+0000", "artistId": 552, "songId": 16106511, "state": "WI", "style": "ROCK", "latitude": 44.786297, "longitude": -89.826706}, {"playDate": "2018-03-11T00:01:47.000+0000", "artistId": 552, "songId": 6126515, "state": "ND", "style": "ROCK", "latitude": 47.46788, "longitude": -100.30227}, {"playDate": "2018-03-11T00:02:16.000+0000", "artistId": 552, "songId": 16103717, "state": "IL", "style": "ROCK", "latitude": 39.73932, "longitude": -89.50414}, {"playDate": "2018-03-11T00:02:17.000+0000", "artistId": 552, "songId": 6126506, "state": "PA", "style": "ROCK", "latitude": 40.994595, "longitude": -77.6047}, {"playDate": "2018-03-11T00:02:35.000+0000", "artistId": 552, "songId": 6126506, "state": "IN", "style": "ROCK", "latitude": 39.76622, "longitude": -86.44128}, {"playDate": "2018-03-11T00:03:43.000+0000", "artistId": 552, "songId": 16110407, "state": "CA", "style": "ROCK", "latitude": 37.271873, "longitude": -119.27042}, {"playDate": "2018-03-11T00:04:02.000+0000", "artistId": 552, "songId": 6126505, "state": "AZ", "style": "ROCK", "latitude": 34.168217, "longitude": -111.93091}, {"playDate": "2018-03-11T00:04:19.000+0000", "artistId": 552, "songId": 16106511, "state": "MI", "style": "ROCK", "latitude": 44.94356, "longitude": -86.4158}, {"playDate": "2018-03-11T00:04:22.000+0000", "artistId": 552, "songId": 6126506, "state": "PA", "style": "ROCK", "latitude": 40.994595, "longitude": -77.6047}, {"playDate": "2018-03-11T00:04:43.000+0000", "artistId": 552, "songId": 6126517, "state": "AL", "style": "ROCK", "latitude": 32.60101, "longitude": -86.68073}, {"playDate": "2018-03-11T00:04:55.000+0000", "artistId": 552, "songId": 6126506, "state": "IL", "style": "ROCK", "latitude": 39.73932, "longitude": -89.50414}, {"playDate": "2018-03-11T00:06:10.000+0000", "artistId": 552, "songId": 6126508, "state": "IA", "style": "ROCK", "latitude": 41.938316, "longitude": -93.3898}, {"playDate": "2018-03-11T00:06:18.000+0000", "artistId": 552, "songId": 6126506, "state": "MO", "style": "ROCK", "latitude": 38.30466, "longitude": -92.437096}, {"playDate": "2018-03-11T00:06:34.000+0000", "artistId": 552, "songId": 6126506, "state": "MO", "style": "ROCK", "latitude": 38.30466, "longitude": -92.437096}, {"playDate": "2018-03-11T00:06:44.000+0000", "artistId": 552, "songId": 16103601, "state": "OH", "style": "ROCK", "latitude": 40.19036, "longitude": -82.66925}], "totalRecordsCount": 1893}