{"plays": [{"playDate": "2018-03-31T00:00:06.000+0000", "artistId": 552, "songId": 6126506, "state": "NY", "style": "ROCK", "latitude": 40.705627, "longitude": -73.97968}, {"playDate": "2018-03-31T00:00:15.000+0000", "artistId": 552, "songId": 16106511, "state": "NJ", "style": "ROCK", "latitude": 40.143005, "longitude": -74.73112}, {"playDate": "2018-03-31T00:01:00.000+0000", "artistId": 552, "songId": 6126506, "state": "TX", "style": "ROCK", "latitude": 31.169336, "longitude": -100.07684}, {"playDate": "2018-03-31T00:01:17.000+0000", "artistId": 552, "songId": 6126517, "state": "PA", "style": "ROCK", "latitude": 40.994595, "longitude": -77.6047}, {"playDate": "2018-03-31T00:01:59.000+0000", "artistId": 552, "songId": 6126506, "state": "IL", "style": "ROCK", "latitude": 39.73932, "longitude": -89.50414}, {"playDate": "2018-03-31T00:02:14.000+0000", "artistId": 552, "songId": 6126517, "state": "OH", "style": "ROCK", "latitude": 40.19036, "longitude": -82.66925}, {"playDate": "2018-03-31T00:02:51.000+0000", "artistId": 552, "songId": 6126506, "state": "IL", "style": "ROCK", "latitude": 39.73932, "longitude": -89.50414}, {"playDate": "2018-03-31T00:03:01.000+0000", "artistId": 552, "songId": 16103506, "state": "PA", "style": "ROCK", "latitude": 40.994595, "longitude": -77.6047}, {"playDate": "2018-03-31T00:03:02.000+0000", "artistId": 552, "songId": 6126517, "state": "TX", "style": "ROCK", "latitude": 31.169336, "longitude": -100.07684}, {"playDate": "2018-03-31T00:03:04.000+0000", "artistId": 552, "songId": 6126503, "state": "NY", "style": "ROCK", "latitude": 40.705627, "longitude": -73.97968}, {"playDate": "2018-03-31T00:04:08.000+0000", "artistId": 552, "songId": 56181309, "state": "OH", "style": "ROCK", "latitude": 40.19036, "longitude": -82.66925}, {"playDate": "2018-03-31T00:04:45.000+0000", "artistId": 552, "songId": 6126506, "state": "MI", "style": "ROCK", "latitude": 44.94356, "longitude": -86.4158}, {"playDate": "2018-03-31T00:04:51.000+0000", "artistId": 552, "songId": 6126506, "state": "OR", "style": "ROCK", "latitude": 44.141907, "longitude": -120.5381}, {"playDate": "2018-03-31T00:05:37.000+0000", "artistId": 552, "songId": 16106511, "state": "NC", "style": "ROCK", "latitude": 35.21456, "longitude": -79.891266}, {"playDate": "2018-03-31T00:05:41.000+0000", "artistId": 552, "songId": 16106511, "state": "MN", "style": "ROCK", "latitude": 46.44186, "longitude": -93.36552}, {"playDate": "2018-03-31T00:05:49.000+0000", "artistId": 552, "songId": 6126503, "state": "IA", "style": "ROCK", "latitude": 41.938316, "longitude": -93.3898}, {"playDate": "2018-03-31T00:05:53.000+0000", "artistId": 552, "songId": 6126506, "state": "IL", "style": "ROCK", "latitude": 39.73932, "longitude": -89.50414}, {"playDate": "2018-03-31T00:06:44.000+0000", "artistId": 552, "songId": 16106511, "state": "ME", "style": "ROCK", "latitude": 45.218513, "longitude": -69.01486}, {"playDate": "2018-03-31T00:06:50.000+0000", "artistId": 552, "songId": 6126506, "state": "PA", "style": "ROCK", "latitude": 40.994595, "longitude": -77.6047}, {"playDate": "2018-03-31T00:06:55.000+0000", "artistId": 552, "songId": 16106511, "state": "OH", "style": "ROCK", "latitude": 40.19036, "longitude": -82.66925}], "totalRecordsCount": 2242}