{"plays": [{"playDate": "2018-03-03T00:00:23.000+0000", "artistId": 552, "songId": 16106511, "state": "NY", "style": "ROCK", "latitude": 40.705627, "longitude": -73.97968}, {"playDate": "2018-03-03T00:00:36.000+0000", "artistId": 552, "songId": 6126504, "state": "WI", "style": "ROCK", "latitude": 44.786297, "longitude": -89.826706}, {"playDate": "2018-03-03T00:01:04.000+0000", "artistId": 552, "songId": 6126506, "state": "IL", "style": "ROCK", "latitude": 39.73932, "longitude": -89.50414}, {"playDate": "2018-03-03T00:01:39.000+0000", "artistId": 552, "songId": 16106511, "state": "IA", "style": "ROCK", "latitude": 41.938316, "longitude": -93.3898}, {"playDate": "2018-03-03T00:01:58.000+0000", "artistId": 552, "songId": 6126506, "state": "PA", "style": "ROCK", "latitude": 40.994595, "longitude": -77.6047}, {"playDate": "2018-03-03T00:02:04.000+0000", "artistId": 552, "songId": 16106511, "state": "IN", "style": "ROCK", "latitude": 39.76622, "longitude": -86.44128}, {"playDate": "2018-03-03T00:02:14.000+0000", "artistId": 552, "songId": 16123301, "state": "OR", "style": "ROCK", "latitude": 44.141907, "longitude": -120.5381}, {"playDate": "2018-03-03T00:02:16.000+0000", "artistId": 552, "songId": 6126506, "state": "NE", "style": "ROCK", "latitude": 41.50082, "longitude": -99.6809}, {"playDate": "2018-03-03T00:02:16.000+0000", "artistId": 552, "songId": 6126506, "state": "NE", "style": "ROCK", "latitude": 41.50082, "longitude": -99.6809}, {"playDate": "2018-03-03T00:02:45.000+0000", "artistId": 552, "songId": 6126506, "state": "WI", "style": "ROCK", "latitude": 44.786297, "longitude": -89.826706}, {"playDate": "2018-03-03T00:02:55.000+0000", "artistId": 552, "songId": 6126506, "state": "PA", "style": "ROCK", "latitude": 40.994595, "longitude": -77.6047}, {"playDate": "2018-03-03T00:02:57.000+0000", "artistId": 552, "songId": 6126506, "state": "AB", "style": "ROCK", "latitude": 53.016697, "longitude": -112.816635}, {"playDate": "2018-03-03T00:03:03.000+0000", "artistId": 552, "songId": 6126506, "state": "IL", "style": "ROCK", "latitude": 39.73932, "longitude": -89.50414}, {"playDate": "2018-03-03T00:03:06.000+0000", "artistId": 552, "songId": 16123306, "state": "QC", "style": "ROCK", "latitude": 49.82258, "longitude": -64.34799}, {"playDate": "2018-03-03T00:03:29.000+0000", "artistId": 552, "songId": 6126506, "state": "SD", "style": "ROCK", "latitude": 44.2127, "longitude": -100.24716}, {"playDate": "2018-03-03T00:04:01.000+0000", "artistId": 552, "songId": 6126506, "state": "QC", "style": "ROCK", "latitude": 49.82258, "longitude": -64.34799}, {"playDate": "2018-03-03T00:04:13.000+0000", "artistId": 552, "songId": 6126506, "state": "CO", "style": "ROCK", "latitude": 38.997932, "longitude": -105.55057}, {"playDate": "2018-03-03T00:04:16.000+0000", "artistId": 552, "songId": 6126503, "state": "OH", "style": "ROCK", "latitude": 40.19036, "longitude": -82.66925}, {"playDate": "2018-03-03T00:04:17.000+0000", "artistId": 552, "songId": 56181309, "state": "OH", "style": "ROCK", "latitude": 40.19036, "longitude": -82.66925}, {"playDate": "2018-03-03T00:05:09.000+0000", "artistId": 552, "songId": 16106511, "state": "IN", "style": "ROCK", "latitude": 39.76622, "longitude": -86.44128}], "totalRecordsCount": 2483}